Country Code,Country Name,Indicator Code,Indicator Name,Year,Value
ARE,United Arab Emirates,NY.GDP.MKTP.KD.ZG,GDP growth (annual %),2024,3.99181200361831
ARE,United Arab Emirates,NY.GDP.MKTP.KD.ZG,GDP growth (annual %),2023,4.30113648499413
ARE,United Arab Emirates,NY.GDP.MKTP.KD.ZG,GDP growth (annual %),2022,7.51452414254605
ARE,United Arab Emirates,NY.GDP.MKTP.KD.ZG,GDP growth (annual %),2021,4.55280140106356
ARE,United Arab Emirates,NY.GDP.MKTP.KD.ZG,GDP growth (annual %),2020,-8.69343363776639
ARE,United Arab Emirates,NY.GDP.MKTP.KD.ZG,GDP growth (annual %),2019,1.27129120536284
ARE,United Arab Emirates,NY.GDP.MKTP.KD.ZG,GDP growth (annual %),2018,1.53720634021511
ARE,United Arab Emirates,NY.GDP.MKTP.KD.ZG,GDP growth (annual %),2017,-1.06137114472548
ARE,United Arab Emirates,NY.GDP.MKTP.KD.ZG,GDP growth (annual %),2016,5.65790147196586
ARE,United Arab Emirates,NY.GDP.MKTP.KD.ZG,GDP growth (annual %),2015,7.08766622657654
AUS,Australia,NY.GDP.MKTP.KD.ZG,GDP growth (annual %),2025,1.35039785076631
AUS,Australia,NY.GDP.MKTP.KD.ZG,GDP growth (annual %),2024,1.37340773365975
AUS,Australia,NY.GDP.MKTP.KD.ZG,GDP growth (annual %),2023,3.58382100798981
AUS,Australia,NY.GDP.MKTP.KD.ZG,GDP growth (annual %),2022,4.25304559238732
AUS,Australia,NY.GDP.MKTP.KD.ZG,GDP growth (annual %),2021,2.00694844335034
AUS,Australia,NY.GDP.MKTP.KD.ZG,GDP growth (annual %),2020,-0.133531904304775
AUS,Australia,NY.GDP.MKTP.KD.ZG,GDP growth (annual %),2019,2.19401703622717
AUS,Australia,NY.GDP.MKTP.KD.ZG,GDP growth (annual %),2018,2.87417039499501
AUS,Australia,NY.GDP.MKTP.KD.ZG,GDP growth (annual %),2017,2.29331030192918
AUS,Australia,NY.GDP.MKTP.KD.ZG,GDP growth (annual %),2016,2.75564065529868
AUS,Australia,NY.GDP.MKTP.KD.ZG,GDP growth (annual %),2015,2.16434780647852
BEL,Belgium,NY.GDP.MKTP.KD.ZG,GDP growth (annual %),2025,0.983117967125935
BEL,Belgium,NY.GDP.MKTP.KD.ZG,GDP growth (annual %),2024,1.09775383828703
BEL,Belgium,NY.GDP.MKTP.KD.ZG,GDP growth (annual %),2023,1.56125539542029
BEL,Belgium,NY.GDP.MKTP.KD.ZG,GDP growth (annual %),2022,4.02460852835887
BEL,Belgium,NY.GDP.MKTP.KD.ZG,GDP growth (annual %),2021,6.25445686466593
BEL,Belgium,NY.GDP.MKTP.KD.ZG,GDP growth (annual %),2020,-4.7929839083518
BEL,Belgium,NY.GDP.MKTP.KD.ZG,GDP growth (annual %),2019,2.4428900448156
BEL,Belgium,NY.GDP.MKTP.KD.ZG,GDP growth (annual %),2018,1.87796847383565
BEL,Belgium,NY.GDP.MKTP.KD.ZG,GDP growth (annual %),2017,1.47446761556785
BEL,Belgium,NY.GDP.MKTP.KD.ZG,GDP growth (annual %),2016,1.19350273007754
BEL,Belgium,NY.GDP.MKTP.KD.ZG,GDP growth (annual %),2015,1.47416433731927
BGR,Bulgaria,NY.GDP.MKTP.KD.ZG,GDP growth (annual %),2025,3.0963663917961
BGR,Bulgaria,NY.GDP.MKTP.KD.ZG,GDP growth (annual %),2024,3.38708962009333
BGR,Bulgaria,NY.GDP.MKTP.KD.ZG,GDP growth (annual %),2023,1.68151075832925
BGR,Bulgaria,NY.GDP.MKTP.KD.ZG,GDP growth (annual %),2022,4.08386398118941
BGR,Bulgaria,NY.GDP.MKTP.KD.ZG,GDP growth (annual %),2021,7.82817310703665
BGR,Bulgaria,NY.GDP.MKTP.KD.ZG,GDP growth (annual %),2020,-3.13323543125917
BGR,Bulgaria,NY.GDP.MKTP.KD.ZG,GDP growth (annual %),2019,3.79331964589196
BGR,Bulgaria,NY.GDP.MKTP.KD.ZG,GDP growth (annual %),2018,2.33015054210419
BGR,Bulgaria,NY.GDP.MKTP.KD.ZG,GDP growth (annual %),2017,2.74592737750996
BGR,Bulgaria,NY.GDP.MKTP.KD.ZG,GDP growth (annual %),2016,3.02662820096305
BGR,Bulgaria,NY.GDP.MKTP.KD.ZG,GDP growth (annual %),2015,3.39755351999294
BHR,Bahrain,NY.GDP.MKTP.KD.ZG,GDP growth (annual %),2025,3.48137573668635
BHR,Bahrain,NY.GDP.MKTP.KD.ZG,GDP growth (annual %),2024,2.89710543153512
BHR,Bahrain,NY.GDP.MKTP.KD.ZG,GDP growth (annual %),2023,3.87811614845566
BHR,Bahrain,NY.GDP.MKTP.KD.ZG,GDP growth (annual %),2022,6.18016125475185
BHR,Bahrain,NY.GDP.MKTP.KD.ZG,GDP growth (annual %),2021,4.35004091668986
BHR,Bahrain,NY.GDP.MKTP.KD.ZG,GDP growth (annual %),2020,-5.9113629524152
BHR,Bahrain,NY.GDP.MKTP.KD.ZG,GDP growth (annual %),2019,2.05287774418655
BHR,Bahrain,NY.GDP.MKTP.KD.ZG,GDP growth (annual %),2018,2.05258864979861
BHR,Bahrain,NY.GDP.MKTP.KD.ZG,GDP growth (annual %),2017,4.95383534123657
BHR,Bahrain,NY.GDP.MKTP.KD.ZG,GDP growth (annual %),2016,3.81499327422425
BHR,Bahrain,NY.GDP.MKTP.KD.ZG,GDP growth (annual %),2015,2.50787205267615
CAN,Canada,NY.GDP.MKTP.KD.ZG,GDP growth (annual %),2025,1.74268536175708
CAN,Canada,NY.GDP.MKTP.KD.ZG,GDP growth (annual %),2024,2.04626605401701
CAN,Canada,NY.GDP.MKTP.KD.ZG,GDP growth (annual %),2023,1.95308552199025
CAN,Canada,NY.GDP.MKTP.KD.ZG,GDP growth (annual %),2022,4.69541985045903
CAN,Canada,NY.GDP.MKTP.KD.ZG,GDP growth (annual %),2021,5.95052804984759
CAN,Canada,NY.GDP.MKTP.KD.ZG,GDP growth (annual %),2020,-5.03823342794087
CAN,Canada,NY.GDP.MKTP.KD.ZG,GDP growth (annual %),2019,1.90843193887251
CAN,Canada,NY.GDP.MKTP.KD.ZG,GDP growth (annual %),2018,2.74296341402246
CAN,Canada,NY.GDP.MKTP.KD.ZG,GDP growth (annual %),2017,3.03383491841392
CAN,Canada,NY.GDP.MKTP.KD.ZG,GDP growth (annual %),2016,1.03855091989323
CAN,Canada,NY.GDP.MKTP.KD.ZG,GDP growth (annual %),2015,0.64997101491096
B8,Central Europe and the Baltics,NY.GDP.MKTP.KD.ZG,GDP growth (annual %),2025,2.36701156809835
B8,Central Europe and the Baltics,NY.GDP.MKTP.KD.ZG,GDP growth (annual %),2024,2.09534007010555
B8,Central Europe and the Baltics,NY.GDP.MKTP.KD.ZG,GDP growth (annual %),2023,0.720328299990356
B8,Central Europe and the Baltics,NY.GDP.MKTP.KD.ZG,GDP growth (annual %),2022,4.03989151407053
B8,Central Europe and the Baltics,NY.GDP.MKTP.KD.ZG,GDP growth (annual %),2021,6.57271679525719
B8,Central Europe and the Baltics,NY.GDP.MKTP.KD.ZG,GDP growth (annual %),2020,-3.30110758026468
B8,Central Europe and the Baltics,NY.GDP.MKTP.KD.ZG,GDP growth (annual %),2019,4.03232614160713
B8,Central Europe and the Baltics,NY.GDP.MKTP.KD.ZG,GDP growth (annual %),2018,4.95337220818838
B8,Central Europe and the Baltics,NY.GDP.MKTP.KD.ZG,GDP growth (annual %),2017,5.10713071566526
B8,Central Europe and the Baltics,NY.GDP.MKTP.KD.ZG,GDP growth (annual %),2016,2.80724942330426
B8,Central Europe and the Baltics,NY.GDP.MKTP.KD.ZG,GDP growth (annual %),2015,4.0016836383322
CHN,China,NY.GDP.MKTP.KD.ZG,GDP growth (annual %),2025,4.95994886240992
CHN,China,NY.GDP.MKTP.KD.ZG,GDP growth (annual %),2024,4.95830378788091
CHN,China,NY.GDP.MKTP.KD.ZG,GDP growth (annual %),2023,5.41600334492955
CHN,China,NY.GDP.MKTP.KD.ZG,GDP growth (annual %),2022,3.13385438394069
CHN,China,NY.GDP.MKTP.KD.ZG,GDP growth (annual %),2021,8.57038414981781
CHN,China,NY.GDP.MKTP.KD.ZG,GDP growth (annual %),2020,2.33950385203023
CHN,China,NY.GDP.MKTP.KD.ZG,GDP growth (annual %),2019,6.06737806333672
CHN,China,NY.GDP.MKTP.KD.ZG,GDP growth (annual %),2018,6.757806142324
CHN,China,NY.GDP.MKTP.KD.ZG,GDP growth (annual %),2017,6.89123916636191
CHN,China,NY.GDP.MKTP.KD.ZG,GDP growth (annual %),2016,6.7736886867727
CHN,China,NY.GDP.MKTP.KD.ZG,GDP growth (annual %),2015,6.98162255562367
CYP,Cyprus,NY.GDP.MKTP.KD.ZG,GDP growth (annual %),2025,3.77325347982725
CYP,Cyprus,NY.GDP.MKTP.KD.ZG,GDP growth (annual %),2024,3.94076934447787
CYP,Cyprus,NY.GDP.MKTP.KD.ZG,GDP growth (annual %),2023,3.62045368236082
CYP,Cyprus,NY.GDP.MKTP.KD.ZG,GDP growth (annual %),2022,8.73854684881674
CYP,Cyprus,NY.GDP.MKTP.KD.ZG,GDP growth (annual %),2021,11.3975590801512
CYP,Cyprus,NY.GDP.MKTP.KD.ZG,GDP growth (annual %),2020,-3.22063018637567
CYP,Cyprus,NY.GDP.MKTP.KD.ZG,GDP growth (annual %),2019,5.87559583386607
CYP,Cyprus,NY.GDP.MKTP.KD.ZG,GDP growth (annual %),2018,6.27166360056404
CYP,Cyprus,NY.GDP.MKTP.KD.ZG,GDP growth (annual %),2017,5.75083236554525
CYP,Cyprus,NY.GDP.MKTP.KD.ZG,GDP growth (annual %),2016,6.57359080924678
CYP,Cyprus,NY.GDP.MKTP.KD.ZG,GDP growth (annual %),2015,3.41892038889013
CZE,Czechia,NY.GDP.MKTP.KD.ZG,GDP growth (annual %),2025,2.58046673293437
CZE,Czechia,NY.GDP.MKTP.KD.ZG,GDP growth (annual %),2024,1.25131096245923
CZE,Czechia,NY.GDP.MKTP.KD.ZG,GDP growth (annual %),2023,0.0475803308973752
CZE,Czechia,NY.GDP.MKTP.KD.ZG,GDP growth (annual %),2022,2.8471706583814
CZE,Czechia,NY.GDP.MKTP.KD.ZG,GDP growth (annual %),2021,4.02901832055149
CZE,Czechia,NY.GDP.MKTP.KD.ZG,GDP growth (annual %),2020,-5.30487955463876
CZE,Czechia,NY.GDP.MKTP.KD.ZG,GDP growth (annual %),2019,3.56577658128261
CZE,Czechia,NY.GDP.MKTP.KD.ZG,GDP growth (annual %),2018,2.83030588267866
CZE,Czechia,NY.GDP.MKTP.KD.ZG,GDP growth (annual %),2017,5.17356529967881
CZE,Czechia,NY.GDP.MKTP.KD.ZG,GDP growth (annual %),2016,2.58087013921376
CZE,Czechia,NY.GDP.MKTP.KD.ZG,GDP growth (annual %),2015,4.95875848915604
DEU,Germany,NY.GDP.MKTP.KD.ZG,GDP growth (annual %),2025,0.239578342117881
DEU,Germany,NY.GDP.MKTP.KD.ZG,GDP growth (annual %),2024,-0.495851897260366
DEU,Germany,NY.GDP.MKTP.KD.ZG,GDP growth (annual %),2023,-0.869647578573321
DEU,Germany,NY.GDP.MKTP.KD.ZG,GDP growth (annual %),2022,1.8092581243061
DEU,Germany,NY.GDP.MKTP.KD.ZG,GDP growth (annual %),2021,3.90999994204108
DEU,Germany,NY.GDP.MKTP.KD.ZG,GDP growth (annual %),2020,-4.13191443239947
DEU,Germany,NY.GDP.MKTP.KD.ZG,GDP growth (annual %),2019,0.977734697038784
DEU,Germany,NY.GDP.MKTP.KD.ZG,GDP growth (annual %),2018,1.13569604599849
DEU,Germany,NY.GDP.MKTP.KD.ZG,GDP growth (annual %),2017,2.797906720551
DEU,Germany,NY.GDP.MKTP.KD.ZG,GDP growth (annual %),2016,2.22222216259371
DEU,Germany,NY.GDP.MKTP.KD.ZG,GDP growth (annual %),2015,1.66300602334775
DNK,Denmark,NY.GDP.MKTP.KD.ZG,GDP growth (annual %),2025,2.92843280014236
DNK,Denmark,NY.GDP.MKTP.KD.ZG,GDP growth (annual %),2024,3.47783593140312
DNK,Denmark,NY.GDP.MKTP.KD.ZG,GDP growth (annual %),2023,0.604587766175584
DNK,Denmark,NY.GDP.MKTP.KD.ZG,GDP growth (annual %),2022,0.443832614908331
DNK,Denmark,NY.GDP.MKTP.KD.ZG,GDP growth (annual %),2021,6.50025445756295
DNK,Denmark,NY.GDP.MKTP.KD.ZG,GDP growth (annual %),2020,-1.78010601831291
DNK,Denmark,NY.GDP.MKTP.KD.ZG,GDP growth (annual %),2019,1.71140093932736
DNK,Denmark,NY.GDP.MKTP.KD.ZG,GDP growth (annual %),2018,1.8600074900921
DNK,Denmark,NY.GDP.MKTP.KD.ZG,GDP growth (annual %),2017,3.05647723922718
DNK,Denmark,NY.GDP.MKTP.KD.ZG,GDP growth (annual %),2016,3.07304549209093
DNK,Denmark,NY.GDP.MKTP.KD.ZG,GDP growth (annual %),2015,2.10441456445301
Z4,East Asia & Pacific,NY.GDP.MKTP.KD.ZG,GDP growth (annual %),2025,3.99734138634533
Z4,East Asia & Pacific,NY.GDP.MKTP.KD.ZG,GDP growth (annual %),2024,3.72534172801831
Z4,East Asia & Pacific,NY.GDP.MKTP.KD.ZG,GDP growth (annual %),2023,4.07119548974431
Z4,East Asia & Pacific,NY.GDP.MKTP.KD.ZG,GDP growth (annual %),2022,3.05155877820648
Z4,East Asia & Pacific,NY.GDP.MKTP.KD.ZG,GDP growth (annual %),2021,6.48037639158159
Z4,East Asia & Pacific,NY.GDP.MKTP.KD.ZG,GDP growth (annual %),2020,-0.0906651751610497
Z4,East Asia & Pacific,NY.GDP.MKTP.KD.ZG,GDP growth (annual %),2019,4.04090596808282
Z4,East Asia & Pacific,NY.GDP.MKTP.KD.ZG,GDP growth (annual %),2018,4.81200310102888
Z4,East Asia & Pacific,NY.GDP.MKTP.KD.ZG,GDP growth (annual %),2017,5.03667021498299
Z4,East Asia & Pacific,NY.GDP.MKTP.KD.ZG,GDP growth (annual %),2016,4.63114688285732
Z4,East Asia & Pacific,NY.GDP.MKTP.KD.ZG,GDP growth (annual %),2015,4.75890325549717
7E,Europe & Central Asia (excluding high income),NY.GDP.MKTP.KD.ZG,GDP growth (annual %),2025,4.20093767131738
7E,Europe & Central Asia (excluding high income),NY.GDP.MKTP.KD.ZG,GDP growth (annual %),2024,4.05695234474402
7E,Europe & Central Asia (excluding high income),NY.GDP.MKTP.KD.ZG,GDP growth (annual %),2023,5.05062997543834
7E,Europe & Central Asia (excluding high income),NY.GDP.MKTP.KD.ZG,GDP growth (annual %),2022,3.11188050867233
7E,Europe & Central Asia (excluding high income),NY.GDP.MKTP.KD.ZG,GDP growth (annual %),2021,9.27987062914227
7E,Europe & Central Asia (excluding high income),NY.GDP.MKTP.KD.ZG,GDP growth (annual %),2020,0.29079640989535
7E,Europe & Central Asia (excluding high income),NY.GDP.MKTP.KD.ZG,GDP growth (annual %),2019,2.61922676231219
7E,Europe & Central Asia (excluding high income),NY.GDP.MKTP.KD.ZG,GDP growth (annual %),2018,3.78753357770429
7E,Europe & Central Asia (excluding high income),NY.GDP.MKTP.KD.ZG,GDP growth (annual %),2017,6.00896760124667
7E,Europe & Central Asia (excluding high income),NY.GDP.MKTP.KD.ZG,GDP growth (annual %),2016,2.85797309720172
7E,Europe & Central Asia (excluding high income),NY.GDP.MKTP.KD.ZG,GDP growth (annual %),2015,3.4855285083172
EGY,Egypt,NY.GDP.MKTP.KD.ZG,GDP growth (annual %),2025,4.39201068570188
EGY,Egypt,NY.GDP.MKTP.KD.ZG,GDP growth (annual %),2024,2.3991692678251
EGY,Egypt,NY.GDP.MKTP.KD.ZG,GDP growth (annual %),2023,3.76028052279247
EGY,Egypt,NY.GDP.MKTP.KD.ZG,GDP growth (annual %),2022,6.58784560870467
EGY,Egypt,NY.GDP.MKTP.KD.ZG,GDP growth (annual %),2021,3.29064601193245
EGY,Egypt,NY.GDP.MKTP.KD.ZG,GDP growth (annual %),2020,3.55016483883115
EGY,Egypt,NY.GDP.MKTP.KD.ZG,GDP growth (annual %),2019,5.55209307084222
EGY,Egypt,NY.GDP.MKTP.KD.ZG,GDP growth (annual %),2018,5.33110861887155
EGY,Egypt,NY.GDP.MKTP.KD.ZG,GDP growth (annual %),2017,4.18122099961562
EGY,Egypt,NY.GDP.MKTP.KD.ZG,GDP growth (annual %),2016,4.34664345601914
EGY,Egypt,NY.GDP.MKTP.KD.ZG,GDP growth (annual %),2015,4.37201907781687
XC,Euro area,NY.GDP.MKTP.KD.ZG,GDP growth (annual %),2025,1.41107242318353
XC,Euro area,NY.GDP.MKTP.KD.ZG,GDP growth (annual %),2024,0.938707263867073
XC,Euro area,NY.GDP.MKTP.KD.ZG,GDP growth (annual %),2023,0.460070365687699
XC,Euro area,NY.GDP.MKTP.KD.ZG,GDP growth (annual %),2022,3.66468497532753
XC,Euro area,NY.GDP.MKTP.KD.ZG,GDP growth (annual %),2021,6.44349747359811
XC,Euro area,NY.GDP.MKTP.KD.ZG,GDP growth (annual %),2020,-6.04374915754508
XC,Euro area,NY.GDP.MKTP.KD.ZG,GDP growth (annual %),2019,1.63208944796722
XC,Euro area,NY.GDP.MKTP.KD.ZG,GDP growth (annual %),2018,1.78229304985051
XC,Euro area,NY.GDP.MKTP.KD.ZG,GDP growth (annual %),2017,2.62315671239708
XC,Euro area,NY.GDP.MKTP.KD.ZG,GDP growth (annual %),2016,1.80681433573471
XC,Euro area,NY.GDP.MKTP.KD.ZG,GDP growth (annual %),2015,2.14894477032594
EST,Estonia,NY.GDP.MKTP.KD.ZG,GDP growth (annual %),2025,0.584308464789387
EST,Estonia,NY.GDP.MKTP.KD.ZG,GDP growth (annual %),2024,-0.0900428648493801
EST,Estonia,NY.GDP.MKTP.KD.ZG,GDP growth (annual %),2023,-2.74421914571231
EST,Estonia,NY.GDP.MKTP.KD.ZG,GDP growth (annual %),2022,-1.22616966587796
EST,Estonia,NY.GDP.MKTP.KD.ZG,GDP growth (annual %),2021,8.25488044580031
EST,Estonia,NY.GDP.MKTP.KD.ZG,GDP growth (annual %),2020,-2.88380751483778
EST,Estonia,NY.GDP.MKTP.KD.ZG,GDP growth (annual %),2019,3.72664943466884
EST,Estonia,NY.GDP.MKTP.KD.ZG,GDP growth (annual %),2018,3.69969756161726
EST,Estonia,NY.GDP.MKTP.KD.ZG,GDP growth (annual %),2017,5.63467248963991
EST,Estonia,NY.GDP.MKTP.KD.ZG,GDP growth (annual %),2016,3.09301920751959
EST,Estonia,NY.GDP.MKTP.KD.ZG,GDP growth (annual %),2015,1.83815262882932
FIN,Finland,NY.GDP.MKTP.KD.ZG,GDP growth (annual %),2025,0.173444509584499
FIN,Finland,NY.GDP.MKTP.KD.ZG,GDP growth (annual %),2024,0.374566568538427
FIN,Finland,NY.GDP.MKTP.KD.ZG,GDP growth (annual %),2023,-1.28973484453397
FIN,Finland,NY.GDP.MKTP.KD.ZG,GDP growth (annual %),2022,0.763041912763526
FIN,Finland,NY.GDP.MKTP.KD.ZG,GDP growth (annual %),2021,2.67634641498897
FIN,Finland,NY.GDP.MKTP.KD.ZG,GDP growth (annual %),2020,-2.49103605535707
FIN,Finland,NY.GDP.MKTP.KD.ZG,GDP growth (annual %),2019,1.34973845741737
FIN,Finland,NY.GDP.MKTP.KD.ZG,GDP growth (annual %),2018,1.19297759742292
FIN,Finland,NY.GDP.MKTP.KD.ZG,GDP growth (annual %),2017,3.30337003591039
FIN,Finland,NY.GDP.MKTP.KD.ZG,GDP growth (annual %),2016,2.57193414898754
FIN,Finland,NY.GDP.MKTP.KD.ZG,GDP growth (annual %),2015,0.466503766322674
FRA,France,NY.GDP.MKTP.KD.ZG,GDP growth (annual %),2025,0.840949955479587
FRA,France,NY.GDP.MKTP.KD.ZG,GDP growth (annual %),2024,1.19046798275883
FRA,France,NY.GDP.MKTP.KD.ZG,GDP growth (annual %),2023,1.43921494437743
FRA,France,NY.GDP.MKTP.KD.ZG,GDP growth (annual %),2022,2.71676264185913
FRA,France,NY.GDP.MKTP.KD.ZG,GDP growth (annual %),2021,6.88233783360239
FRA,France,NY.GDP.MKTP.KD.ZG,GDP growth (annual %),2020,-7.44064589948231
FRA,France,NY.GDP.MKTP.KD.ZG,GDP growth (annual %),2019,2.02744646419237
FRA,France,NY.GDP.MKTP.KD.ZG,GDP growth (annual %),2018,1.64590872395887
FRA,France,NY.GDP.MKTP.KD.ZG,GDP growth (annual %),2017,2.08361485997399
FRA,France,NY.GDP.MKTP.KD.ZG,GDP growth (annual %),2016,0.860031075424033
FRA,France,NY.GDP.MKTP.KD.ZG,GDP growth (annual %),2015,1.06675474783462
GB,United Kingdom,NY.GDP.MKTP.KD.ZG,GDP growth (annual %),2025,1.38844207858726
GB,United Kingdom,NY.GDP.MKTP.KD.ZG,GDP growth (annual %),2024,1.08027716858781
GB,United Kingdom,NY.GDP.MKTP.KD.ZG,GDP growth (annual %),2023,0.271650048355255
GB,United Kingdom,NY.GDP.MKTP.KD.ZG,GDP growth (annual %),2022,5.14970388522993
GB,United Kingdom,NY.GDP.MKTP.KD.ZG,GDP growth (annual %),2021,8.5431118453255
GB,United Kingdom,NY.GDP.MKTP.KD.ZG,GDP growth (annual %),2020,-10.047896637362
GB,United Kingdom,NY.GDP.MKTP.KD.ZG,GDP growth (annual %),2019,1.25629899760824
GB,United Kingdom,NY.GDP.MKTP.KD.ZG,GDP growth (annual %),2018,1.55133095078786
GB,United Kingdom,NY.GDP.MKTP.KD.ZG,GDP growth (annual %),2017,3.02322219840339
GB,United Kingdom,NY.GDP.MKTP.KD.ZG,GDP growth (annual %),2016,2.20652020635357
GB,United Kingdom,NY.GDP.MKTP.KD.ZG,GDP growth (annual %),2015,2.14040560033371
HKG,Hong Kong,NY.GDP.MKTP.KD.ZG,GDP growth (annual %),2025,3.48764886355949
HKG,Hong Kong,NY.GDP.MKTP.KD.ZG,GDP growth (annual %),2024,2.62936861207362
HKG,Hong Kong,NY.GDP.MKTP.KD.ZG,GDP growth (annual %),2023,3.15034461759902
HKG,Hong Kong,NY.GDP.MKTP.KD.ZG,GDP growth (annual %),2022,-3.68528359281325
HKG,Hong Kong,NY.GDP.MKTP.KD.ZG,GDP growth (annual %),2021,6.45443038333934
HKG,Hong Kong,NY.GDP.MKTP.KD.ZG,GDP growth (annual %),2020,-6.54479640529367
HKG,Hong Kong,NY.GDP.MKTP.KD.ZG,GDP growth (annual %),2019,-1.67242865968056
HKG,Hong Kong,NY.GDP.MKTP.KD.ZG,GDP growth (annual %),2018,2.84690922660509
HKG,Hong Kong,NY.GDP.MKTP.KD.ZG,GDP growth (annual %),2017,3.79610937243891
HKG,Hong Kong,NY.GDP.MKTP.KD.ZG,GDP growth (annual %),2016,2.17544820327555
HKG,Hong Kong,NY.GDP.MKTP.KD.ZG,GDP growth (annual %),2015,2.38780116013344
HUN,Hungary,NY.GDP.MKTP.KD.ZG,GDP growth (annual %),2025,0.509542309726868
HUN,Hungary,NY.GDP.MKTP.KD.ZG,GDP growth (annual %),2024,0.709070599066038
HUN,Hungary,NY.GDP.MKTP.KD.ZG,GDP growth (annual %),2023,-0.817107370513455
HUN,Hungary,NY.GDP.MKTP.KD.ZG,GDP growth (annual %),2022,4.15238057779229
HUN,Hungary,NY.GDP.MKTP.KD.ZG,GDP growth (annual %),2021,7.22291580811137
HUN,Hungary,NY.GDP.MKTP.KD.ZG,GDP growth (annual %),2020,-4.33872540024058
HUN,Hungary,NY.GDP.MKTP.KD.ZG,GDP growth (annual %),2019,5.07718495088933
HUN,Hungary,NY.GDP.MKTP.KD.ZG,GDP growth (annual %),2018,5.60613813768876
HUN,Hungary,NY.GDP.MKTP.KD.ZG,GDP growth (annual %),2017,4.12418389451805
HUN,Hungary,NY.GDP.MKTP.KD.ZG,GDP growth (annual %),2016,2.43864141309342
HUN,Hungary,NY.GDP.MKTP.KD.ZG,GDP growth (annual %),2015,3.65981615406955
IDN,Indonesia,NY.GDP.MKTP.KD.ZG,GDP growth (annual %),2025,5.10808904438025
IDN,Indonesia,NY.GDP.MKTP.KD.ZG,GDP growth (annual %),2024,5.03257477088519
IDN,Indonesia,NY.GDP.MKTP.KD.ZG,GDP growth (annual %),2023,5.04883117855516
IDN,Indonesia,NY.GDP.MKTP.KD.ZG,GDP growth (annual %),2022,5.30719722664799
IDN,Indonesia,NY.GDP.MKTP.KD.ZG,GDP growth (annual %),2021,3.70288562827751
IDN,Indonesia,NY.GDP.MKTP.KD.ZG,GDP growth (annual %),2020,-2.06551182934165
IDN,Indonesia,NY.GDP.MKTP.KD.ZG,GDP growth (annual %),2019,5.01928768046282
IDN,Indonesia,NY.GDP.MKTP.KD.ZG,GDP growth (annual %),2018,5.17429153955024
IDN,Indonesia,NY.GDP.MKTP.KD.ZG,GDP growth (annual %),2017,5.06978590134916
IDN,Indonesia,NY.GDP.MKTP.KD.ZG,GDP growth (annual %),2016,5.03306918280177
IDN,Indonesia,NY.GDP.MKTP.KD.ZG,GDP growth (annual %),2015,4.87632230022123
IND,India,NY.GDP.MKTP.KD.ZG,GDP growth (annual %),2025,7.56666179284244
IND,India,NY.GDP.MKTP.KD.ZG,GDP growth (annual %),2024,7.09927893176518
IND,India,NY.GDP.MKTP.KD.ZG,GDP growth (annual %),2023,7.210224629335
IND,India,NY.GDP.MKTP.KD.ZG,GDP growth (annual %),2022,7.6093649776932
IND,India,NY.GDP.MKTP.KD.ZG,GDP growth (annual %),2021,9.68959249191741
IND,India,NY.GDP.MKTP.KD.ZG,GDP growth (annual %),2020,-5.77772470687303
IND,India,NY.GDP.MKTP.KD.ZG,GDP growth (annual %),2019,3.87143694070524
IND,India,NY.GDP.MKTP.KD.ZG,GDP growth (annual %),2018,6.45385134495295
IND,India,NY.GDP.MKTP.KD.ZG,GDP growth (annual %),2017,6.79538341902422
IND,India,NY.GDP.MKTP.KD.ZG,GDP growth (annual %),2016,8.25630550176662
IND,India,NY.GDP.MKTP.KD.ZG,GDP growth (annual %),2015,7.99625378567987
IRL,Ireland,NY.GDP.MKTP.KD.ZG,GDP growth (annual %),2025,12.3375990291434
IRL,Ireland,NY.GDP.MKTP.KD.ZG,GDP growth (annual %),2024,2.59946721553708
IRL,Ireland,NY.GDP.MKTP.KD.ZG,GDP growth (annual %),2023,-2.53637409313261
IRL,Ireland,NY.GDP.MKTP.KD.ZG,GDP growth (annual %),2022,7.51113888415304
IRL,Ireland,NY.GDP.MKTP.KD.ZG,GDP growth (annual %),2021,16.2581881158197
IRL,Ireland,NY.GDP.MKTP.KD.ZG,GDP growth (annual %),2020,7.15369505735335
IRL,Ireland,NY.GDP.MKTP.KD.ZG,GDP growth (annual %),2019,4.97288003766816
IRL,Ireland,NY.GDP.MKTP.KD.ZG,GDP growth (annual %),2018,7.68865937437435
IRL,Ireland,NY.GDP.MKTP.KD.ZG,GDP growth (annual %),2017,10.1088576065965
IRL,Ireland,NY.GDP.MKTP.KD.ZG,GDP growth (annual %),2016,1.22271661130947
IRL,Ireland,NY.GDP.MKTP.KD.ZG,GDP growth (annual %),2015,24.6239856364006
ISL,Iceland,NY.GDP.MKTP.KD.ZG,GDP growth (annual %),2025,1.27946207863934
ISL,Iceland,NY.GDP.MKTP.KD.ZG,GDP growth (annual %),2024,-1.2828764442695
ISL,Iceland,NY.GDP.MKTP.KD.ZG,GDP growth (annual %),2023,5.0322597376242
ISL,Iceland,NY.GDP.MKTP.KD.ZG,GDP growth (annual %),2022,8.85729897856851
ISL,Iceland,NY.GDP.MKTP.KD.ZG,GDP growth (annual %),2021,5.18057190719905
ISL,Iceland,NY.GDP.MKTP.KD.ZG,GDP growth (annual %),2020,-6.64587810456635
ISL,Iceland,NY.GDP.MKTP.KD.ZG,GDP growth (annual %),2019,1.13821227336888
ISL,Iceland,NY.GDP.MKTP.KD.ZG,GDP growth (annual %),2018,4.66077036232377
ISL,Iceland,NY.GDP.MKTP.KD.ZG,GDP growth (annual %),2017,3.48506704155555
ISL,Iceland,NY.GDP.MKTP.KD.ZG,GDP growth (annual %),2016,6.21808764670307
ISL,Iceland,NY.GDP.MKTP.KD.ZG,GDP growth (annual %),2015,3.76859020213645
ISR,Israel,NY.GDP.MKTP.KD.ZG,GDP growth (annual %),2025,2.93114966387968
ISR,Israel,NY.GDP.MKTP.KD.ZG,GDP growth (annual %),2024,0.953618469238535
ISR,Israel,NY.GDP.MKTP.KD.ZG,GDP growth (annual %),2023,2.06272504731618
ISR,Israel,NY.GDP.MKTP.KD.ZG,GDP growth (annual %),2022,6.36407234798706
ISR,Israel,NY.GDP.MKTP.KD.ZG,GDP growth (annual %),2021,9.33534690236249
ISR,Israel,NY.GDP.MKTP.KD.ZG,GDP growth (annual %),2020,-1.80206927953466
ISR,Israel,NY.GDP.MKTP.KD.ZG,GDP growth (annual %),2019,3.57898762923605
ISR,Israel,NY.GDP.MKTP.KD.ZG,GDP growth (annual %),2018,4.05349952888294
ISR,Israel,NY.GDP.MKTP.KD.ZG,GDP growth (annual %),2017,4.34394518932547
ISR,Israel,NY.GDP.MKTP.KD.ZG,GDP growth (annual %),2016,4.53601939236572
ISR,Israel,NY.GDP.MKTP.KD.ZG,GDP growth (annual %),2015,2.23599889603805
ITA,Italy,NY.GDP.MKTP.KD.ZG,GDP growth (annual %),2025,0.539583636778445
ITA,Italy,NY.GDP.MKTP.KD.ZG,GDP growth (annual %),2024,0.783039135276795
ITA,Italy,NY.GDP.MKTP.KD.ZG,GDP growth (annual %),2023,0.922796543670316
ITA,Italy,NY.GDP.MKTP.KD.ZG,GDP growth (annual %),2022,4.82117669913565
ITA,Italy,NY.GDP.MKTP.KD.ZG,GDP growth (annual %),2021,8.93106210800055
ITA,Italy,NY.GDP.MKTP.KD.ZG,GDP growth (annual %),2020,-8.86822122185345
ITA,Italy,NY.GDP.MKTP.KD.ZG,GDP growth (annual %),2019,0.429162533780342
ITA,Italy,NY.GDP.MKTP.KD.ZG,GDP growth (annual %),2018,0.826646712344115
ITA,Italy,NY.GDP.MKTP.KD.ZG,GDP growth (annual %),2017,1.60369995294101
ITA,Italy,NY.GDP.MKTP.KD.ZG,GDP growth (annual %),2016,1.23622108511661
ITA,Italy,NY.GDP.MKTP.KD.ZG,GDP growth (annual %),2015,0.885667635240807
KAZ,Kazakhstan,NY.GDP.MKTP.KD.ZG,GDP growth (annual %),2025,6.5
KAZ,Kazakhstan,NY.GDP.MKTP.KD.ZG,GDP growth (annual %),2024,4.99999999996936
KAZ,Kazakhstan,NY.GDP.MKTP.KD.ZG,GDP growth (annual %),2023,5.09999999973641
KAZ,Kazakhstan,NY.GDP.MKTP.KD.ZG,GDP growth (annual %),2022,3.19999999970734
KAZ,Kazakhstan,NY.GDP.MKTP.KD.ZG,GDP growth (annual %),2021,4.29999999729456
KAZ,Kazakhstan,NY.GDP.MKTP.KD.ZG,GDP growth (annual %),2020,-2.49999999628
KAZ,Kazakhstan,NY.GDP.MKTP.KD.ZG,GDP growth (annual %),2019,4.50000000091883
KAZ,Kazakhstan,NY.GDP.MKTP.KD.ZG,GDP growth (annual %),2018,4.09999999309841
KAZ,Kazakhstan,NY.GDP.MKTP.KD.ZG,GDP growth (annual %),2017,4.10000000257358
KAZ,Kazakhstan,NY.GDP.MKTP.KD.ZG,GDP growth (annual %),2016,1.09999999910173
KAZ,Kazakhstan,NY.GDP.MKTP.KD.ZG,GDP growth (annual %),2015,1.20000000053288
KEN,Kenya,NY.GDP.MKTP.KD.ZG,GDP growth (annual %),2025,4.63261093844984
KEN,Kenya,NY.GDP.MKTP.KD.ZG,GDP growth (annual %),2024,4.66019594571891
KEN,Kenya,NY.GDP.MKTP.KD.ZG,GDP growth (annual %),2023,5.71999241214208
KEN,Kenya,NY.GDP.MKTP.KD.ZG,GDP growth (annual %),2022,4.85998104287999
KEN,Kenya,NY.GDP.MKTP.KD.ZG,GDP growth (annual %),2021,7.59048947333467
KEN,Kenya,NY.GDP.MKTP.KD.ZG,GDP growth (annual %),2020,-0.272766327438816
KEN,Kenya,NY.GDP.MKTP.KD.ZG,GDP growth (annual %),2019,5.11415885767801
KEN,Kenya,NY.GDP.MKTP.KD.ZG,GDP growth (annual %),2018,5.64794640709219
KEN,Kenya,NY.GDP.MKTP.KD.ZG,GDP growth (annual %),2017,3.83795817364721
KEN,Kenya,NY.GDP.MKTP.KD.ZG,GDP growth (annual %),2016,4.21351706814744
KEN,Kenya,NY.GDP.MKTP.KD.ZG,GDP growth (annual %),2015,4.96772112759767
KWT,Kuwait,NY.GDP.MKTP.KD.ZG,GDP growth (annual %),2025,2.731825804492
KWT,Kuwait,NY.GDP.MKTP.KD.ZG,GDP growth (annual %),2024,-1.47401818168846
KWT,Kuwait,NY.GDP.MKTP.KD.ZG,GDP growth (annual %),2023,-1.64087799968877
KWT,Kuwait,NY.GDP.MKTP.KD.ZG,GDP growth (annual %),2022,6.75866711966617
KWT,Kuwait,NY.GDP.MKTP.KD.ZG,GDP growth (annual %),2021,1.67213054307859
KWT,Kuwait,NY.GDP.MKTP.KD.ZG,GDP growth (annual %),2020,-4.81731593381585
KWT,Kuwait,NY.GDP.MKTP.KD.ZG,GDP growth (annual %),2019,2.26381706595791
KWT,Kuwait,NY.GDP.MKTP.KD.ZG,GDP growth (annual %),2018,2.74333045031415
KWT,Kuwait,NY.GDP.MKTP.KD.ZG,GDP growth (annual %),2017,-4.71222270495362
KWT,Kuwait,NY.GDP.MKTP.KD.ZG,GDP growth (annual %),2016,2.92607584256388
KWT,Kuwait,NY.GDP.MKTP.KD.ZG,GDP growth (annual %),2015,0.592770817217982
ZJ,Latin America & Caribbean,NY.GDP.MKTP.KD.ZG,GDP growth (annual %),2025,2.32153204967842
ZJ,Latin America & Caribbean,NY.GDP.MKTP.KD.ZG,GDP growth (annual %),2024,2.25497168830525
ZJ,Latin America & Caribbean,NY.GDP.MKTP.KD.ZG,GDP growth (annual %),2023,2.20678468368602
ZJ,Latin America & Caribbean,NY.GDP.MKTP.KD.ZG,GDP growth (annual %),2022,4.09058657203177
ZJ,Latin America & Caribbean,NY.GDP.MKTP.KD.ZG,GDP growth (annual %),2021,7.07608139571873
ZJ,Latin America & Caribbean,NY.GDP.MKTP.KD.ZG,GDP growth (annual %),2020,-6.85943781930433
ZJ,Latin America & Caribbean,NY.GDP.MKTP.KD.ZG,GDP growth (annual %),2019,0.317364964426716
ZJ,Latin America & Caribbean,NY.GDP.MKTP.KD.ZG,GDP growth (annual %),2018,1.22291785556858
ZJ,Latin America & Caribbean,NY.GDP.MKTP.KD.ZG,GDP growth (annual %),2017,1.55352771899284
ZJ,Latin America & Caribbean,NY.GDP.MKTP.KD.ZG,GDP growth (annual %),2016,-0.730974962811146
ZJ,Latin America & Caribbean,NY.GDP.MKTP.KD.ZG,GDP growth (annual %),2015,0.239853960080666
LTU,Lithuania,NY.GDP.MKTP.KD.ZG,GDP growth (annual %),2025,2.92007656461696
LTU,Lithuania,NY.GDP.MKTP.KD.ZG,GDP growth (annual %),2024,3.03019543767596
LTU,Lithuania,NY.GDP.MKTP.KD.ZG,GDP growth (annual %),2023,0.739537398185803
LTU,Lithuania,NY.GDP.MKTP.KD.ZG,GDP growth (annual %),2022,2.46532013155011
LTU,Lithuania,NY.GDP.MKTP.KD.ZG,GDP growth (annual %),2021,6.39481772930206
LTU,Lithuania,NY.GDP.MKTP.KD.ZG,GDP growth (annual %),2020,0.0428158336981426
LTU,Lithuania,NY.GDP.MKTP.KD.ZG,GDP growth (annual %),2019,4.67735183530451
LTU,Lithuania,NY.GDP.MKTP.KD.ZG,GDP growth (annual %),2018,4.91836780106811
LTU,Lithuania,NY.GDP.MKTP.KD.ZG,GDP growth (annual %),2017,4.61224310312809
LTU,Lithuania,NY.GDP.MKTP.KD.ZG,GDP growth (annual %),2016,2.67192215053329
LTU,Lithuania,NY.GDP.MKTP.KD.ZG,GDP growth (annual %),2015,2.83280643343234
LVA,Latvia,NY.GDP.MKTP.KD.ZG,GDP growth (annual %),2025,2.13786855731288
LVA,Latvia,NY.GDP.MKTP.KD.ZG,GDP growth (annual %),2024,-0.0370556648288982
LVA,Latvia,NY.GDP.MKTP.KD.ZG,GDP growth (annual %),2023,-0.941606068823631
LVA,Latvia,NY.GDP.MKTP.KD.ZG,GDP growth (annual %),2022,1.90853419029801
LVA,Latvia,NY.GDP.MKTP.KD.ZG,GDP growth (annual %),2021,6.94254173062592
LVA,Latvia,NY.GDP.MKTP.KD.ZG,GDP growth (annual %),2020,-3.46922750780554
LVA,Latvia,NY.GDP.MKTP.KD.ZG,GDP growth (annual %),2019,0.675372771884227
LVA,Latvia,NY.GDP.MKTP.KD.ZG,GDP growth (annual %),2018,4.30971286294503
LVA,Latvia,NY.GDP.MKTP.KD.ZG,GDP growth (annual %),2017,3.39894872623931
LVA,Latvia,NY.GDP.MKTP.KD.ZG,GDP growth (annual %),2016,2.55168601974034
LVA,Latvia,NY.GDP.MKTP.KD.ZG,GDP growth (annual %),2015,3.78336712084972
MAC,Macao,NY.GDP.MKTP.KD.ZG,GDP growth (annual %),2025,4.67106705680436
MAC,Macao,NY.GDP.MKTP.KD.ZG,GDP growth (annual %),2024,7.84960207010525
MAC,Macao,NY.GDP.MKTP.KD.ZG,GDP growth (annual %),2023,75.3084184293413
MAC,Macao,NY.GDP.MKTP.KD.ZG,GDP growth (annual %),2022,-18.956941494497
MAC,Macao,NY.GDP.MKTP.KD.ZG,GDP growth (annual %),2021,22.4622020023362
MAC,Macao,NY.GDP.MKTP.KD.ZG,GDP growth (annual %),2020,-54.4020925789353
MAC,Macao,NY.GDP.MKTP.KD.ZG,GDP growth (annual %),2019,-2.4609094006739
MAC,Macao,NY.GDP.MKTP.KD.ZG,GDP growth (annual %),2018,6.35917030567686
MAC,Macao,NY.GDP.MKTP.KD.ZG,GDP growth (annual %),2017,9.91855844513513
MAC,Macao,NY.GDP.MKTP.KD.ZG,GDP growth (annual %),2016,-0.701510212552961
MAC,Macao,NY.GDP.MKTP.KD.ZG,GDP growth (annual %),2015,-21.7540078753246
MAR,Morocco,NY.GDP.MKTP.KD.ZG,GDP growth (annual %),2025,4.59524349182247
MAR,Morocco,NY.GDP.MKTP.KD.ZG,GDP growth (annual %),2024,3.79336515978963
MAR,Morocco,NY.GDP.MKTP.KD.ZG,GDP growth (annual %),2023,3.65564411017931
MAR,Morocco,NY.GDP.MKTP.KD.ZG,GDP growth (annual %),2022,1.81269242194809
MAR,Morocco,NY.GDP.MKTP.KD.ZG,GDP growth (annual %),2021,8.15473889823681
MAR,Morocco,NY.GDP.MKTP.KD.ZG,GDP growth (annual %),2020,-7.17820744246774
MAR,Morocco,NY.GDP.MKTP.KD.ZG,GDP growth (annual %),2019,2.89097476137077
MAR,Morocco,NY.GDP.MKTP.KD.ZG,GDP growth (annual %),2018,3.06564133025955
MAR,Morocco,NY.GDP.MKTP.KD.ZG,GDP growth (annual %),2017,5.05789816173446
MAR,Morocco,NY.GDP.MKTP.KD.ZG,GDP growth (annual %),2016,0.52118550608968
MAR,Morocco,NY.GDP.MKTP.KD.ZG,GDP growth (annual %),2015,4.34458297635238
MEX,Mexico,NY.GDP.MKTP.KD.ZG,GDP growth (annual %),2025,0.561683456144578
MEX,Mexico,NY.GDP.MKTP.KD.ZG,GDP growth (annual %),2024,1.35057631384696
MEX,Mexico,NY.GDP.MKTP.KD.ZG,GDP growth (annual %),2023,3.1067964131456
MEX,Mexico,NY.GDP.MKTP.KD.ZG,GDP growth (annual %),2022,3.70975708309098
MEX,Mexico,NY.GDP.MKTP.KD.ZG,GDP growth (annual %),2021,6.04848347173572
MEX,Mexico,NY.GDP.MKTP.KD.ZG,GDP growth (annual %),2020,-8.35403459379062
MEX,Mexico,NY.GDP.MKTP.KD.ZG,GDP growth (annual %),2019,-0.392690513290532
MEX,Mexico,NY.GDP.MKTP.KD.ZG,GDP growth (annual %),2018,1.97208211101069
MEX,Mexico,NY.GDP.MKTP.KD.ZG,GDP growth (annual %),2017,1.87172854648381
MEX,Mexico,NY.GDP.MKTP.KD.ZG,GDP growth (annual %),2016,1.7724932254128
MEX,Mexico,NY.GDP.MKTP.KD.ZG,GDP growth (annual %),2015,2.70232343024026
MKD,North Macedonia,NY.GDP.MKTP.KD.ZG,GDP growth (annual %),2025,3.48706619829503
MKD,North Macedonia,NY.GDP.MKTP.KD.ZG,GDP growth (annual %),2024,2.99373536567732
MKD,North Macedonia,NY.GDP.MKTP.KD.ZG,GDP growth (annual %),2023,2.554965253403
MKD,North Macedonia,NY.GDP.MKTP.KD.ZG,GDP growth (annual %),2022,2.75888415332967
MKD,North Macedonia,NY.GDP.MKTP.KD.ZG,GDP growth (annual %),2021,4.51067949038222
MKD,North Macedonia,NY.GDP.MKTP.KD.ZG,GDP growth (annual %),2020,-4.68845000956652
MKD,North Macedonia,NY.GDP.MKTP.KD.ZG,GDP growth (annual %),2019,3.91041953840173
MKD,North Macedonia,NY.GDP.MKTP.KD.ZG,GDP growth (annual %),2018,2.88059670964267
MKD,North Macedonia,NY.GDP.MKTP.KD.ZG,GDP growth (annual %),2017,1.08177273813243
MKD,North Macedonia,NY.GDP.MKTP.KD.ZG,GDP growth (annual %),2016,2.84820519363306
MKD,North Macedonia,NY.GDP.MKTP.KD.ZG,GDP growth (annual %),2015,3.85586514041738
XQ,"Middle East, North Africa, Afghanistan & Pakistan (excluding high income)",NY.GDP.MKTP.KD.ZG,GDP growth (annual %),2025,1.99549507789871
XQ,"Middle East, North Africa, Afghanistan & Pakistan (excluding high income)",NY.GDP.MKTP.KD.ZG,GDP growth (annual %),2024,2.26137020265979
XQ,"Middle East, North Africa, Afghanistan & Pakistan (excluding high income)",NY.GDP.MKTP.KD.ZG,GDP growth (annual %),2023,2.89591827095839
XQ,"Middle East, North Africa, Afghanistan & Pakistan (excluding high income)",NY.GDP.MKTP.KD.ZG,GDP growth (annual %),2022,4.3206385298363
XQ,"Middle East, North Africa, Afghanistan & Pakistan (excluding high income)",NY.GDP.MKTP.KD.ZG,GDP growth (annual %),2021,4.33211957315503
XQ,"Middle East, North Africa, Afghanistan & Pakistan (excluding high income)",NY.GDP.MKTP.KD.ZG,GDP growth (annual %),2020,-2.61983985761596
XQ,"Middle East, North Africa, Afghanistan & Pakistan (excluding high income)",NY.GDP.MKTP.KD.ZG,GDP growth (annual %),2019,1.39546116127963
XQ,"Middle East, North Africa, Afghanistan & Pakistan (excluding high income)",NY.GDP.MKTP.KD.ZG,GDP growth (annual %),2018,2.09831066371866
XQ,"Middle East, North Africa, Afghanistan & Pakistan (excluding high income)",NY.GDP.MKTP.KD.ZG,GDP growth (annual %),2017,3.40247234432427
XQ,"Middle East, North Africa, Afghanistan & Pakistan (excluding high income)",NY.GDP.MKTP.KD.ZG,GDP growth (annual %),2016,5.56210361617076
XQ,"Middle East, North Africa, Afghanistan & Pakistan (excluding high income)",NY.GDP.MKTP.KD.ZG,GDP growth (annual %),2015,1.11561157880718
MNE,Montenegro,NY.GDP.MKTP.KD.ZG,GDP growth (annual %),2025,2.74455354258522
MNE,Montenegro,NY.GDP.MKTP.KD.ZG,GDP growth (annual %),2024,3.16409886329913
MNE,Montenegro,NY.GDP.MKTP.KD.ZG,GDP growth (annual %),2023,6.47836283518564
MNE,Montenegro,NY.GDP.MKTP.KD.ZG,GDP growth (annual %),2022,7.73954689516201
MNE,Montenegro,NY.GDP.MKTP.KD.ZG,GDP growth (annual %),2021,13.0462607426359
MNE,Montenegro,NY.GDP.MKTP.KD.ZG,GDP growth (annual %),2020,-14.9926187023533
MNE,Montenegro,NY.GDP.MKTP.KD.ZG,GDP growth (annual %),2019,4.39391565821528
MNE,Montenegro,NY.GDP.MKTP.KD.ZG,GDP growth (annual %),2018,4.73292113433965
MNE,Montenegro,NY.GDP.MKTP.KD.ZG,GDP growth (annual %),2017,3.21668504736274
MNE,Montenegro,NY.GDP.MKTP.KD.ZG,GDP growth (annual %),2016,3.4393056210999
MNE,Montenegro,NY.GDP.MKTP.KD.ZG,GDP growth (annual %),2015,2.52306333975571
MYS,Malaysia,NY.GDP.MKTP.KD.ZG,GDP growth (annual %),2025,5.17127082911057
MYS,Malaysia,NY.GDP.MKTP.KD.ZG,GDP growth (annual %),2024,5.10545921024041
MYS,Malaysia,NY.GDP.MKTP.KD.ZG,GDP growth (annual %),2023,3.5370638041057
MYS,Malaysia,NY.GDP.MKTP.KD.ZG,GDP growth (annual %),2022,9.03173723044451
MYS,Malaysia,NY.GDP.MKTP.KD.ZG,GDP growth (annual %),2021,3.31534954399166
MYS,Malaysia,NY.GDP.MKTP.KD.ZG,GDP growth (annual %),2020,-5.45684658426701
MYS,Malaysia,NY.GDP.MKTP.KD.ZG,GDP growth (annual %),2019,4.41318742129586
MYS,Malaysia,NY.GDP.MKTP.KD.ZG,GDP growth (annual %),2018,4.84308697634881
MYS,Malaysia,NY.GDP.MKTP.KD.ZG,GDP growth (annual %),2017,5.81272240983328
MYS,Malaysia,NY.GDP.MKTP.KD.ZG,GDP growth (annual %),2016,4.44978139761541
MYS,Malaysia,NY.GDP.MKTP.KD.ZG,GDP growth (annual %),2015,5.09153242155011
NLD,Netherlands,NY.GDP.MKTP.KD.ZG,GDP growth (annual %),2025,1.78463214703797
NLD,Netherlands,NY.GDP.MKTP.KD.ZG,GDP growth (annual %),2024,1.07383137319854
NLD,Netherlands,NY.GDP.MKTP.KD.ZG,GDP growth (annual %),2023,-0.598061017580278
NLD,Netherlands,NY.GDP.MKTP.KD.ZG,GDP growth (annual %),2022,5.00723453395074
NLD,Netherlands,NY.GDP.MKTP.KD.ZG,GDP growth (annual %),2021,6.27683593745216
NLD,Netherlands,NY.GDP.MKTP.KD.ZG,GDP growth (annual %),2020,-3.86799714191608
NLD,Netherlands,NY.GDP.MKTP.KD.ZG,GDP growth (annual %),2019,2.3001616053659
NLD,Netherlands,NY.GDP.MKTP.KD.ZG,GDP growth (annual %),2018,2.25873158164956
NLD,Netherlands,NY.GDP.MKTP.KD.ZG,GDP growth (annual %),2017,2.78150834679987
NLD,Netherlands,NY.GDP.MKTP.KD.ZG,GDP growth (annual %),2016,2.42428065449427
NLD,Netherlands,NY.GDP.MKTP.KD.ZG,GDP growth (annual %),2015,2.12064007193544
NOR,Norway,NY.GDP.MKTP.KD.ZG,GDP growth (annual %),2025,1.08528185031417
NOR,Norway,NY.GDP.MKTP.KD.ZG,GDP growth (annual %),2024,1.42372134524737
NOR,Norway,NY.GDP.MKTP.KD.ZG,GDP growth (annual %),2023,0.352695581319765
NOR,Norway,NY.GDP.MKTP.KD.ZG,GDP growth (annual %),2022,4.08039770659241
NOR,Norway,NY.GDP.MKTP.KD.ZG,GDP growth (annual %),2021,4.14314688769197
NOR,Norway,NY.GDP.MKTP.KD.ZG,GDP growth (annual %),2020,-1.36055723261586
NOR,Norway,NY.GDP.MKTP.KD.ZG,GDP growth (annual %),2019,1.46970781954143
NOR,Norway,NY.GDP.MKTP.KD.ZG,GDP growth (annual %),2018,1.1103912365576
NOR,Norway,NY.GDP.MKTP.KD.ZG,GDP growth (annual %),2017,2.66964474273466
NOR,Norway,NY.GDP.MKTP.KD.ZG,GDP growth (annual %),2016,1.29158732771135
NOR,Norway,NY.GDP.MKTP.KD.ZG,GDP growth (annual %),2015,2.04428845501438
NZL,New Zealand,NY.GDP.MKTP.KD.ZG,GDP growth (annual %),2025,0.462871830681081
NZL,New Zealand,NY.GDP.MKTP.KD.ZG,GDP growth (annual %),2024,-0.868722371893952
NZL,New Zealand,NY.GDP.MKTP.KD.ZG,GDP growth (annual %),2023,1.81389453412019
NZL,New Zealand,NY.GDP.MKTP.KD.ZG,GDP growth (annual %),2022,3.34521847792682
NZL,New Zealand,NY.GDP.MKTP.KD.ZG,GDP growth (annual %),2021,4.29916005216614
NZL,New Zealand,NY.GDP.MKTP.KD.ZG,GDP growth (annual %),2020,-0.240916114758988
NZL,New Zealand,NY.GDP.MKTP.KD.ZG,GDP growth (annual %),2019,2.32371708441623
NZL,New Zealand,NY.GDP.MKTP.KD.ZG,GDP growth (annual %),2018,3.32219666491432
NZL,New Zealand,NY.GDP.MKTP.KD.ZG,GDP growth (annual %),2017,3.31568621648204
NZL,New Zealand,NY.GDP.MKTP.KD.ZG,GDP growth (annual %),2016,3.7435247472109
NZL,New Zealand,NY.GDP.MKTP.KD.ZG,GDP growth (annual %),2015,3.72968312125018
OMN,Oman,NY.GDP.MKTP.KD.ZG,GDP growth (annual %),2025,2.39787382295398
OMN,Oman,NY.GDP.MKTP.KD.ZG,GDP growth (annual %),2024,1.63163231397978
OMN,Oman,NY.GDP.MKTP.KD.ZG,GDP growth (annual %),2023,1.41401383200161
OMN,Oman,NY.GDP.MKTP.KD.ZG,GDP growth (annual %),2022,7.98570728354278
OMN,Oman,NY.GDP.MKTP.KD.ZG,GDP growth (annual %),2021,2.5821749892893
OMN,Oman,NY.GDP.MKTP.KD.ZG,GDP growth (annual %),2020,-3.37972052697999
OMN,Oman,NY.GDP.MKTP.KD.ZG,GDP growth (annual %),2019,-1.12863801728058
OMN,Oman,NY.GDP.MKTP.KD.ZG,GDP growth (annual %),2018,1.28710391543288
OMN,Oman,NY.GDP.MKTP.KD.ZG,GDP growth (annual %),2017,0.304057565922449
OMN,Oman,NY.GDP.MKTP.KD.ZG,GDP growth (annual %),2016,5.04642394571691
OMN,Oman,NY.GDP.MKTP.KD.ZG,GDP growth (annual %),2015,5.01705799719045
PHL,Philippines,NY.GDP.MKTP.KD.ZG,GDP growth (annual %),2025,4.40240158710621
PHL,Philippines,NY.GDP.MKTP.KD.ZG,GDP growth (annual %),2024,5.71474526128652
PHL,Philippines,NY.GDP.MKTP.KD.ZG,GDP growth (annual %),2023,5.51894967856043
PHL,Philippines,NY.GDP.MKTP.KD.ZG,GDP growth (annual %),2022,7.58098212785563
PHL,Philippines,NY.GDP.MKTP.KD.ZG,GDP growth (annual %),2021,5.71473313185116
PHL,Philippines,NY.GDP.MKTP.KD.ZG,GDP growth (annual %),2020,-9.51829474045297
PHL,Philippines,NY.GDP.MKTP.KD.ZG,GDP growth (annual %),2019,6.11852566221303
PHL,Philippines,NY.GDP.MKTP.KD.ZG,GDP growth (annual %),2018,6.34148557153473
PHL,Philippines,NY.GDP.MKTP.KD.ZG,GDP growth (annual %),2017,6.9309883258402
PHL,Philippines,NY.GDP.MKTP.KD.ZG,GDP growth (annual %),2016,7.14945675000752
PHL,Philippines,NY.GDP.MKTP.KD.ZG,GDP growth (annual %),2015,6.34830971672761
POL,Poland,NY.GDP.MKTP.KD.ZG,GDP growth (annual %),2025,3.5727250346774
POL,Poland,NY.GDP.MKTP.KD.ZG,GDP growth (annual %),2024,3.02841630700273
POL,Poland,NY.GDP.MKTP.KD.ZG,GDP growth (annual %),2023,0.249610834017872
POL,Poland,NY.GDP.MKTP.KD.ZG,GDP growth (annual %),2022,5.25545697386036
POL,Poland,NY.GDP.MKTP.KD.ZG,GDP growth (annual %),2021,6.92718266052501
POL,Poland,NY.GDP.MKTP.KD.ZG,GDP growth (annual %),2020,-2.03556882399977
POL,Poland,NY.GDP.MKTP.KD.ZG,GDP growth (annual %),2019,4.58045817256199
POL,Poland,NY.GDP.MKTP.KD.ZG,GDP growth (annual %),2018,6.2458584723942
POL,Poland,NY.GDP.MKTP.KD.ZG,GDP growth (annual %),2017,5.15245773325907
POL,Poland,NY.GDP.MKTP.KD.ZG,GDP growth (annual %),2016,3.03117767594847
POL,Poland,NY.GDP.MKTP.KD.ZG,GDP growth (annual %),2015,4.43176700264478
QAT,Qatar,NY.GDP.MKTP.KD.ZG,GDP growth (annual %),2025,2.90166036660493
QAT,Qatar,NY.GDP.MKTP.KD.ZG,GDP growth (annual %),2024,3.10963283242745
QAT,Qatar,NY.GDP.MKTP.KD.ZG,GDP growth (annual %),2023,1.18715991623776
QAT,Qatar,NY.GDP.MKTP.KD.ZG,GDP growth (annual %),2022,4.18500970982862
QAT,Qatar,NY.GDP.MKTP.KD.ZG,GDP growth (annual %),2021,1.62684671918775
QAT,Qatar,NY.GDP.MKTP.KD.ZG,GDP growth (annual %),2020,-3.5576039896784
QAT,Qatar,NY.GDP.MKTP.KD.ZG,GDP growth (annual %),2019,0.688240954592672
QAT,Qatar,NY.GDP.MKTP.KD.ZG,GDP growth (annual %),2018,1.23487220191065
QAT,Qatar,NY.GDP.MKTP.KD.ZG,GDP growth (annual %),2017,-1.49760470227838
QAT,Qatar,NY.GDP.MKTP.KD.ZG,GDP growth (annual %),2016,3.06419188430156
QAT,Qatar,NY.GDP.MKTP.KD.ZG,GDP growth (annual %),2015,4.75334572438737
ROU,Romania,NY.GDP.MKTP.KD.ZG,GDP growth (annual %),2025,0.677829835052762
ROU,Romania,NY.GDP.MKTP.KD.ZG,GDP growth (annual %),2024,0.916003764382594
ROU,Romania,NY.GDP.MKTP.KD.ZG,GDP growth (annual %),2023,2.25773416555121
ROU,Romania,NY.GDP.MKTP.KD.ZG,GDP growth (annual %),2022,4.18771305104109
ROU,Romania,NY.GDP.MKTP.KD.ZG,GDP growth (annual %),2021,5.58735072538869
ROU,Romania,NY.GDP.MKTP.KD.ZG,GDP growth (annual %),2020,-3.59802546034757
ROU,Romania,NY.GDP.MKTP.KD.ZG,GDP growth (annual %),2019,3.96028958497598
ROU,Romania,NY.GDP.MKTP.KD.ZG,GDP growth (annual %),2018,5.39452228185675
ROU,Romania,NY.GDP.MKTP.KD.ZG,GDP growth (annual %),2017,8.19547826641261
ROU,Romania,NY.GDP.MKTP.KD.ZG,GDP growth (annual %),2016,2.85993252302089
ROU,Romania,NY.GDP.MKTP.KD.ZG,GDP growth (annual %),2015,3.1570360543854
RUS,Russia,NY.GDP.MKTP.KD.ZG,GDP growth (annual %),2025,1.00117656925738
RUS,Russia,NY.GDP.MKTP.KD.ZG,GDP growth (annual %),2024,4.92167966203073
RUS,Russia,NY.GDP.MKTP.KD.ZG,GDP growth (annual %),2023,4.06661395813023
RUS,Russia,NY.GDP.MKTP.KD.ZG,GDP growth (annual %),2022,-1.43537063467896
RUS,Russia,NY.GDP.MKTP.KD.ZG,GDP growth (annual %),2021,5.866491772979
RUS,Russia,NY.GDP.MKTP.KD.ZG,GDP growth (annual %),2020,-2.65365449695453
RUS,Russia,NY.GDP.MKTP.KD.ZG,GDP growth (annual %),2019,2.19807571381982
RUS,Russia,NY.GDP.MKTP.KD.ZG,GDP growth (annual %),2018,2.80634082046656
RUS,Russia,NY.GDP.MKTP.KD.ZG,GDP growth (annual %),2017,1.82670527549192
RUS,Russia,NY.GDP.MKTP.KD.ZG,GDP growth (annual %),2016,0.193671130698817
RUS,Russia,NY.GDP.MKTP.KD.ZG,GDP growth (annual %),2015,-1.9727192264298
8S,South Asia,NY.GDP.MKTP.KD.ZG,GDP growth (annual %),2025,7.12381420637792
8S,South Asia,NY.GDP.MKTP.KD.ZG,GDP growth (annual %),2024,6.75761201913679
8S,South Asia,NY.GDP.MKTP.KD.ZG,GDP growth (annual %),2023,6.7848640413625
8S,South Asia,NY.GDP.MKTP.KD.ZG,GDP growth (annual %),2022,7.10115392414392
8S,South Asia,NY.GDP.MKTP.KD.ZG,GDP growth (annual %),2021,9.24659959756499
8S,South Asia,NY.GDP.MKTP.KD.ZG,GDP growth (annual %),2020,-4.98750173652559
8S,South Asia,NY.GDP.MKTP.KD.ZG,GDP growth (annual %),2019,4.09454306534288
8S,South Asia,NY.GDP.MKTP.KD.ZG,GDP growth (annual %),2018,6.39366632555758
8S,South Asia,NY.GDP.MKTP.KD.ZG,GDP growth (annual %),2017,6.78411966009934
8S,South Asia,NY.GDP.MKTP.KD.ZG,GDP growth (annual %),2016,7.96912333644603
8S,South Asia,NY.GDP.MKTP.KD.ZG,GDP growth (annual %),2015,7.68973935190233
SAU,Saudi Arabia,NY.GDP.MKTP.KD.ZG,GDP growth (annual %),2025,4.50246560191663
SAU,Saudi Arabia,NY.GDP.MKTP.KD.ZG,GDP growth (annual %),2024,2.64893068308965
SAU,Saudi Arabia,NY.GDP.MKTP.KD.ZG,GDP growth (annual %),2023,0.542592439393161
SAU,Saudi Arabia,NY.GDP.MKTP.KD.ZG,GDP growth (annual %),2022,12.0005874752929
SAU,Saudi Arabia,NY.GDP.MKTP.KD.ZG,GDP growth (annual %),2021,6.51959698325419
SAU,Saudi Arabia,NY.GDP.MKTP.KD.ZG,GDP growth (annual %),2020,-3.80478901996312
SAU,Saudi Arabia,NY.GDP.MKTP.KD.ZG,GDP growth (annual %),2019,1.65158925617395
SAU,Saudi Arabia,NY.GDP.MKTP.KD.ZG,GDP growth (annual %),2018,3.2269508901591
SAU,Saudi Arabia,NY.GDP.MKTP.KD.ZG,GDP growth (annual %),2017,1.18210705878283
SAU,Saudi Arabia,NY.GDP.MKTP.KD.ZG,GDP growth (annual %),2016,1.70404739202878
SAU,Saudi Arabia,NY.GDP.MKTP.KD.ZG,GDP growth (annual %),2015,4.65512316652699
SGP,Singapore,NY.GDP.MKTP.KD.ZG,GDP growth (annual %),2025,5.02588199508003
SGP,Singapore,NY.GDP.MKTP.KD.ZG,GDP growth (annual %),2024,5.3435120192366
SGP,Singapore,NY.GDP.MKTP.KD.ZG,GDP growth (annual %),2023,1.45026775889565
SGP,Singapore,NY.GDP.MKTP.KD.ZG,GDP growth (annual %),2022,4.01027884472296
SGP,Singapore,NY.GDP.MKTP.KD.ZG,GDP growth (annual %),2021,10.1410845197192
SGP,Singapore,NY.GDP.MKTP.KD.ZG,GDP growth (annual %),2020,-3.61084281729929
SGP,Singapore,NY.GDP.MKTP.KD.ZG,GDP growth (annual %),2019,1.15877947300108
SGP,Singapore,NY.GDP.MKTP.KD.ZG,GDP growth (annual %),2018,3.18660848474074
SGP,Singapore,NY.GDP.MKTP.KD.ZG,GDP growth (annual %),2017,4.32679370770501
SGP,Singapore,NY.GDP.MKTP.KD.ZG,GDP growth (annual %),2016,3.91095306322606
SGP,Singapore,NY.GDP.MKTP.KD.ZG,GDP growth (annual %),2015,2.97679931634806
SRB,Serbia,NY.GDP.MKTP.KD.ZG,GDP growth (annual %),2025,2.03039196235113
SRB,Serbia,NY.GDP.MKTP.KD.ZG,GDP growth (annual %),2024,3.94992622592932
SRB,Serbia,NY.GDP.MKTP.KD.ZG,GDP growth (annual %),2023,3.74793303561771
SRB,Serbia,NY.GDP.MKTP.KD.ZG,GDP growth (annual %),2022,2.70347705543654
SRB,Serbia,NY.GDP.MKTP.KD.ZG,GDP growth (annual %),2021,7.94905650472278
SRB,Serbia,NY.GDP.MKTP.KD.ZG,GDP growth (annual %),2020,-0.950023991851594
SRB,Serbia,NY.GDP.MKTP.KD.ZG,GDP growth (annual %),2019,4.75020793899014
SRB,Serbia,NY.GDP.MKTP.KD.ZG,GDP growth (annual %),2018,4.64935035491007
SRB,Serbia,NY.GDP.MKTP.KD.ZG,GDP growth (annual %),2017,2.3634031250553
SRB,Serbia,NY.GDP.MKTP.KD.ZG,GDP growth (annual %),2016,2.97519807160826
SRB,Serbia,NY.GDP.MKTP.KD.ZG,GDP growth (annual %),2015,1.2957386351958
ZG,Sub-Saharan Africa,NY.GDP.MKTP.KD.ZG,GDP growth (annual %),2025,4.13928145259649
ZG,Sub-Saharan Africa,NY.GDP.MKTP.KD.ZG,GDP growth (annual %),2024,3.6161279249573
ZG,Sub-Saharan Africa,NY.GDP.MKTP.KD.ZG,GDP growth (annual %),2023,2.71446691675897
ZG,Sub-Saharan Africa,NY.GDP.MKTP.KD.ZG,GDP growth (annual %),2022,4.03371066956886
ZG,Sub-Saharan Africa,NY.GDP.MKTP.KD.ZG,GDP growth (annual %),2021,3.58194129290288
ZG,Sub-Saharan Africa,NY.GDP.MKTP.KD.ZG,GDP growth (annual %),2020,-3.29212615874913
ZG,Sub-Saharan Africa,NY.GDP.MKTP.KD.ZG,GDP growth (annual %),2019,2.54913933046186
ZG,Sub-Saharan Africa,NY.GDP.MKTP.KD.ZG,GDP growth (annual %),2018,2.79433082130898
ZG,Sub-Saharan Africa,NY.GDP.MKTP.KD.ZG,GDP growth (annual %),2017,2.5074548530006
ZG,Sub-Saharan Africa,NY.GDP.MKTP.KD.ZG,GDP growth (annual %),2016,1.31700355850863
ZG,Sub-Saharan Africa,NY.GDP.MKTP.KD.ZG,GDP growth (annual %),2015,2.93344601140815
SWE,Sweden,NY.GDP.MKTP.KD.ZG,GDP growth (annual %),2025,1.54316373266217
SWE,Sweden,NY.GDP.MKTP.KD.ZG,GDP growth (annual %),2024,1.01779633304398
SWE,Sweden,NY.GDP.MKTP.KD.ZG,GDP growth (annual %),2023,-0.204061304891439
SWE,Sweden,NY.GDP.MKTP.KD.ZG,GDP growth (annual %),2022,1.25543620445816
SWE,Sweden,NY.GDP.MKTP.KD.ZG,GDP growth (annual %),2021,5.2258643028773
SWE,Sweden,NY.GDP.MKTP.KD.ZG,GDP growth (annual %),2020,-1.93379704032216
SWE,Sweden,NY.GDP.MKTP.KD.ZG,GDP growth (annual %),2019,2.60823012869524
SWE,Sweden,NY.GDP.MKTP.KD.ZG,GDP growth (annual %),2018,1.7702553546772
SWE,Sweden,NY.GDP.MKTP.KD.ZG,GDP growth (annual %),2017,1.88282184966646
SWE,Sweden,NY.GDP.MKTP.KD.ZG,GDP growth (annual %),2016,2.13117914731151
SWE,Sweden,NY.GDP.MKTP.KD.ZG,GDP growth (annual %),2015,4.38824673608589
THA,Thailand,NY.GDP.MKTP.KD.ZG,GDP growth (annual %),2025,2.44247444990198
THA,Thailand,NY.GDP.MKTP.KD.ZG,GDP growth (annual %),2024,2.94859986593323
THA,Thailand,NY.GDP.MKTP.KD.ZG,GDP growth (annual %),2023,2.24883437970568
THA,Thailand,NY.GDP.MKTP.KD.ZG,GDP growth (annual %),2022,2.63784213566305
THA,Thailand,NY.GDP.MKTP.KD.ZG,GDP growth (annual %),2021,1.55858232076893
THA,Thailand,NY.GDP.MKTP.KD.ZG,GDP growth (annual %),2020,-6.09306312966953
THA,Thailand,NY.GDP.MKTP.KD.ZG,GDP growth (annual %),2019,2.11455779628278
THA,Thailand,NY.GDP.MKTP.KD.ZG,GDP growth (annual %),2018,4.22287028746071
THA,Thailand,NY.GDP.MKTP.KD.ZG,GDP growth (annual %),2017,4.1776810321001
THA,Thailand,NY.GDP.MKTP.KD.ZG,GDP growth (annual %),2016,3.43515771692182
THA,Thailand,NY.GDP.MKTP.KD.ZG,GDP growth (annual %),2015,3.13404724911635
TUN,Tunisia,NY.GDP.MKTP.KD.ZG,GDP growth (annual %),2025,2.49311010666248
TUN,Tunisia,NY.GDP.MKTP.KD.ZG,GDP growth (annual %),2024,1.61444564976986
TUN,Tunisia,NY.GDP.MKTP.KD.ZG,GDP growth (annual %),2023,0.184015548469745
TUN,Tunisia,NY.GDP.MKTP.KD.ZG,GDP growth (annual %),2022,2.75228761004381
TUN,Tunisia,NY.GDP.MKTP.KD.ZG,GDP growth (annual %),2021,4.73603648206102
TUN,Tunisia,NY.GDP.MKTP.KD.ZG,GDP growth (annual %),2020,-8.97512622934723
TUN,Tunisia,NY.GDP.MKTP.KD.ZG,GDP growth (annual %),2019,1.55009304966742
TUN,Tunisia,NY.GDP.MKTP.KD.ZG,GDP growth (annual %),2018,2.60696965356362
TUN,Tunisia,NY.GDP.MKTP.KD.ZG,GDP growth (annual %),2017,2.25261437620587
TUN,Tunisia,NY.GDP.MKTP.KD.ZG,GDP growth (annual %),2016,1.117231963992
TUN,Tunisia,NY.GDP.MKTP.KD.ZG,GDP growth (annual %),2015,0.967834205635981
TUR,Türkiye,NY.GDP.MKTP.KD.ZG,GDP growth (annual %),2025,3.60462514082589
TUR,Türkiye,NY.GDP.MKTP.KD.ZG,GDP growth (annual %),2024,3.3276230893799
TUR,Türkiye,NY.GDP.MKTP.KD.ZG,GDP growth (annual %),2023,5.04512369812289
TUR,Türkiye,NY.GDP.MKTP.KD.ZG,GDP growth (annual %),2022,5.44122511322401
TUR,Türkiye,NY.GDP.MKTP.KD.ZG,GDP growth (annual %),2021,11.811094450607
TUR,Türkiye,NY.GDP.MKTP.KD.ZG,GDP growth (annual %),2020,1.80306247087255
TUR,Türkiye,NY.GDP.MKTP.KD.ZG,GDP growth (annual %),2019,1.30162365464503
TUR,Türkiye,NY.GDP.MKTP.KD.ZG,GDP growth (annual %),2018,3.46815306092219
TUR,Türkiye,NY.GDP.MKTP.KD.ZG,GDP growth (annual %),2017,7.82585730002594
TUR,Türkiye,NY.GDP.MKTP.KD.ZG,GDP growth (annual %),2016,3.32366508200445
TUR,Türkiye,NY.GDP.MKTP.KD.ZG,GDP growth (annual %),2015,5.80557386628684
UGA,Uganda,NY.GDP.MKTP.KD.ZG,GDP growth (annual %),2025,6.33181157677313
UGA,Uganda,NY.GDP.MKTP.KD.ZG,GDP growth (annual %),2024,6.05558075875589
UGA,Uganda,NY.GDP.MKTP.KD.ZG,GDP growth (annual %),2023,5.33697295511469
UGA,Uganda,NY.GDP.MKTP.KD.ZG,GDP growth (annual %),2022,4.58802192181773
UGA,Uganda,NY.GDP.MKTP.KD.ZG,GDP growth (annual %),2021,3.53658034070898
UGA,Uganda,NY.GDP.MKTP.KD.ZG,GDP growth (annual %),2020,2.95130642218098
UGA,Uganda,NY.GDP.MKTP.KD.ZG,GDP growth (annual %),2019,6.43874503276439
UGA,Uganda,NY.GDP.MKTP.KD.ZG,GDP growth (annual %),2018,6.30392378262997
UGA,Uganda,NY.GDP.MKTP.KD.ZG,GDP growth (annual %),2017,3.13140551723596
UGA,Uganda,NY.GDP.MKTP.KD.ZG,GDP growth (annual %),2016,4.78100029254482
UGA,Uganda,NY.GDP.MKTP.KD.ZG,GDP growth (annual %),2015,5.18785986002466
USA,United States,NY.GDP.MKTP.KD.ZG,GDP growth (annual %),2025,2.16138195623856
USA,United States,NY.GDP.MKTP.KD.ZG,GDP growth (annual %),2024,2.79318715363841
USA,United States,NY.GDP.MKTP.KD.ZG,GDP growth (annual %),2023,2.93436322440155
USA,United States,NY.GDP.MKTP.KD.ZG,GDP growth (annual %),2022,2.52421385073222
USA,United States,NY.GDP.MKTP.KD.ZG,GDP growth (annual %),2021,6.15202247867526
USA,United States,NY.GDP.MKTP.KD.ZG,GDP growth (annual %),2020,-2.081375977796
USA,United States,NY.GDP.MKTP.KD.ZG,GDP growth (annual %),2019,2.58382533052225
USA,United States,NY.GDP.MKTP.KD.ZG,GDP growth (annual %),2018,2.96650506701943
USA,United States,NY.GDP.MKTP.KD.ZG,GDP growth (annual %),2017,2.45762230126449
USA,United States,NY.GDP.MKTP.KD.ZG,GDP growth (annual %),2016,1.81945147909089
USA,United States,NY.GDP.MKTP.KD.ZG,GDP growth (annual %),2015,2.94555045227337
VNM,Vietnam,NY.GDP.MKTP.KD.ZG,GDP growth (annual %),2025,8.01882998978245
VNM,Vietnam,NY.GDP.MKTP.KD.ZG,GDP growth (annual %),2024,7.03955197123018
VNM,Vietnam,NY.GDP.MKTP.KD.ZG,GDP growth (annual %),2023,4.97865959483225
VNM,Vietnam,NY.GDP.MKTP.KD.ZG,GDP growth (annual %),2022,8.53750041218142
VNM,Vietnam,NY.GDP.MKTP.KD.ZG,GDP growth (annual %),2021,2.55372852648131
VNM,Vietnam,NY.GDP.MKTP.KD.ZG,GDP growth (annual %),2020,2.86541320912272
VNM,Vietnam,NY.GDP.MKTP.KD.ZG,GDP growth (annual %),2019,7.35926270105006
VNM,Vietnam,NY.GDP.MKTP.KD.ZG,GDP growth (annual %),2018,7.46500685572751
VNM,Vietnam,NY.GDP.MKTP.KD.ZG,GDP growth (annual %),2017,6.94019037359206
VNM,Vietnam,NY.GDP.MKTP.KD.ZG,GDP growth (annual %),2016,6.69000892660424
VNM,Vietnam,NY.GDP.MKTP.KD.ZG,GDP growth (annual %),2015,6.98715430598611
1W,World,NY.GDP.MKTP.KD.ZG,GDP growth (annual %),2025,2.92127318539153
1W,World,NY.GDP.MKTP.KD.ZG,GDP growth (annual %),2024,2.90001340156714
1W,World,NY.GDP.MKTP.KD.ZG,GDP growth (annual %),2023,2.85938493335973
1W,World,NY.GDP.MKTP.KD.ZG,GDP growth (annual %),2022,3.44001097265647
1W,World,NY.GDP.MKTP.KD.ZG,GDP growth (annual %),2021,6.48508887596752
1W,World,NY.GDP.MKTP.KD.ZG,GDP growth (annual %),2020,-2.88621185457086
1W,World,NY.GDP.MKTP.KD.ZG,GDP growth (annual %),2019,2.680308747553
1W,World,NY.GDP.MKTP.KD.ZG,GDP growth (annual %),2018,3.28663086462807
1W,World,NY.GDP.MKTP.KD.ZG,GDP growth (annual %),2017,3.44658623167955
1W,World,NY.GDP.MKTP.KD.ZG,GDP growth (annual %),2016,2.78974074234593
1W,World,NY.GDP.MKTP.KD.ZG,GDP growth (annual %),2015,3.12721325699906
ZAF,South Africa,NY.GDP.MKTP.KD.ZG,GDP growth (annual %),2025,1.11462608103956
ZAF,South Africa,NY.GDP.MKTP.KD.ZG,GDP growth (annual %),2024,0.534843531905139
ZAF,South Africa,NY.GDP.MKTP.KD.ZG,GDP growth (annual %),2023,0.80610455095804
ZAF,South Africa,NY.GDP.MKTP.KD.ZG,GDP growth (annual %),2022,2.05813661692193
ZAF,South Africa,NY.GDP.MKTP.KD.ZG,GDP growth (annual %),2021,4.85864865060148
ZAF,South Africa,NY.GDP.MKTP.KD.ZG,GDP growth (annual %),2020,-6.1689177146757
ZAF,South Africa,NY.GDP.MKTP.KD.ZG,GDP growth (annual %),2019,0.25993557687633
ZAF,South Africa,NY.GDP.MKTP.KD.ZG,GDP growth (annual %),2018,1.55678384721676
ZAF,South Africa,NY.GDP.MKTP.KD.ZG,GDP growth (annual %),2017,1.15794695181735
ZAF,South Africa,NY.GDP.MKTP.KD.ZG,GDP growth (annual %),2016,0.664552307858116
ZAF,South Africa,NY.GDP.MKTP.KD.ZG,GDP growth (annual %),2015,1.32186223678229
ARE,United Arab Emirates,FP.CPI.TOTL.ZG,"Inflation, consumer prices (annual %)",2025,1.250865245598
ARE,United Arab Emirates,FP.CPI.TOTL.ZG,"Inflation, consumer prices (annual %)",2024,1.66336510224894
ARE,United Arab Emirates,FP.CPI.TOTL.ZG,"Inflation, consumer prices (annual %)",2023,1.62670837213248
ARE,United Arab Emirates,FP.CPI.TOTL.ZG,"Inflation, consumer prices (annual %)",2022,5.29122604376849
ARE,United Arab Emirates,FP.CPI.TOTL.ZG,"Inflation, consumer prices (annual %)",2021,0.179935336174431
ARE,United Arab Emirates,FP.CPI.TOTL.ZG,"Inflation, consumer prices (annual %)",2020,-2.07940317940944
ARE,United Arab Emirates,FP.CPI.TOTL.ZG,"Inflation, consumer prices (annual %)",2019,-1.93108114782173
ARE,United Arab Emirates,FP.CPI.TOTL.ZG,"Inflation, consumer prices (annual %)",2018,3.06863379251997
ARE,United Arab Emirates,FP.CPI.TOTL.ZG,"Inflation, consumer prices (annual %)",2017,1.96682557818842
ARE,United Arab Emirates,FP.CPI.TOTL.ZG,"Inflation, consumer prices (annual %)",2016,1.61748808904198
ARE,United Arab Emirates,FP.CPI.TOTL.ZG,"Inflation, consumer prices (annual %)",2015,4.06996608361593
AUS,Australia,FP.CPI.TOTL.ZG,"Inflation, consumer prices (annual %)",2025,2.87403791660173
AUS,Australia,FP.CPI.TOTL.ZG,"Inflation, consumer prices (annual %)",2024,3.16656665428797
AUS,Australia,FP.CPI.TOTL.ZG,"Inflation, consumer prices (annual %)",2023,5.59701792296707
AUS,Australia,FP.CPI.TOTL.ZG,"Inflation, consumer prices (annual %)",2022,6.59409658717841
AUS,Australia,FP.CPI.TOTL.ZG,"Inflation, consumer prices (annual %)",2021,2.86391284709318
AUS,Australia,FP.CPI.TOTL.ZG,"Inflation, consumer prices (annual %)",2020,0.846900734607273
AUS,Australia,FP.CPI.TOTL.ZG,"Inflation, consumer prices (annual %)",2019,1.610770929127
AUS,Australia,FP.CPI.TOTL.ZG,"Inflation, consumer prices (annual %)",2018,1.91140002818579
AUS,Australia,FP.CPI.TOTL.ZG,"Inflation, consumer prices (annual %)",2017,1.94864309065653
AUS,Australia,FP.CPI.TOTL.ZG,"Inflation, consumer prices (annual %)",2016,1.27699365720306
AUS,Australia,FP.CPI.TOTL.ZG,"Inflation, consumer prices (annual %)",2015,1.50836803138463
BEL,Belgium,FP.CPI.TOTL.ZG,"Inflation, consumer prices (annual %)",2025,2.46705543774613
BEL,Belgium,FP.CPI.TOTL.ZG,"Inflation, consumer prices (annual %)",2024,3.14349136500041
BEL,Belgium,FP.CPI.TOTL.ZG,"Inflation, consumer prices (annual %)",2023,4.04901077613941
BEL,Belgium,FP.CPI.TOTL.ZG,"Inflation, consumer prices (annual %)",2022,9.597511728725
BEL,Belgium,FP.CPI.TOTL.ZG,"Inflation, consumer prices (annual %)",2021,2.44024851144084
BEL,Belgium,FP.CPI.TOTL.ZG,"Inflation, consumer prices (annual %)",2020,0.740791812220344
BEL,Belgium,FP.CPI.TOTL.ZG,"Inflation, consumer prices (annual %)",2019,1.43681956996438
BEL,Belgium,FP.CPI.TOTL.ZG,"Inflation, consumer prices (annual %)",2018,2.05316499865178
BEL,Belgium,FP.CPI.TOTL.ZG,"Inflation, consumer prices (annual %)",2017,2.12597086002616
BEL,Belgium,FP.CPI.TOTL.ZG,"Inflation, consumer prices (annual %)",2016,1.97385264653163
BEL,Belgium,FP.CPI.TOTL.ZG,"Inflation, consumer prices (annual %)",2015,0.561429152790158
BGR,Bulgaria,FP.CPI.TOTL.ZG,"Inflation, consumer prices (annual %)",2025,4.58084355235697
BGR,Bulgaria,FP.CPI.TOTL.ZG,"Inflation, consumer prices (annual %)",2024,2.44651943006079
BGR,Bulgaria,FP.CPI.TOTL.ZG,"Inflation, consumer prices (annual %)",2023,9.44284140088564
BGR,Bulgaria,FP.CPI.TOTL.ZG,"Inflation, consumer prices (annual %)",2022,15.3252589264367
BGR,Bulgaria,FP.CPI.TOTL.ZG,"Inflation, consumer prices (annual %)",2021,3.29774435299506
BGR,Bulgaria,FP.CPI.TOTL.ZG,"Inflation, consumer prices (annual %)",2020,1.67244096855756
BGR,Bulgaria,FP.CPI.TOTL.ZG,"Inflation, consumer prices (annual %)",2019,3.10372944796771
BGR,Bulgaria,FP.CPI.TOTL.ZG,"Inflation, consumer prices (annual %)",2018,2.81454473824838
BGR,Bulgaria,FP.CPI.TOTL.ZG,"Inflation, consumer prices (annual %)",2017,2.06159619443141
BGR,Bulgaria,FP.CPI.TOTL.ZG,"Inflation, consumer prices (annual %)",2016,-0.798649886453617
BGR,Bulgaria,FP.CPI.TOTL.ZG,"Inflation, consumer prices (annual %)",2015,-0.104633261008479
BHR,Bahrain,FP.CPI.TOTL.ZG,"Inflation, consumer prices (annual %)",2025,-0.137708855447902
BHR,Bahrain,FP.CPI.TOTL.ZG,"Inflation, consumer prices (annual %)",2024,0.919635459817651
BHR,Bahrain,FP.CPI.TOTL.ZG,"Inflation, consumer prices (annual %)",2023,0.0746206782192256
BHR,Bahrain,FP.CPI.TOTL.ZG,"Inflation, consumer prices (annual %)",2022,3.62574104304482
BHR,Bahrain,FP.CPI.TOTL.ZG,"Inflation, consumer prices (annual %)",2021,-0.60631938514085
BHR,Bahrain,FP.CPI.TOTL.ZG,"Inflation, consumer prices (annual %)",2020,-2.31770629331379
BHR,Bahrain,FP.CPI.TOTL.ZG,"Inflation, consumer prices (annual %)",2019,1.00582004702137
BHR,Bahrain,FP.CPI.TOTL.ZG,"Inflation, consumer prices (annual %)",2018,2.08766938046978
BHR,Bahrain,FP.CPI.TOTL.ZG,"Inflation, consumer prices (annual %)",2017,1.38671830576406
BHR,Bahrain,FP.CPI.TOTL.ZG,"Inflation, consumer prices (annual %)",2016,2.78679347602044
BHR,Bahrain,FP.CPI.TOTL.ZG,"Inflation, consumer prices (annual %)",2015,1.84862742374977
CAN,Canada,FP.CPI.TOTL.ZG,"Inflation, consumer prices (annual %)",2025,2.07232411149103
CAN,Canada,FP.CPI.TOTL.ZG,"Inflation, consumer prices (annual %)",2024,2.38158383281173
CAN,Canada,FP.CPI.TOTL.ZG,"Inflation, consumer prices (annual %)",2023,3.87900159788426
CAN,Canada,FP.CPI.TOTL.ZG,"Inflation, consumer prices (annual %)",2022,6.80280115341613
CAN,Canada,FP.CPI.TOTL.ZG,"Inflation, consumer prices (annual %)",2021,3.39519318527528
CAN,Canada,FP.CPI.TOTL.ZG,"Inflation, consumer prices (annual %)",2020,0.716999632307827
CAN,Canada,FP.CPI.TOTL.ZG,"Inflation, consumer prices (annual %)",2019,1.94926902411593
CAN,Canada,FP.CPI.TOTL.ZG,"Inflation, consumer prices (annual %)",2018,2.26822567248103
CAN,Canada,FP.CPI.TOTL.ZG,"Inflation, consumer prices (annual %)",2017,1.59688412852977
CAN,Canada,FP.CPI.TOTL.ZG,"Inflation, consumer prices (annual %)",2016,1.42875954701085
CAN,Canada,FP.CPI.TOTL.ZG,"Inflation, consumer prices (annual %)",2015,1.12524136094277
B8,Central Europe and the Baltics,FP.CPI.TOTL.ZG,"Inflation, consumer prices (annual %)",2025,3.81419531520146
B8,Central Europe and the Baltics,FP.CPI.TOTL.ZG,"Inflation, consumer prices (annual %)",2024,2.75760909424279
B8,Central Europe and the Baltics,FP.CPI.TOTL.ZG,"Inflation, consumer prices (annual %)",2023,9.44284140088564
B8,Central Europe and the Baltics,FP.CPI.TOTL.ZG,"Inflation, consumer prices (annual %)",2022,14.6081439492433
B8,Central Europe and the Baltics,FP.CPI.TOTL.ZG,"Inflation, consumer prices (annual %)",2021,3.83984491500146
B8,Central Europe and the Baltics,FP.CPI.TOTL.ZG,"Inflation, consumer prices (annual %)",2020,1.67244096855756
B8,Central Europe and the Baltics,FP.CPI.TOTL.ZG,"Inflation, consumer prices (annual %)",2019,2.6645613342544
B8,Central Europe and the Baltics,FP.CPI.TOTL.ZG,"Inflation, consumer prices (annual %)",2018,2.53445424186598
B8,Central Europe and the Baltics,FP.CPI.TOTL.ZG,"Inflation, consumer prices (annual %)",2017,2.07593553673859
B8,Central Europe and the Baltics,FP.CPI.TOTL.ZG,"Inflation, consumer prices (annual %)",2016,-0.0549995416705683
B8,Central Europe and the Baltics,FP.CPI.TOTL.ZG,"Inflation, consumer prices (annual %)",2015,-0.464499004645003
CHN,China,FP.CPI.TOTL.ZG,"Inflation, consumer prices (annual %)",2025,0.0595646916565403
CHN,China,FP.CPI.TOTL.ZG,"Inflation, consumer prices (annual %)",2024,0.218128938439177
CHN,China,FP.CPI.TOTL.ZG,"Inflation, consumer prices (annual %)",2023,0.234836828893051
CHN,China,FP.CPI.TOTL.ZG,"Inflation, consumer prices (annual %)",2022,1.97357555739051
CHN,China,FP.CPI.TOTL.ZG,"Inflation, consumer prices (annual %)",2021,0.981015135544882
CHN,China,FP.CPI.TOTL.ZG,"Inflation, consumer prices (annual %)",2020,2.41942189457782
CHN,China,FP.CPI.TOTL.ZG,"Inflation, consumer prices (annual %)",2019,2.89923416358227
CHN,China,FP.CPI.TOTL.ZG,"Inflation, consumer prices (annual %)",2018,2.07479039965576
CHN,China,FP.CPI.TOTL.ZG,"Inflation, consumer prices (annual %)",2017,1.59313600071436
CHN,China,FP.CPI.TOTL.ZG,"Inflation, consumer prices (annual %)",2016,2.00000182191943
CHN,China,FP.CPI.TOTL.ZG,"Inflation, consumer prices (annual %)",2015,1.43702380935655
CYP,Cyprus,FP.CPI.TOTL.ZG,"Inflation, consumer prices (annual %)",2025,0.126528851920189
CYP,Cyprus,FP.CPI.TOTL.ZG,"Inflation, consumer prices (annual %)",2024,1.80023018624824
CYP,Cyprus,FP.CPI.TOTL.ZG,"Inflation, consumer prices (annual %)",2023,3.54134188751646
CYP,Cyprus,FP.CPI.TOTL.ZG,"Inflation, consumer prices (annual %)",2022,8.39548297993334
CYP,Cyprus,FP.CPI.TOTL.ZG,"Inflation, consumer prices (annual %)",2021,2.44608867175474
CYP,Cyprus,FP.CPI.TOTL.ZG,"Inflation, consumer prices (annual %)",2020,-0.638422797978861
CYP,Cyprus,FP.CPI.TOTL.ZG,"Inflation, consumer prices (annual %)",2019,0.250370996758493
CYP,Cyprus,FP.CPI.TOTL.ZG,"Inflation, consumer prices (annual %)",2018,1.43549119531759
CYP,Cyprus,FP.CPI.TOTL.ZG,"Inflation, consumer prices (annual %)",2017,0.531766496174467
CYP,Cyprus,FP.CPI.TOTL.ZG,"Inflation, consumer prices (annual %)",2016,-1.42916666666665
CYP,Cyprus,FP.CPI.TOTL.ZG,"Inflation, consumer prices (annual %)",2015,-2.0969976905312
CZE,Czechia,FP.CPI.TOTL.ZG,"Inflation, consumer prices (annual %)",2025,2.45996367838865
CZE,Czechia,FP.CPI.TOTL.ZG,"Inflation, consumer prices (annual %)",2024,2.43531202435314
CZE,Czechia,FP.CPI.TOTL.ZG,"Inflation, consumer prices (annual %)",2023,10.6612601372427
CZE,Czechia,FP.CPI.TOTL.ZG,"Inflation, consumer prices (annual %)",2022,15.1001651468371
CZE,Czechia,FP.CPI.TOTL.ZG,"Inflation, consumer prices (annual %)",2021,3.83984491500146
CZE,Czechia,FP.CPI.TOTL.ZG,"Inflation, consumer prices (annual %)",2020,3.1612952849781
CZE,Czechia,FP.CPI.TOTL.ZG,"Inflation, consumer prices (annual %)",2019,2.84787595918041
CZE,Czechia,FP.CPI.TOTL.ZG,"Inflation, consumer prices (annual %)",2018,2.14949494949493
CZE,Czechia,FP.CPI.TOTL.ZG,"Inflation, consumer prices (annual %)",2017,2.4505339846014
CZE,Czechia,FP.CPI.TOTL.ZG,"Inflation, consumer prices (annual %)",2016,0.683504209385703
CZE,Czechia,FP.CPI.TOTL.ZG,"Inflation, consumer prices (annual %)",2015,0.309364548494975
DEU,Germany,FP.CPI.TOTL.ZG,"Inflation, consumer prices (annual %)",2025,2.17178770949721
DEU,Germany,FP.CPI.TOTL.ZG,"Inflation, consumer prices (annual %)",2024,2.2564981433876
DEU,Germany,FP.CPI.TOTL.ZG,"Inflation, consumer prices (annual %)",2023,5.94643667725823
DEU,Germany,FP.CPI.TOTL.ZG,"Inflation, consumer prices (annual %)",2022,6.87257438551097
DEU,Germany,FP.CPI.TOTL.ZG,"Inflation, consumer prices (annual %)",2021,3.06666666666673
DEU,Germany,FP.CPI.TOTL.ZG,"Inflation, consumer prices (annual %)",2020,0.144877925813982
DEU,Germany,FP.CPI.TOTL.ZG,"Inflation, consumer prices (annual %)",2019,1.44565976888253
DEU,Germany,FP.CPI.TOTL.ZG,"Inflation, consumer prices (annual %)",2018,1.73216879766942
DEU,Germany,FP.CPI.TOTL.ZG,"Inflation, consumer prices (annual %)",2017,1.50949485109628
DEU,Germany,FP.CPI.TOTL.ZG,"Inflation, consumer prices (annual %)",2016,0.491747008445174
DEU,Germany,FP.CPI.TOTL.ZG,"Inflation, consumer prices (annual %)",2015,0.514426137125456
DNK,Denmark,FP.CPI.TOTL.ZG,"Inflation, consumer prices (annual %)",2025,1.89367372703044
DNK,Denmark,FP.CPI.TOTL.ZG,"Inflation, consumer prices (annual %)",2024,1.37220049768926
DNK,Denmark,FP.CPI.TOTL.ZG,"Inflation, consumer prices (annual %)",2023,3.30517811237606
DNK,Denmark,FP.CPI.TOTL.ZG,"Inflation, consumer prices (annual %)",2022,7.6965669988926
DNK,Denmark,FP.CPI.TOTL.ZG,"Inflation, consumer prices (annual %)",2021,1.85304543989689
DNK,Denmark,FP.CPI.TOTL.ZG,"Inflation, consumer prices (annual %)",2020,0.420711974110025
DNK,Denmark,FP.CPI.TOTL.ZG,"Inflation, consumer prices (annual %)",2019,0.75813157251162
DNK,Denmark,FP.CPI.TOTL.ZG,"Inflation, consumer prices (annual %)",2018,0.813609467455631
DNK,Denmark,FP.CPI.TOTL.ZG,"Inflation, consumer prices (annual %)",2017,1.14713216957602
DNK,Denmark,FP.CPI.TOTL.ZG,"Inflation, consumer prices (annual %)",2016,0.250000000000031
DNK,Denmark,FP.CPI.TOTL.ZG,"Inflation, consumer prices (annual %)",2015,0.452034153691575
Z4,East Asia & Pacific,FP.CPI.TOTL.ZG,"Inflation, consumer prices (annual %)",2025,1.9133344329508
Z4,East Asia & Pacific,FP.CPI.TOTL.ZG,"Inflation, consumer prices (annual %)",2024,2.27673550782623
Z4,East Asia & Pacific,FP.CPI.TOTL.ZG,"Inflation, consumer prices (annual %)",2023,4.25155508842779
Z4,East Asia & Pacific,FP.CPI.TOTL.ZG,"Inflation, consumer prices (annual %)",2022,5.51812928576938
Z4,East Asia & Pacific,FP.CPI.TOTL.ZG,"Inflation, consumer prices (annual %)",2021,2.47710241465447
Z4,East Asia & Pacific,FP.CPI.TOTL.ZG,"Inflation, consumer prices (annual %)",2020,0.846900734607273
Z4,East Asia & Pacific,FP.CPI.TOTL.ZG,"Inflation, consumer prices (annual %)",2019,1.71437095763401
Z4,East Asia & Pacific,FP.CPI.TOTL.ZG,"Inflation, consumer prices (annual %)",2018,2.368549058067
Z4,East Asia & Pacific,FP.CPI.TOTL.ZG,"Inflation, consumer prices (annual %)",2017,1.80034222468621
Z4,East Asia & Pacific,FP.CPI.TOTL.ZG,"Inflation, consumer prices (annual %)",2016,1.27699365720306
Z4,East Asia & Pacific,FP.CPI.TOTL.ZG,"Inflation, consumer prices (annual %)",2015,0.795279630579839
7E,Europe & Central Asia (excluding high income),FP.CPI.TOTL.ZG,"Inflation, consumer prices (annual %)",2025,5.62208788068338
7E,Europe & Central Asia (excluding high income),FP.CPI.TOTL.ZG,"Inflation, consumer prices (annual %)",2024,4.6705297488997
7E,Europe & Central Asia (excluding high income),FP.CPI.TOTL.ZG,"Inflation, consumer prices (annual %)",2023,9.07365149809048
7E,Europe & Central Asia (excluding high income),FP.CPI.TOTL.ZG,"Inflation, consumer prices (annual %)",2022,13.8875841659221
7E,Europe & Central Asia (excluding high income),FP.CPI.TOTL.ZG,"Inflation, consumer prices (annual %)",2021,6.91756771076075
7E,Europe & Central Asia (excluding high income),FP.CPI.TOTL.ZG,"Inflation, consumer prices (annual %)",2020,2.74615078213777
7E,Europe & Central Asia (excluding high income),FP.CPI.TOTL.ZG,"Inflation, consumer prices (annual %)",2019,2.64328192719554
7E,Europe & Central Asia (excluding high income),FP.CPI.TOTL.ZG,"Inflation, consumer prices (annual %)",2018,2.56572880132719
7E,Europe & Central Asia (excluding high income),FP.CPI.TOTL.ZG,"Inflation, consumer prices (annual %)",2017,4.60357355778867
7E,Europe & Central Asia (excluding high income),FP.CPI.TOTL.ZG,"Inflation, consumer prices (annual %)",2016,2.13492713939121
7E,Europe & Central Asia (excluding high income),FP.CPI.TOTL.ZG,"Inflation, consumer prices (annual %)",2015,4.02768573742726
EGY,Egypt,FP.CPI.TOTL.ZG,"Inflation, consumer prices (annual %)",2025,14.0735136645934
EGY,Egypt,FP.CPI.TOTL.ZG,"Inflation, consumer prices (annual %)",2024,28.2705899322083
EGY,Egypt,FP.CPI.TOTL.ZG,"Inflation, consumer prices (annual %)",2023,33.8847763115546
EGY,Egypt,FP.CPI.TOTL.ZG,"Inflation, consumer prices (annual %)",2022,13.8956609775178
EGY,Egypt,FP.CPI.TOTL.ZG,"Inflation, consumer prices (annual %)",2021,5.21404940513043
EGY,Egypt,FP.CPI.TOTL.ZG,"Inflation, consumer prices (annual %)",2020,5.04493288977539
EGY,Egypt,FP.CPI.TOTL.ZG,"Inflation, consumer prices (annual %)",2019,9.15279959324804
EGY,Egypt,FP.CPI.TOTL.ZG,"Inflation, consumer prices (annual %)",2018,14.4014657807422
EGY,Egypt,FP.CPI.TOTL.ZG,"Inflation, consumer prices (annual %)",2017,29.5066083940039
EGY,Egypt,FP.CPI.TOTL.ZG,"Inflation, consumer prices (annual %)",2016,13.813606214829
EGY,Egypt,FP.CPI.TOTL.ZG,"Inflation, consumer prices (annual %)",2015,10.370490343517
XC,Euro area,FP.CPI.TOTL.ZG,"Inflation, consumer prices (annual %)",2025,2.46705543774613
XC,Euro area,FP.CPI.TOTL.ZG,"Inflation, consumer prices (annual %)",2024,2.2564981433876
XC,Euro area,FP.CPI.TOTL.ZG,"Inflation, consumer prices (annual %)",2023,5.94643667725823
XC,Euro area,FP.CPI.TOTL.ZG,"Inflation, consumer prices (annual %)",2022,8.54686993188458
XC,Euro area,FP.CPI.TOTL.ZG,"Inflation, consumer prices (annual %)",2021,2.52692009066166
XC,Euro area,FP.CPI.TOTL.ZG,"Inflation, consumer prices (annual %)",2020,0.219064904841985
XC,Euro area,FP.CPI.TOTL.ZG,"Inflation, consumer prices (annual %)",2019,1.44565976888253
XC,Euro area,FP.CPI.TOTL.ZG,"Inflation, consumer prices (annual %)",2018,1.70349794744479
XC,Euro area,FP.CPI.TOTL.ZG,"Inflation, consumer prices (annual %)",2017,1.38145871407216
XC,Euro area,FP.CPI.TOTL.ZG,"Inflation, consumer prices (annual %)",2016,0.148684907627373
XC,Euro area,FP.CPI.TOTL.ZG,"Inflation, consumer prices (annual %)",2015,-0.104633261008479
EST,Estonia,FP.CPI.TOTL.ZG,"Inflation, consumer prices (annual %)",2025,4.82920753628342
EST,Estonia,FP.CPI.TOTL.ZG,"Inflation, consumer prices (annual %)",2024,3.5194118998392
EST,Estonia,FP.CPI.TOTL.ZG,"Inflation, consumer prices (annual %)",2023,9.15922507983982
EST,Estonia,FP.CPI.TOTL.ZG,"Inflation, consumer prices (annual %)",2022,19.3982634080616
EST,Estonia,FP.CPI.TOTL.ZG,"Inflation, consumer prices (annual %)",2021,4.65316673847473
EST,Estonia,FP.CPI.TOTL.ZG,"Inflation, consumer prices (annual %)",2020,-0.44453109767983
EST,Estonia,FP.CPI.TOTL.ZG,"Inflation, consumer prices (annual %)",2019,2.27725931243522
EST,Estonia,FP.CPI.TOTL.ZG,"Inflation, consumer prices (annual %)",2018,3.43632688420446
EST,Estonia,FP.CPI.TOTL.ZG,"Inflation, consumer prices (annual %)",2017,3.41723549488054
EST,Estonia,FP.CPI.TOTL.ZG,"Inflation, consumer prices (annual %)",2016,0.148684907627373
EST,Estonia,FP.CPI.TOTL.ZG,"Inflation, consumer prices (annual %)",2015,-0.49232600654737
FIN,Finland,FP.CPI.TOTL.ZG,"Inflation, consumer prices (annual %)",2025,0.337874659400574
FIN,Finland,FP.CPI.TOTL.ZG,"Inflation, consumer prices (annual %)",2024,1.56568906231616
FIN,Finland,FP.CPI.TOTL.ZG,"Inflation, consumer prices (annual %)",2023,6.25064322154763
FIN,Finland,FP.CPI.TOTL.ZG,"Inflation, consumer prices (annual %)",2022,7.12350773301412
FIN,Finland,FP.CPI.TOTL.ZG,"Inflation, consumer prices (annual %)",2021,2.19457432339998
FIN,Finland,FP.CPI.TOTL.ZG,"Inflation, consumer prices (annual %)",2020,0.290554555653239
FIN,Finland,FP.CPI.TOTL.ZG,"Inflation, consumer prices (annual %)",2019,1.02409392963431
FIN,Finland,FP.CPI.TOTL.ZG,"Inflation, consumer prices (annual %)",2018,1.08382098409296
FIN,Finland,FP.CPI.TOTL.ZG,"Inflation, consumer prices (annual %)",2017,0.754015047084438
FIN,Finland,FP.CPI.TOTL.ZG,"Inflation, consumer prices (annual %)",2016,0.356684500891695
FIN,Finland,FP.CPI.TOTL.ZG,"Inflation, consumer prices (annual %)",2015,-0.207928839905177
FRA,France,FP.CPI.TOTL.ZG,"Inflation, consumer prices (annual %)",2025,0.943770212469976
FRA,France,FP.CPI.TOTL.ZG,"Inflation, consumer prices (annual %)",2024,1.99904942291463
FRA,France,FP.CPI.TOTL.ZG,"Inflation, consumer prices (annual %)",2023,4.8783572650844
FRA,France,FP.CPI.TOTL.ZG,"Inflation, consumer prices (annual %)",2022,5.22236748369725
FRA,France,FP.CPI.TOTL.ZG,"Inflation, consumer prices (annual %)",2021,1.64233141038394
FRA,France,FP.CPI.TOTL.ZG,"Inflation, consumer prices (annual %)",2020,0.476498852725065
FRA,France,FP.CPI.TOTL.ZG,"Inflation, consumer prices (annual %)",2019,1.10825492288294
FRA,France,FP.CPI.TOTL.ZG,"Inflation, consumer prices (annual %)",2018,1.85081508315493
FRA,France,FP.CPI.TOTL.ZG,"Inflation, consumer prices (annual %)",2017,1.03228275064681
FRA,France,FP.CPI.TOTL.ZG,"Inflation, consumer prices (annual %)",2016,0.183334861123765
FRA,France,FP.CPI.TOTL.ZG,"Inflation, consumer prices (annual %)",2015,0.0375143805125182
GB,United Kingdom,FP.CPI.TOTL.ZG,"Inflation, consumer prices (annual %)",2025,3.88306881626
GB,United Kingdom,FP.CPI.TOTL.ZG,"Inflation, consumer prices (annual %)",2024,3.2715729463592
GB,United Kingdom,FP.CPI.TOTL.ZG,"Inflation, consumer prices (annual %)",2023,6.79396706793963
GB,United Kingdom,FP.CPI.TOTL.ZG,"Inflation, consumer prices (annual %)",2022,7.92204883147902
GB,United Kingdom,FP.CPI.TOTL.ZG,"Inflation, consumer prices (annual %)",2021,2.51837109614213
GB,United Kingdom,FP.CPI.TOTL.ZG,"Inflation, consumer prices (annual %)",2020,0.989486703772491
GB,United Kingdom,FP.CPI.TOTL.ZG,"Inflation, consumer prices (annual %)",2019,1.73810460086513
GB,United Kingdom,FP.CPI.TOTL.ZG,"Inflation, consumer prices (annual %)",2018,2.29283990345938
GB,United Kingdom,FP.CPI.TOTL.ZG,"Inflation, consumer prices (annual %)",2017,2.55775577557747
GB,United Kingdom,FP.CPI.TOTL.ZG,"Inflation, consumer prices (annual %)",2016,1.0084173681141
GB,United Kingdom,FP.CPI.TOTL.ZG,"Inflation, consumer prices (annual %)",2015,0.36804684232536
HKG,Hong Kong,FP.CPI.TOTL.ZG,"Inflation, consumer prices (annual %)",2025,1.43633540372673
HKG,Hong Kong,FP.CPI.TOTL.ZG,"Inflation, consumer prices (annual %)",2024,1.72972119105914
HKG,Hong Kong,FP.CPI.TOTL.ZG,"Inflation, consumer prices (annual %)",2023,2.09660511249089
HKG,Hong Kong,FP.CPI.TOTL.ZG,"Inflation, consumer prices (annual %)",2022,1.88136707196853
HKG,Hong Kong,FP.CPI.TOTL.ZG,"Inflation, consumer prices (annual %)",2021,1.56875834445922
HKG,Hong Kong,FP.CPI.TOTL.ZG,"Inflation, consumer prices (annual %)",2020,0.2509620210808
HKG,Hong Kong,FP.CPI.TOTL.ZG,"Inflation, consumer prices (annual %)",2019,2.88320853773996
HKG,Hong Kong,FP.CPI.TOTL.ZG,"Inflation, consumer prices (annual %)",2018,2.40613432046534
HKG,Hong Kong,FP.CPI.TOTL.ZG,"Inflation, consumer prices (annual %)",2017,1.49387243939522
HKG,Hong Kong,FP.CPI.TOTL.ZG,"Inflation, consumer prices (annual %)",2016,2.40930743862224
HKG,Hong Kong,FP.CPI.TOTL.ZG,"Inflation, consumer prices (annual %)",2015,2.99084819322581
HUN,Hungary,FP.CPI.TOTL.ZG,"Inflation, consumer prices (annual %)",2025,4.41198445905562
HUN,Hungary,FP.CPI.TOTL.ZG,"Inflation, consumer prices (annual %)",2024,3.70370370370369
HUN,Hungary,FP.CPI.TOTL.ZG,"Inflation, consumer prices (annual %)",2023,17.1249659678737
HUN,Hungary,FP.CPI.TOTL.ZG,"Inflation, consumer prices (annual %)",2022,14.6081439492433
HUN,Hungary,FP.CPI.TOTL.ZG,"Inflation, consumer prices (annual %)",2021,5.11096534382855
HUN,Hungary,FP.CPI.TOTL.ZG,"Inflation, consumer prices (annual %)",2020,3.32674385766738
HUN,Hungary,FP.CPI.TOTL.ZG,"Inflation, consumer prices (annual %)",2019,3.33858635382008
HUN,Hungary,FP.CPI.TOTL.ZG,"Inflation, consumer prices (annual %)",2018,2.85024792594646
HUN,Hungary,FP.CPI.TOTL.ZG,"Inflation, consumer prices (annual %)",2017,2.34824281150154
HUN,Hungary,FP.CPI.TOTL.ZG,"Inflation, consumer prices (annual %)",2016,0.394769306686392
HUN,Hungary,FP.CPI.TOTL.ZG,"Inflation, consumer prices (annual %)",2015,-0.0616446800641672
IDN,Indonesia,FP.CPI.TOTL.ZG,"Inflation, consumer prices (annual %)",2025,1.9133344329508
IDN,Indonesia,FP.CPI.TOTL.ZG,"Inflation, consumer prices (annual %)",2024,2.18151273615189
IDN,Indonesia,FP.CPI.TOTL.ZG,"Inflation, consumer prices (annual %)",2023,3.66938654859761
IDN,Indonesia,FP.CPI.TOTL.ZG,"Inflation, consumer prices (annual %)",2022,4.20946463714784
IDN,Indonesia,FP.CPI.TOTL.ZG,"Inflation, consumer prices (annual %)",2021,1.56007882983334
IDN,Indonesia,FP.CPI.TOTL.ZG,"Inflation, consumer prices (annual %)",2020,1.91983527270793
IDN,Indonesia,FP.CPI.TOTL.ZG,"Inflation, consumer prices (annual %)",2019,3.03058460941661
IDN,Indonesia,FP.CPI.TOTL.ZG,"Inflation, consumer prices (annual %)",2018,3.19834755924996
IDN,Indonesia,FP.CPI.TOTL.ZG,"Inflation, consumer prices (annual %)",2017,3.80879857691949
IDN,Indonesia,FP.CPI.TOTL.ZG,"Inflation, consumer prices (annual %)",2016,3.52580452815451
IDN,Indonesia,FP.CPI.TOTL.ZG,"Inflation, consumer prices (annual %)",2015,6.36312061196646
IND,India,FP.CPI.TOTL.ZG,"Inflation, consumer prices (annual %)",2025,2.39884954182294
IND,India,FP.CPI.TOTL.ZG,"Inflation, consumer prices (annual %)",2024,4.95303550973661
IND,India,FP.CPI.TOTL.ZG,"Inflation, consumer prices (annual %)",2023,5.64914318907925
IND,India,FP.CPI.TOTL.ZG,"Inflation, consumer prices (annual %)",2022,6.69903414079858
IND,India,FP.CPI.TOTL.ZG,"Inflation, consumer prices (annual %)",2021,5.13140747176364
IND,India,FP.CPI.TOTL.ZG,"Inflation, consumer prices (annual %)",2020,6.6234367762853
IND,India,FP.CPI.TOTL.ZG,"Inflation, consumer prices (annual %)",2019,3.72950573539123
IND,India,FP.CPI.TOTL.ZG,"Inflation, consumer prices (annual %)",2018,3.93882646691643
IND,India,FP.CPI.TOTL.ZG,"Inflation, consumer prices (annual %)",2017,3.32817337461305
IND,India,FP.CPI.TOTL.ZG,"Inflation, consumer prices (annual %)",2016,4.94821634062134
IND,India,FP.CPI.TOTL.ZG,"Inflation, consumer prices (annual %)",2015,4.90697344127249
IRL,Ireland,FP.CPI.TOTL.ZG,"Inflation, consumer prices (annual %)",2025,2.21044788475857
IRL,Ireland,FP.CPI.TOTL.ZG,"Inflation, consumer prices (annual %)",2024,2.11344999577317
IRL,Ireland,FP.CPI.TOTL.ZG,"Inflation, consumer prices (annual %)",2023,6.29942487419125
IRL,Ireland,FP.CPI.TOTL.ZG,"Inflation, consumer prices (annual %)",2022,7.82945736434105
IRL,Ireland,FP.CPI.TOTL.ZG,"Inflation, consumer prices (annual %)",2021,2.34034113447044
IRL,Ireland,FP.CPI.TOTL.ZG,"Inflation, consumer prices (annual %)",2020,-0.326183651280033
IRL,Ireland,FP.CPI.TOTL.ZG,"Inflation, consumer prices (annual %)",2019,0.937842961189274
IRL,Ireland,FP.CPI.TOTL.ZG,"Inflation, consumer prices (annual %)",2018,0.471130713712916
IRL,Ireland,FP.CPI.TOTL.ZG,"Inflation, consumer prices (annual %)",2017,0.362173038229378
IRL,Ireland,FP.CPI.TOTL.ZG,"Inflation, consumer prices (annual %)",2016,0.0201247735963237
IRL,Ireland,FP.CPI.TOTL.ZG,"Inflation, consumer prices (annual %)",2015,-0.330959783371788
ISL,Iceland,FP.CPI.TOTL.ZG,"Inflation, consumer prices (annual %)",2025,4.09085056006515
ISL,Iceland,FP.CPI.TOTL.ZG,"Inflation, consumer prices (annual %)",2024,5.85683849970072
ISL,Iceland,FP.CPI.TOTL.ZG,"Inflation, consumer prices (annual %)",2023,8.73630299937298
ISL,Iceland,FP.CPI.TOTL.ZG,"Inflation, consumer prices (annual %)",2022,8.30875511558912
ISL,Iceland,FP.CPI.TOTL.ZG,"Inflation, consumer prices (annual %)",2021,4.44423970189746
ISL,Iceland,FP.CPI.TOTL.ZG,"Inflation, consumer prices (annual %)",2020,2.84792401518657
ISL,Iceland,FP.CPI.TOTL.ZG,"Inflation, consumer prices (annual %)",2019,3.01397179156061
ISL,Iceland,FP.CPI.TOTL.ZG,"Inflation, consumer prices (annual %)",2018,2.68291768267392
ISL,Iceland,FP.CPI.TOTL.ZG,"Inflation, consumer prices (annual %)",2017,1.76041559180605
ISL,Iceland,FP.CPI.TOTL.ZG,"Inflation, consumer prices (annual %)",2016,1.69692761997734
ISL,Iceland,FP.CPI.TOTL.ZG,"Inflation, consumer prices (annual %)",2015,1.63305558181335
ISR,Israel,FP.CPI.TOTL.ZG,"Inflation, consumer prices (annual %)",2025,3.0414132155654
ISR,Israel,FP.CPI.TOTL.ZG,"Inflation, consumer prices (annual %)",2024,3.07480889805025
ISR,Israel,FP.CPI.TOTL.ZG,"Inflation, consumer prices (annual %)",2023,4.22522603168918
ISR,Israel,FP.CPI.TOTL.ZG,"Inflation, consumer prices (annual %)",2022,4.41162725488371
ISR,Israel,FP.CPI.TOTL.ZG,"Inflation, consumer prices (annual %)",2021,1.47965474722561
ISR,Israel,FP.CPI.TOTL.ZG,"Inflation, consumer prices (annual %)",2020,-0.575254620897756
ISR,Israel,FP.CPI.TOTL.ZG,"Inflation, consumer prices (annual %)",2019,0.817645940292794
ISR,Israel,FP.CPI.TOTL.ZG,"Inflation, consumer prices (annual %)",2018,0.805060379528526
ISR,Israel,FP.CPI.TOTL.ZG,"Inflation, consumer prices (annual %)",2017,0.249807840123008
ISR,Israel,FP.CPI.TOTL.ZG,"Inflation, consumer prices (annual %)",2016,-0.535168195718695
ISR,Israel,FP.CPI.TOTL.ZG,"Inflation, consumer prices (annual %)",2015,-0.617342577642765
ITA,Italy,FP.CPI.TOTL.ZG,"Inflation, consumer prices (annual %)",2025,1.5316682765282
ITA,Italy,FP.CPI.TOTL.ZG,"Inflation, consumer prices (annual %)",2024,0.982373023061417
ITA,Italy,FP.CPI.TOTL.ZG,"Inflation, consumer prices (annual %)",2023,5.62219442195901
ITA,Italy,FP.CPI.TOTL.ZG,"Inflation, consumer prices (annual %)",2022,8.20128991161718
ITA,Italy,FP.CPI.TOTL.ZG,"Inflation, consumer prices (annual %)",2021,1.87378325762481
ITA,Italy,FP.CPI.TOTL.ZG,"Inflation, consumer prices (annual %)",2020,-0.13770757391651
ITA,Italy,FP.CPI.TOTL.ZG,"Inflation, consumer prices (annual %)",2019,0.611246943765304
ITA,Italy,FP.CPI.TOTL.ZG,"Inflation, consumer prices (annual %)",2018,1.13748763600391
ITA,Italy,FP.CPI.TOTL.ZG,"Inflation, consumer prices (annual %)",2017,1.22653316645812
ITA,Italy,FP.CPI.TOTL.ZG,"Inflation, consumer prices (annual %)",2016,-0.09401665691575
ITA,Italy,FP.CPI.TOTL.ZG,"Inflation, consumer prices (annual %)",2015,0.0387903996579733
KAZ,Kazakhstan,FP.CPI.TOTL.ZG,"Inflation, consumer prices (annual %)",2025,11.3879454675914
KAZ,Kazakhstan,FP.CPI.TOTL.ZG,"Inflation, consumer prices (annual %)",2024,8.69082156104494
KAZ,Kazakhstan,FP.CPI.TOTL.ZG,"Inflation, consumer prices (annual %)",2023,14.5275597825952
KAZ,Kazakhstan,FP.CPI.TOTL.ZG,"Inflation, consumer prices (annual %)",2022,15.0278644440851
KAZ,Kazakhstan,FP.CPI.TOTL.ZG,"Inflation, consumer prices (annual %)",2021,8.04147134028401
KAZ,Kazakhstan,FP.CPI.TOTL.ZG,"Inflation, consumer prices (annual %)",2020,6.71815454861458
KAZ,Kazakhstan,FP.CPI.TOTL.ZG,"Inflation, consumer prices (annual %)",2019,5.33356098916669
KAZ,Kazakhstan,FP.CPI.TOTL.ZG,"Inflation, consumer prices (annual %)",2018,6.16366247577762
KAZ,Kazakhstan,FP.CPI.TOTL.ZG,"Inflation, consumer prices (annual %)",2017,7.44266321306792
KAZ,Kazakhstan,FP.CPI.TOTL.ZG,"Inflation, consumer prices (annual %)",2016,14.3610942386248
KAZ,Kazakhstan,FP.CPI.TOTL.ZG,"Inflation, consumer prices (annual %)",2015,6.67828585615236
KEN,Kenya,FP.CPI.TOTL.ZG,"Inflation, consumer prices (annual %)",2025,4.06912878540729
KEN,Kenya,FP.CPI.TOTL.ZG,"Inflation, consumer prices (annual %)",2024,4.48978854243448
KEN,Kenya,FP.CPI.TOTL.ZG,"Inflation, consumer prices (annual %)",2023,7.67139634029402
KEN,Kenya,FP.CPI.TOTL.ZG,"Inflation, consumer prices (annual %)",2022,7.65986268272224
KEN,Kenya,FP.CPI.TOTL.ZG,"Inflation, consumer prices (annual %)",2021,6.10793603659176
KEN,Kenya,FP.CPI.TOTL.ZG,"Inflation, consumer prices (annual %)",2020,5.40516207933392
KEN,Kenya,FP.CPI.TOTL.ZG,"Inflation, consumer prices (annual %)",2019,5.23963795764792
KEN,Kenya,FP.CPI.TOTL.ZG,"Inflation, consumer prices (annual %)",2018,4.6898064677633
KEN,Kenya,FP.CPI.TOTL.ZG,"Inflation, consumer prices (annual %)",2017,8.00564967709945
KEN,Kenya,FP.CPI.TOTL.ZG,"Inflation, consumer prices (annual %)",2016,6.29724953814625
KEN,Kenya,FP.CPI.TOTL.ZG,"Inflation, consumer prices (annual %)",2015,6.58215429284779
KWT,Kuwait,FP.CPI.TOTL.ZG,"Inflation, consumer prices (annual %)",2025,2.36195936682045
KWT,Kuwait,FP.CPI.TOTL.ZG,"Inflation, consumer prices (annual %)",2024,2.89855072463762
KWT,Kuwait,FP.CPI.TOTL.ZG,"Inflation, consumer prices (annual %)",2023,3.64216403030709
KWT,Kuwait,FP.CPI.TOTL.ZG,"Inflation, consumer prices (annual %)",2022,3.98064961990313
KWT,Kuwait,FP.CPI.TOTL.ZG,"Inflation, consumer prices (annual %)",2021,3.42362947609188
KWT,Kuwait,FP.CPI.TOTL.ZG,"Inflation, consumer prices (annual %)",2020,2.101729548274
KWT,Kuwait,FP.CPI.TOTL.ZG,"Inflation, consumer prices (annual %)",2019,1.09184802655856
KWT,Kuwait,FP.CPI.TOTL.ZG,"Inflation, consumer prices (annual %)",2018,0.543133148199567
KWT,Kuwait,FP.CPI.TOTL.ZG,"Inflation, consumer prices (annual %)",2017,2.17183298510006
KWT,Kuwait,FP.CPI.TOTL.ZG,"Inflation, consumer prices (annual %)",2016,3.19839776658374
KWT,Kuwait,FP.CPI.TOTL.ZG,"Inflation, consumer prices (annual %)",2015,3.27170166092133
ZJ,Latin America & Caribbean,FP.CPI.TOTL.ZG,"Inflation, consumer prices (annual %)",2025,2.30758626602756
ZJ,Latin America & Caribbean,FP.CPI.TOTL.ZG,"Inflation, consumer prices (annual %)",2024,3.46497037946077
ZJ,Latin America & Caribbean,FP.CPI.TOTL.ZG,"Inflation, consumer prices (annual %)",2023,4.63202285403356
ZJ,Latin America & Caribbean,FP.CPI.TOTL.ZG,"Inflation, consumer prices (annual %)",2022,8.08552554700602
ZJ,Latin America & Caribbean,FP.CPI.TOTL.ZG,"Inflation, consumer prices (annual %)",2021,3.87805442411131
ZJ,Latin America & Caribbean,FP.CPI.TOTL.ZG,"Inflation, consumer prices (annual %)",2020,1.49389017299587
ZJ,Latin America & Caribbean,FP.CPI.TOTL.ZG,"Inflation, consumer prices (annual %)",2019,2.18225589066245
ZJ,Latin America & Caribbean,FP.CPI.TOTL.ZG,"Inflation, consumer prices (annual %)",2018,2.37951733360489
ZJ,Latin America & Caribbean,FP.CPI.TOTL.ZG,"Inflation, consumer prices (annual %)",2017,2.19201010962985
ZJ,Latin America & Caribbean,FP.CPI.TOTL.ZG,"Inflation, consumer prices (annual %)",2016,1.65038994431573
ZJ,Latin America & Caribbean,FP.CPI.TOTL.ZG,"Inflation, consumer prices (annual %)",2015,1.86148302863371
LTU,Lithuania,FP.CPI.TOTL.ZG,"Inflation, consumer prices (annual %)",2025,3.79170510860467
LTU,Lithuania,FP.CPI.TOTL.ZG,"Inflation, consumer prices (annual %)",2024,0.715735835228723
LTU,Lithuania,FP.CPI.TOTL.ZG,"Inflation, consumer prices (annual %)",2023,9.11731962390475
LTU,Lithuania,FP.CPI.TOTL.ZG,"Inflation, consumer prices (annual %)",2022,19.7050461518394
LTU,Lithuania,FP.CPI.TOTL.ZG,"Inflation, consumer prices (annual %)",2021,4.68354420903453
LTU,Lithuania,FP.CPI.TOTL.ZG,"Inflation, consumer prices (annual %)",2020,1.19989444983569
LTU,Lithuania,FP.CPI.TOTL.ZG,"Inflation, consumer prices (annual %)",2019,2.33450937988027
LTU,Lithuania,FP.CPI.TOTL.ZG,"Inflation, consumer prices (annual %)",2018,2.69792779208394
LTU,Lithuania,FP.CPI.TOTL.ZG,"Inflation, consumer prices (annual %)",2017,3.72288862303707
LTU,Lithuania,FP.CPI.TOTL.ZG,"Inflation, consumer prices (annual %)",2016,0.905525075460342
LTU,Lithuania,FP.CPI.TOTL.ZG,"Inflation, consumer prices (annual %)",2015,-0.884097405500596
LVA,Latvia,FP.CPI.TOTL.ZG,"Inflation, consumer prices (annual %)",2025,3.74577316751945
LVA,Latvia,FP.CPI.TOTL.ZG,"Inflation, consumer prices (annual %)",2024,1.26579885828729
LVA,Latvia,FP.CPI.TOTL.ZG,"Inflation, consumer prices (annual %)",2023,8.9380462331663
LVA,Latvia,FP.CPI.TOTL.ZG,"Inflation, consumer prices (annual %)",2022,17.3102830198815
LVA,Latvia,FP.CPI.TOTL.ZG,"Inflation, consumer prices (annual %)",2021,3.27582937431165
LVA,Latvia,FP.CPI.TOTL.ZG,"Inflation, consumer prices (annual %)",2020,0.219064904841985
LVA,Latvia,FP.CPI.TOTL.ZG,"Inflation, consumer prices (annual %)",2019,2.81140920075624
LVA,Latvia,FP.CPI.TOTL.ZG,"Inflation, consumer prices (annual %)",2018,2.53445424186598
LVA,Latvia,FP.CPI.TOTL.ZG,"Inflation, consumer prices (annual %)",2017,2.93036312374665
LVA,Latvia,FP.CPI.TOTL.ZG,"Inflation, consumer prices (annual %)",2016,0.140633334505327
LVA,Latvia,FP.CPI.TOTL.ZG,"Inflation, consumer prices (annual %)",2015,0.174242243625186
MAC,Macao,FP.CPI.TOTL.ZG,"Inflation, consumer prices (annual %)",2025,0.333311677308542
MAC,Macao,FP.CPI.TOTL.ZG,"Inflation, consumer prices (annual %)",2024,0.672498598854365
MAC,Macao,FP.CPI.TOTL.ZG,"Inflation, consumer prices (annual %)",2023,0.476384495788075
MAC,Macao,FP.CPI.TOTL.ZG,"Inflation, consumer prices (annual %)",2022,1.04502802369954
MAC,Macao,FP.CPI.TOTL.ZG,"Inflation, consumer prices (annual %)",2021,0.0264543647055504
MAC,Macao,FP.CPI.TOTL.ZG,"Inflation, consumer prices (annual %)",2020,0.811410511491512
MAC,Macao,FP.CPI.TOTL.ZG,"Inflation, consumer prices (annual %)",2019,2.75193081051975
MAC,Macao,FP.CPI.TOTL.ZG,"Inflation, consumer prices (annual %)",2018,3.00446293166953
MAC,Macao,FP.CPI.TOTL.ZG,"Inflation, consumer prices (annual %)",2017,1.22812404052809
MAC,Macao,FP.CPI.TOTL.ZG,"Inflation, consumer prices (annual %)",2016,2.36895749705898
MAC,Macao,FP.CPI.TOTL.ZG,"Inflation, consumer prices (annual %)",2015,4.56056338028173
MAR,Morocco,FP.CPI.TOTL.ZG,"Inflation, consumer prices (annual %)",2025,0.701902154839545
MAR,Morocco,FP.CPI.TOTL.ZG,"Inflation, consumer prices (annual %)",2024,0.985256592004507
MAR,Morocco,FP.CPI.TOTL.ZG,"Inflation, consumer prices (annual %)",2023,6.09114152504141
MAR,Morocco,FP.CPI.TOTL.ZG,"Inflation, consumer prices (annual %)",2022,6.65704202759067
MAR,Morocco,FP.CPI.TOTL.ZG,"Inflation, consumer prices (annual %)",2021,1.40195883962006
MAR,Morocco,FP.CPI.TOTL.ZG,"Inflation, consumer prices (annual %)",2020,0.705968661338261
MAR,Morocco,FP.CPI.TOTL.ZG,"Inflation, consumer prices (annual %)",2019,0.303386036590383
MAR,Morocco,FP.CPI.TOTL.ZG,"Inflation, consumer prices (annual %)",2018,1.80391671141896
MAR,Morocco,FP.CPI.TOTL.ZG,"Inflation, consumer prices (annual %)",2017,0.754663249323619
MAR,Morocco,FP.CPI.TOTL.ZG,"Inflation, consumer prices (annual %)",2016,1.63531114327064
MAR,Morocco,FP.CPI.TOTL.ZG,"Inflation, consumer prices (annual %)",2015,1.5579071134626
MEX,Mexico,FP.CPI.TOTL.ZG,"Inflation, consumer prices (annual %)",2025,3.80668650726485
MEX,Mexico,FP.CPI.TOTL.ZG,"Inflation, consumer prices (annual %)",2024,4.72225588452932
MEX,Mexico,FP.CPI.TOTL.ZG,"Inflation, consumer prices (annual %)",2023,5.52796087314389
MEX,Mexico,FP.CPI.TOTL.ZG,"Inflation, consumer prices (annual %)",2022,7.8962761916855
MEX,Mexico,FP.CPI.TOTL.ZG,"Inflation, consumer prices (annual %)",2021,5.68920847683753
MEX,Mexico,FP.CPI.TOTL.ZG,"Inflation, consumer prices (annual %)",2020,3.39683415570006
MEX,Mexico,FP.CPI.TOTL.ZG,"Inflation, consumer prices (annual %)",2019,3.63596142127046
MEX,Mexico,FP.CPI.TOTL.ZG,"Inflation, consumer prices (annual %)",2018,4.89935015356551
MEX,Mexico,FP.CPI.TOTL.ZG,"Inflation, consumer prices (annual %)",2017,6.04145724018986
MEX,Mexico,FP.CPI.TOTL.ZG,"Inflation, consumer prices (annual %)",2016,2.8217078474766
MEX,Mexico,FP.CPI.TOTL.ZG,"Inflation, consumer prices (annual %)",2015,2.72064064964023
MKD,North Macedonia,FP.CPI.TOTL.ZG,"Inflation, consumer prices (annual %)",2025,4.07249176848348
MKD,North Macedonia,FP.CPI.TOTL.ZG,"Inflation, consumer prices (annual %)",2024,3.48974086026954
MKD,North Macedonia,FP.CPI.TOTL.ZG,"Inflation, consumer prices (annual %)",2023,9.36187249769015
MKD,North Macedonia,FP.CPI.TOTL.ZG,"Inflation, consumer prices (annual %)",2022,14.2047173195833
MKD,North Macedonia,FP.CPI.TOTL.ZG,"Inflation, consumer prices (annual %)",2021,3.23074912132928
MKD,North Macedonia,FP.CPI.TOTL.ZG,"Inflation, consumer prices (annual %)",2020,1.20007348888469
MKD,North Macedonia,FP.CPI.TOTL.ZG,"Inflation, consumer prices (annual %)",2019,0.766439573459805
MKD,North Macedonia,FP.CPI.TOTL.ZG,"Inflation, consumer prices (annual %)",2018,1.45831298507126
MKD,North Macedonia,FP.CPI.TOTL.ZG,"Inflation, consumer prices (annual %)",2017,1.35161889677442
MKD,North Macedonia,FP.CPI.TOTL.ZG,"Inflation, consumer prices (annual %)",2016,-0.239290787684501
MKD,North Macedonia,FP.CPI.TOTL.ZG,"Inflation, consumer prices (annual %)",2015,-0.299920475631462
XQ,"Middle East, North Africa, Afghanistan & Pakistan (excluding high income)",FP.CPI.TOTL.ZG,"Inflation, consumer prices (annual %)",2025,2.69360940778798
XQ,"Middle East, North Africa, Afghanistan & Pakistan (excluding high income)",FP.CPI.TOTL.ZG,"Inflation, consumer prices (annual %)",2024,4.04611455313434
XQ,"Middle East, North Africa, Afghanistan & Pakistan (excluding high income)",FP.CPI.TOTL.ZG,"Inflation, consumer prices (annual %)",2023,6.09114152504141
XQ,"Middle East, North Africa, Afghanistan & Pakistan (excluding high income)",FP.CPI.TOTL.ZG,"Inflation, consumer prices (annual %)",2022,8.30646124447623
XQ,"Middle East, North Africa, Afghanistan & Pakistan (excluding high income)",FP.CPI.TOTL.ZG,"Inflation, consumer prices (annual %)",2021,5.21404940513043
XQ,"Middle East, North Africa, Afghanistan & Pakistan (excluding high income)",FP.CPI.TOTL.ZG,"Inflation, consumer prices (annual %)",2020,2.41513094083414
XQ,"Middle East, North Africa, Afghanistan & Pakistan (excluding high income)",FP.CPI.TOTL.ZG,"Inflation, consumer prices (annual %)",2019,2.65388100453608
XQ,"Middle East, North Africa, Afghanistan & Pakistan (excluding high income)",FP.CPI.TOTL.ZG,"Inflation, consumer prices (annual %)",2018,4.36615064471282
XQ,"Middle East, North Africa, Afghanistan & Pakistan (excluding high income)",FP.CPI.TOTL.ZG,"Inflation, consumer prices (annual %)",2017,4.64865184428512
XQ,"Middle East, North Africa, Afghanistan & Pakistan (excluding high income)",FP.CPI.TOTL.ZG,"Inflation, consumer prices (annual %)",2016,3.69725926870481
XQ,"Middle East, North Africa, Afghanistan & Pakistan (excluding high income)",FP.CPI.TOTL.ZG,"Inflation, consumer prices (annual %)",2015,2.04361764300244
MNE,Montenegro,FP.CPI.TOTL.ZG,"Inflation, consumer prices (annual %)",2025,3.89960910704956
MNE,Montenegro,FP.CPI.TOTL.ZG,"Inflation, consumer prices (annual %)",2024,3.33675009282281
MNE,Montenegro,FP.CPI.TOTL.ZG,"Inflation, consumer prices (annual %)",2023,8.58476910455403
MNE,Montenegro,FP.CPI.TOTL.ZG,"Inflation, consumer prices (annual %)",2022,13.0403036347004
MNE,Montenegro,FP.CPI.TOTL.ZG,"Inflation, consumer prices (annual %)",2021,2.41080198403165
MNE,Montenegro,FP.CPI.TOTL.ZG,"Inflation, consumer prices (annual %)",2020,-0.255655699848551
MNE,Montenegro,FP.CPI.TOTL.ZG,"Inflation, consumer prices (annual %)",2019,0.361563704540767
MNE,Montenegro,FP.CPI.TOTL.ZG,"Inflation, consumer prices (annual %)",2018,2.611223782638
MNE,Montenegro,FP.CPI.TOTL.ZG,"Inflation, consumer prices (annual %)",2017,2.3802359905313
MNE,Montenegro,FP.CPI.TOTL.ZG,"Inflation, consumer prices (annual %)",2016,-0.271385023385176
MNE,Montenegro,FP.CPI.TOTL.ZG,"Inflation, consumer prices (annual %)",2015,1.54869158222486
MYS,Malaysia,FP.CPI.TOTL.ZG,"Inflation, consumer prices (annual %)",2025,1.38060872293692
MYS,Malaysia,FP.CPI.TOTL.ZG,"Inflation, consumer prices (annual %)",2024,1.834100204499
MYS,Malaysia,FP.CPI.TOTL.ZG,"Inflation, consumer prices (annual %)",2023,2.48886560125754
MYS,Malaysia,FP.CPI.TOTL.ZG,"Inflation, consumer prices (annual %)",2022,3.37869862549928
MYS,Malaysia,FP.CPI.TOTL.ZG,"Inflation, consumer prices (annual %)",2021,2.47710241465447
MYS,Malaysia,FP.CPI.TOTL.ZG,"Inflation, consumer prices (annual %)",2020,-1.1387021539305
MYS,Malaysia,FP.CPI.TOTL.ZG,"Inflation, consumer prices (annual %)",2019,0.662891865764326
MYS,Malaysia,FP.CPI.TOTL.ZG,"Inflation, consumer prices (annual %)",2018,0.884709160571235
MYS,Malaysia,FP.CPI.TOTL.ZG,"Inflation, consumer prices (annual %)",2017,3.87120115774237
MYS,Malaysia,FP.CPI.TOTL.ZG,"Inflation, consumer prices (annual %)",2016,2.09056659525742
MYS,Malaysia,FP.CPI.TOTL.ZG,"Inflation, consumer prices (annual %)",2015,2.10438980238359
NLD,Netherlands,FP.CPI.TOTL.ZG,"Inflation, consumer prices (annual %)",2025,3.2595766451366
NLD,Netherlands,FP.CPI.TOTL.ZG,"Inflation, consumer prices (annual %)",2024,3.34754304219953
NLD,Netherlands,FP.CPI.TOTL.ZG,"Inflation, consumer prices (annual %)",2023,3.83839354342808
NLD,Netherlands,FP.CPI.TOTL.ZG,"Inflation, consumer prices (annual %)",2022,10.0012078753473
NLD,Netherlands,FP.CPI.TOTL.ZG,"Inflation, consumer prices (annual %)",2021,2.67572008805385
NLD,Netherlands,FP.CPI.TOTL.ZG,"Inflation, consumer prices (annual %)",2020,1.27246037789161
NLD,Netherlands,FP.CPI.TOTL.ZG,"Inflation, consumer prices (annual %)",2019,2.63369910249591
NLD,Netherlands,FP.CPI.TOTL.ZG,"Inflation, consumer prices (annual %)",2018,1.70349794744479
NLD,Netherlands,FP.CPI.TOTL.ZG,"Inflation, consumer prices (annual %)",2017,1.38145871407216
NLD,Netherlands,FP.CPI.TOTL.ZG,"Inflation, consumer prices (annual %)",2016,0.316666666666652
NLD,Netherlands,FP.CPI.TOTL.ZG,"Inflation, consumer prices (annual %)",2015,0.600248147278776
NOR,Norway,FP.CPI.TOTL.ZG,"Inflation, consumer prices (annual %)",2025,3.05562484410077
NOR,Norway,FP.CPI.TOTL.ZG,"Inflation, consumer prices (annual %)",2024,3.14530134431081
NOR,Norway,FP.CPI.TOTL.ZG,"Inflation, consumer prices (annual %)",2023,5.51784987104659
NOR,Norway,FP.CPI.TOTL.ZG,"Inflation, consumer prices (annual %)",2022,5.76412317852272
NOR,Norway,FP.CPI.TOTL.ZG,"Inflation, consumer prices (annual %)",2021,3.48388055266669
NOR,Norway,FP.CPI.TOTL.ZG,"Inflation, consumer prices (annual %)",2020,1.28658490707996
NOR,Norway,FP.CPI.TOTL.ZG,"Inflation, consumer prices (annual %)",2019,2.16773003305411
NOR,Norway,FP.CPI.TOTL.ZG,"Inflation, consumer prices (annual %)",2018,2.76483134528797
NOR,Norway,FP.CPI.TOTL.ZG,"Inflation, consumer prices (annual %)",2017,1.87510059552545
NOR,Norway,FP.CPI.TOTL.ZG,"Inflation, consumer prices (annual %)",2016,3.55000000000007
NOR,Norway,FP.CPI.TOTL.ZG,"Inflation, consumer prices (annual %)",2015,2.17113665389527
NZL,New Zealand,FP.CPI.TOTL.ZG,"Inflation, consumer prices (annual %)",2025,2.8397963180572
NZL,New Zealand,FP.CPI.TOTL.ZG,"Inflation, consumer prices (annual %)",2024,2.92279782301957
NZL,New Zealand,FP.CPI.TOTL.ZG,"Inflation, consumer prices (annual %)",2023,5.73316283034957
NZL,New Zealand,FP.CPI.TOTL.ZG,"Inflation, consumer prices (annual %)",2022,7.17222476016441
NZL,New Zealand,FP.CPI.TOTL.ZG,"Inflation, consumer prices (annual %)",2021,3.94112060778728
NZL,New Zealand,FP.CPI.TOTL.ZG,"Inflation, consumer prices (annual %)",2020,1.71456170007245
NZL,New Zealand,FP.CPI.TOTL.ZG,"Inflation, consumer prices (annual %)",2019,1.61963190184048
NZL,New Zealand,FP.CPI.TOTL.ZG,"Inflation, consumer prices (annual %)",2018,1.59829703801696
NZL,New Zealand,FP.CPI.TOTL.ZG,"Inflation, consumer prices (annual %)",2017,1.85078767452536
NZL,New Zealand,FP.CPI.TOTL.ZG,"Inflation, consumer prices (annual %)",2016,0.646240284454524
NZL,New Zealand,FP.CPI.TOTL.ZG,"Inflation, consumer prices (annual %)",2015,0.292704628136101
OMN,Oman,FP.CPI.TOTL.ZG,"Inflation, consumer prices (annual %)",2025,0.967741935483928
OMN,Oman,FP.CPI.TOTL.ZG,"Inflation, consumer prices (annual %)",2024,0.593589236248469
OMN,Oman,FP.CPI.TOTL.ZG,"Inflation, consumer prices (annual %)",2023,0.950782997762827
OMN,Oman,FP.CPI.TOTL.ZG,"Inflation, consumer prices (annual %)",2022,2.5061425061425
OMN,Oman,FP.CPI.TOTL.ZG,"Inflation, consumer prices (annual %)",2021,1.68221185876085
OMN,Oman,FP.CPI.TOTL.ZG,"Inflation, consumer prices (annual %)",2020,-0.40640291946585
OMN,Oman,FP.CPI.TOTL.ZG,"Inflation, consumer prices (annual %)",2019,0.490815362820671
OMN,Oman,FP.CPI.TOTL.ZG,"Inflation, consumer prices (annual %)",2018,0.889312370970404
OMN,Oman,FP.CPI.TOTL.ZG,"Inflation, consumer prices (annual %)",2017,1.58909413567799
OMN,Oman,FP.CPI.TOTL.ZG,"Inflation, consumer prices (annual %)",2016,1.10920805807027
OMN,Oman,FP.CPI.TOTL.ZG,"Inflation, consumer prices (annual %)",2015,0.0652901330286599
PHL,Philippines,FP.CPI.TOTL.ZG,"Inflation, consumer prices (annual %)",2025,1.6587364525509
PHL,Philippines,FP.CPI.TOTL.ZG,"Inflation, consumer prices (annual %)",2024,3.21260487006347
PHL,Philippines,FP.CPI.TOTL.ZG,"Inflation, consumer prices (annual %)",2023,5.97802515541409
PHL,Philippines,FP.CPI.TOTL.ZG,"Inflation, consumer prices (annual %)",2022,5.82115811213955
PHL,Philippines,FP.CPI.TOTL.ZG,"Inflation, consumer prices (annual %)",2021,3.92718022100332
PHL,Philippines,FP.CPI.TOTL.ZG,"Inflation, consumer prices (annual %)",2020,2.3931623931624
PHL,Philippines,FP.CPI.TOTL.ZG,"Inflation, consumer prices (annual %)",2019,2.39206534422404
PHL,Philippines,FP.CPI.TOTL.ZG,"Inflation, consumer prices (annual %)",2018,5.30934661627707
PHL,Philippines,FP.CPI.TOTL.ZG,"Inflation, consumer prices (annual %)",2017,2.85318772590947
PHL,Philippines,FP.CPI.TOTL.ZG,"Inflation, consumer prices (annual %)",2016,1.25369880080982
PHL,Philippines,FP.CPI.TOTL.ZG,"Inflation, consumer prices (annual %)",2015,0.674192536845408
POL,Poland,FP.CPI.TOTL.ZG,"Inflation, consumer prices (annual %)",2025,3.81419531520146
POL,Poland,FP.CPI.TOTL.ZG,"Inflation, consumer prices (annual %)",2024,3.79060897630197
POL,Poland,FP.CPI.TOTL.ZG,"Inflation, consumer prices (annual %)",2023,11.5289127961105
POL,Poland,FP.CPI.TOTL.ZG,"Inflation, consumer prices (annual %)",2022,14.4294507575758
POL,Poland,FP.CPI.TOTL.ZG,"Inflation, consumer prices (annual %)",2021,5.05502704719272
POL,Poland,FP.CPI.TOTL.ZG,"Inflation, consumer prices (annual %)",2020,3.37446972618589
POL,Poland,FP.CPI.TOTL.ZG,"Inflation, consumer prices (annual %)",2019,2.22747880938291
POL,Poland,FP.CPI.TOTL.ZG,"Inflation, consumer prices (annual %)",2018,1.81295156542689
POL,Poland,FP.CPI.TOTL.ZG,"Inflation, consumer prices (annual %)",2017,2.07593553673859
POL,Poland,FP.CPI.TOTL.ZG,"Inflation, consumer prices (annual %)",2016,-0.664767331433962
POL,Poland,FP.CPI.TOTL.ZG,"Inflation, consumer prices (annual %)",2015,-0.874125874125862
QAT,Qatar,FP.CPI.TOTL.ZG,"Inflation, consumer prices (annual %)",2024,1.26734310292375
QAT,Qatar,FP.CPI.TOTL.ZG,"Inflation, consumer prices (annual %)",2023,3.02764899198902
QAT,Qatar,FP.CPI.TOTL.ZG,"Inflation, consumer prices (annual %)",2022,4.99527553740761
QAT,Qatar,FP.CPI.TOTL.ZG,"Inflation, consumer prices (annual %)",2021,2.30446565742003
QAT,Qatar,FP.CPI.TOTL.ZG,"Inflation, consumer prices (annual %)",2020,-2.5403150300476
QAT,Qatar,FP.CPI.TOTL.ZG,"Inflation, consumer prices (annual %)",2019,-0.666641124861147
QAT,Qatar,FP.CPI.TOTL.ZG,"Inflation, consumer prices (annual %)",2018,0.255815382724408
QAT,Qatar,FP.CPI.TOTL.ZG,"Inflation, consumer prices (annual %)",2017,0.394878914083005
QAT,Qatar,FP.CPI.TOTL.ZG,"Inflation, consumer prices (annual %)",2016,2.6765917009819
QAT,Qatar,FP.CPI.TOTL.ZG,"Inflation, consumer prices (annual %)",2015,1.8140772393776
ROU,Romania,FP.CPI.TOTL.ZG,"Inflation, consumer prices (annual %)",2025,7.18903362292063
ROU,Romania,FP.CPI.TOTL.ZG,"Inflation, consumer prices (annual %)",2024,5.72140574354439
ROU,Romania,FP.CPI.TOTL.ZG,"Inflation, consumer prices (annual %)",2023,10.3971874764996
ROU,Romania,FP.CPI.TOTL.ZG,"Inflation, consumer prices (annual %)",2022,13.7954887432521
ROU,Romania,FP.CPI.TOTL.ZG,"Inflation, consumer prices (annual %)",2021,5.05232876096582
ROU,Romania,FP.CPI.TOTL.ZG,"Inflation, consumer prices (annual %)",2020,2.63107311184743
ROU,Romania,FP.CPI.TOTL.ZG,"Inflation, consumer prices (annual %)",2019,3.82785432599438
ROU,Romania,FP.CPI.TOTL.ZG,"Inflation, consumer prices (annual %)",2018,4.62548443137779
ROU,Romania,FP.CPI.TOTL.ZG,"Inflation, consumer prices (annual %)",2017,1.3390212110439
ROU,Romania,FP.CPI.TOTL.ZG,"Inflation, consumer prices (annual %)",2016,-1.54479666813897
ROU,Romania,FP.CPI.TOTL.ZG,"Inflation, consumer prices (annual %)",2015,-0.594156437495203
RUS,Russia,FP.CPI.TOTL.ZG,"Inflation, consumer prices (annual %)",2025,8.71986939402666
RUS,Russia,FP.CPI.TOTL.ZG,"Inflation, consumer prices (annual %)",2024,8.43486410496723
RUS,Russia,FP.CPI.TOTL.ZG,"Inflation, consumer prices (annual %)",2023,5.86571931748967
RUS,Russia,FP.CPI.TOTL.ZG,"Inflation, consumer prices (annual %)",2022,13.7436797398232
RUS,Russia,FP.CPI.TOTL.ZG,"Inflation, consumer prices (annual %)",2021,6.69445891957612
RUS,Russia,FP.CPI.TOTL.ZG,"Inflation, consumer prices (annual %)",2020,3.38219796948068
RUS,Russia,FP.CPI.TOTL.ZG,"Inflation, consumer prices (annual %)",2019,4.47202631837903
RUS,Russia,FP.CPI.TOTL.ZG,"Inflation, consumer prices (annual %)",2018,2.87831382614981
RUS,Russia,FP.CPI.TOTL.ZG,"Inflation, consumer prices (annual %)",2017,3.68333072334495
RUS,Russia,FP.CPI.TOTL.ZG,"Inflation, consumer prices (annual %)",2016,7.04243725413707
RUS,Russia,FP.CPI.TOTL.ZG,"Inflation, consumer prices (annual %)",2015,15.5343959935701
8S,South Asia,FP.CPI.TOTL.ZG,"Inflation, consumer prices (annual %)",2025,3.10423966443212
8S,South Asia,FP.CPI.TOTL.ZG,"Inflation, consumer prices (annual %)",2024,3.72320611944934
8S,South Asia,FP.CPI.TOTL.ZG,"Inflation, consumer prices (annual %)",2023,6.38250790219375
8S,South Asia,FP.CPI.TOTL.ZG,"Inflation, consumer prices (annual %)",2022,7.18461996730069
8S,South Asia,FP.CPI.TOTL.ZG,"Inflation, consumer prices (annual %)",2021,5.33853088974918
8S,South Asia,FP.CPI.TOTL.ZG,"Inflation, consumer prices (annual %)",2020,5.6602199868936
8S,South Asia,FP.CPI.TOTL.ZG,"Inflation, consumer prices (annual %)",2019,3.62894965885467
8S,South Asia,FP.CPI.TOTL.ZG,"Inflation, consumer prices (annual %)",2018,3.33139516437678
8S,South Asia,FP.CPI.TOTL.ZG,"Inflation, consumer prices (annual %)",2017,4.14162852223217
8S,South Asia,FP.CPI.TOTL.ZG,"Inflation, consumer prices (annual %)",2016,4.45355240327602
8S,South Asia,FP.CPI.TOTL.ZG,"Inflation, consumer prices (annual %)",2015,4.72755869604727
SAU,Saudi Arabia,FP.CPI.TOTL.ZG,"Inflation, consumer prices (annual %)",2025,2.08420853585036
SAU,Saudi Arabia,FP.CPI.TOTL.ZG,"Inflation, consumer prices (annual %)",2024,1.68792112375809
SAU,Saudi Arabia,FP.CPI.TOTL.ZG,"Inflation, consumer prices (annual %)",2023,2.32708518362706
SAU,Saudi Arabia,FP.CPI.TOTL.ZG,"Inflation, consumer prices (annual %)",2022,2.47407371925372
SAU,Saudi Arabia,FP.CPI.TOTL.ZG,"Inflation, consumer prices (annual %)",2021,3.06328988941548
SAU,Saudi Arabia,FP.CPI.TOTL.ZG,"Inflation, consumer prices (annual %)",2020,3.37234961012303
SAU,Saudi Arabia,FP.CPI.TOTL.ZG,"Inflation, consumer prices (annual %)",2019,-1.19298644533328
SAU,Saudi Arabia,FP.CPI.TOTL.ZG,"Inflation, consumer prices (annual %)",2018,2.46594308994843
SAU,Saudi Arabia,FP.CPI.TOTL.ZG,"Inflation, consumer prices (annual %)",2017,-0.834845735027162
SAU,Saudi Arabia,FP.CPI.TOTL.ZG,"Inflation, consumer prices (annual %)",2016,2.05347076823965
SAU,Saudi Arabia,FP.CPI.TOTL.ZG,"Inflation, consumer prices (annual %)",2015,1.22269318552328
SGP,Singapore,FP.CPI.TOTL.ZG,"Inflation, consumer prices (annual %)",2025,0.902998495002676
SGP,Singapore,FP.CPI.TOTL.ZG,"Inflation, consumer prices (annual %)",2024,2.38951123595017
SGP,Singapore,FP.CPI.TOTL.ZG,"Inflation, consumer prices (annual %)",2023,4.83372362825798
SGP,Singapore,FP.CPI.TOTL.ZG,"Inflation, consumer prices (annual %)",2022,6.13095418919732
SGP,Singapore,FP.CPI.TOTL.ZG,"Inflation, consumer prices (annual %)",2021,2.31610315765146
SGP,Singapore,FP.CPI.TOTL.ZG,"Inflation, consumer prices (annual %)",2020,-0.172111865925382
SGP,Singapore,FP.CPI.TOTL.ZG,"Inflation, consumer prices (annual %)",2019,0.567829988405447
SGP,Singapore,FP.CPI.TOTL.ZG,"Inflation, consumer prices (annual %)",2018,0.438784215129623
SGP,Singapore,FP.CPI.TOTL.ZG,"Inflation, consumer prices (annual %)",2017,0.576763191179996
SGP,Singapore,FP.CPI.TOTL.ZG,"Inflation, consumer prices (annual %)",2016,-0.529809760375464
SGP,Singapore,FP.CPI.TOTL.ZG,"Inflation, consumer prices (annual %)",2015,-0.521975611895763
SRB,Serbia,FP.CPI.TOTL.ZG,"Inflation, consumer prices (annual %)",2025,3.8903678606001
SRB,Serbia,FP.CPI.TOTL.ZG,"Inflation, consumer prices (annual %)",2024,4.6705297488997
SRB,Serbia,FP.CPI.TOTL.ZG,"Inflation, consumer prices (annual %)",2023,12.3719043552519
SRB,Serbia,FP.CPI.TOTL.ZG,"Inflation, consumer prices (annual %)",2022,11.9815117344703
SRB,Serbia,FP.CPI.TOTL.ZG,"Inflation, consumer prices (annual %)",2021,4.08510285335102
SRB,Serbia,FP.CPI.TOTL.ZG,"Inflation, consumer prices (annual %)",2020,1.57553290083415
SRB,Serbia,FP.CPI.TOTL.ZG,"Inflation, consumer prices (annual %)",2019,1.84922984511086
SRB,Serbia,FP.CPI.TOTL.ZG,"Inflation, consumer prices (annual %)",2018,1.95984076293801
SRB,Serbia,FP.CPI.TOTL.ZG,"Inflation, consumer prices (annual %)",2017,3.13106248590115
SRB,Serbia,FP.CPI.TOTL.ZG,"Inflation, consumer prices (annual %)",2016,1.12231397417769
SRB,Serbia,FP.CPI.TOTL.ZG,"Inflation, consumer prices (annual %)",2015,1.39235822000187
ZG,Sub-Saharan Africa,FP.CPI.TOTL.ZG,"Inflation, consumer prices (annual %)",2025,3.40373458279055
ZG,Sub-Saharan Africa,FP.CPI.TOTL.ZG,"Inflation, consumer prices (annual %)",2024,4.30009584697999
ZG,Sub-Saharan Africa,FP.CPI.TOTL.ZG,"Inflation, consumer prices (annual %)",2023,6.69759990789845
ZG,Sub-Saharan Africa,FP.CPI.TOTL.ZG,"Inflation, consumer prices (annual %)",2022,9.45801281304023
ZG,Sub-Saharan Africa,FP.CPI.TOTL.ZG,"Inflation, consumer prices (annual %)",2021,4.43905481215002
ZG,Sub-Saharan Africa,FP.CPI.TOTL.ZG,"Inflation, consumer prices (annual %)",2020,3.39862928518853
ZG,Sub-Saharan Africa,FP.CPI.TOTL.ZG,"Inflation, consumer prices (annual %)",2019,2.867588034469
ZG,Sub-Saharan Africa,FP.CPI.TOTL.ZG,"Inflation, consumer prices (annual %)",2018,3.91133439990729
ZG,Sub-Saharan Africa,FP.CPI.TOTL.ZG,"Inflation, consumer prices (annual %)",2017,5.18618655524149
ZG,Sub-Saharan Africa,FP.CPI.TOTL.ZG,"Inflation, consumer prices (annual %)",2016,5.30264297710325
ZG,Sub-Saharan Africa,FP.CPI.TOTL.ZG,"Inflation, consumer prices (annual %)",2015,3.47238752883652
SWE,Sweden,FP.CPI.TOTL.ZG,"Inflation, consumer prices (annual %)",2025,0.679869285243995
SWE,Sweden,FP.CPI.TOTL.ZG,"Inflation, consumer prices (annual %)",2024,2.83581658224034
SWE,Sweden,FP.CPI.TOTL.ZG,"Inflation, consumer prices (annual %)",2023,8.5486248974891
SWE,Sweden,FP.CPI.TOTL.ZG,"Inflation, consumer prices (annual %)",2022,8.36929098869189
SWE,Sweden,FP.CPI.TOTL.ZG,"Inflation, consumer prices (annual %)",2021,2.16319736447143
SWE,Sweden,FP.CPI.TOTL.ZG,"Inflation, consumer prices (annual %)",2020,0.497367318853572
SWE,Sweden,FP.CPI.TOTL.ZG,"Inflation, consumer prices (annual %)",2019,1.78415097403835
SWE,Sweden,FP.CPI.TOTL.ZG,"Inflation, consumer prices (annual %)",2018,1.95353530127028
SWE,Sweden,FP.CPI.TOTL.ZG,"Inflation, consumer prices (annual %)",2017,1.79449904665599
SWE,Sweden,FP.CPI.TOTL.ZG,"Inflation, consumer prices (annual %)",2016,0.984269244577992
SWE,Sweden,FP.CPI.TOTL.ZG,"Inflation, consumer prices (annual %)",2015,-0.0467847449832812
THA,Thailand,FP.CPI.TOTL.ZG,"Inflation, consumer prices (annual %)",2025,-0.133634356480207
THA,Thailand,FP.CPI.TOTL.ZG,"Inflation, consumer prices (annual %)",2024,0.398333333333422
THA,Thailand,FP.CPI.TOTL.ZG,"Inflation, consumer prices (annual %)",2023,1.22908986612448
THA,Thailand,FP.CPI.TOTL.ZG,"Inflation, consumer prices (annual %)",2022,6.07589952842433
THA,Thailand,FP.CPI.TOTL.ZG,"Inflation, consumer prices (annual %)",2021,1.23104516549814
THA,Thailand,FP.CPI.TOTL.ZG,"Inflation, consumer prices (annual %)",2020,-0.846087518861799
THA,Thailand,FP.CPI.TOTL.ZG,"Inflation, consumer prices (annual %)",2019,0.705524801910317
THA,Thailand,FP.CPI.TOTL.ZG,"Inflation, consumer prices (annual %)",2018,1.06683487370758
THA,Thailand,FP.CPI.TOTL.ZG,"Inflation, consumer prices (annual %)",2017,0.664415139830893
THA,Thailand,FP.CPI.TOTL.ZG,"Inflation, consumer prices (annual %)",2016,0.186235191075453
THA,Thailand,FP.CPI.TOTL.ZG,"Inflation, consumer prices (annual %)",2015,-0.898143410569433
TUN,Tunisia,FP.CPI.TOTL.ZG,"Inflation, consumer prices (annual %)",2025,5.15100197572676
TUN,Tunisia,FP.CPI.TOTL.ZG,"Inflation, consumer prices (annual %)",2024,7.20661657168794
TUN,Tunisia,FP.CPI.TOTL.ZG,"Inflation, consumer prices (annual %)",2023,9.32899597507865
TUN,Tunisia,FP.CPI.TOTL.ZG,"Inflation, consumer prices (annual %)",2022,8.30646124447623
TUN,Tunisia,FP.CPI.TOTL.ZG,"Inflation, consumer prices (annual %)",2021,5.706350208307
TUN,Tunisia,FP.CPI.TOTL.ZG,"Inflation, consumer prices (annual %)",2020,5.63415115897625
TUN,Tunisia,FP.CPI.TOTL.ZG,"Inflation, consumer prices (annual %)",2019,6.72007532863799
TUN,Tunisia,FP.CPI.TOTL.ZG,"Inflation, consumer prices (annual %)",2018,7.30759176031652
TUN,Tunisia,FP.CPI.TOTL.ZG,"Inflation, consumer prices (annual %)",2017,5.30884839565844
TUN,Tunisia,FP.CPI.TOTL.ZG,"Inflation, consumer prices (annual %)",2016,3.62939937384381
TUN,Tunisia,FP.CPI.TOTL.ZG,"Inflation, consumer prices (annual %)",2015,4.437371273215
TUR,Türkiye,FP.CPI.TOTL.ZG,"Inflation, consumer prices (annual %)",2025,34.8811629820306
TUR,Türkiye,FP.CPI.TOTL.ZG,"Inflation, consumer prices (annual %)",2024,58.5064507300342
TUR,Türkiye,FP.CPI.TOTL.ZG,"Inflation, consumer prices (annual %)",2023,53.8594087593315
TUR,Türkiye,FP.CPI.TOTL.ZG,"Inflation, consumer prices (annual %)",2022,72.3088359891207
TUR,Türkiye,FP.CPI.TOTL.ZG,"Inflation, consumer prices (annual %)",2021,19.5964926913324
TUR,Türkiye,FP.CPI.TOTL.ZG,"Inflation, consumer prices (annual %)",2020,12.2789574462574
TUR,Türkiye,FP.CPI.TOTL.ZG,"Inflation, consumer prices (annual %)",2019,15.1768215720022
TUR,Türkiye,FP.CPI.TOTL.ZG,"Inflation, consumer prices (annual %)",2018,16.3324638988929
TUR,Türkiye,FP.CPI.TOTL.ZG,"Inflation, consumer prices (annual %)",2017,11.1443110840764
TUR,Türkiye,FP.CPI.TOTL.ZG,"Inflation, consumer prices (annual %)",2016,7.7751341532833
TUR,Türkiye,FP.CPI.TOTL.ZG,"Inflation, consumer prices (annual %)",2015,7.67085364845885
UGA,Uganda,FP.CPI.TOTL.ZG,"Inflation, consumer prices (annual %)",2025,3.58082784438067
UGA,Uganda,FP.CPI.TOTL.ZG,"Inflation, consumer prices (annual %)",2024,3.32338033691819
UGA,Uganda,FP.CPI.TOTL.ZG,"Inflation, consumer prices (annual %)",2023,5.35094804280395
UGA,Uganda,FP.CPI.TOTL.ZG,"Inflation, consumer prices (annual %)",2022,7.1957888597581
UGA,Uganda,FP.CPI.TOTL.ZG,"Inflation, consumer prices (annual %)",2021,2.20457204757414
UGA,Uganda,FP.CPI.TOTL.ZG,"Inflation, consumer prices (annual %)",2020,3.31332289544502
UGA,Uganda,FP.CPI.TOTL.ZG,"Inflation, consumer prices (annual %)",2019,2.867588034469
UGA,Uganda,FP.CPI.TOTL.ZG,"Inflation, consumer prices (annual %)",2018,2.61601190952274
UGA,Uganda,FP.CPI.TOTL.ZG,"Inflation, consumer prices (annual %)",2017,5.20971705914209
UGA,Uganda,FP.CPI.TOTL.ZG,"Inflation, consumer prices (annual %)",2016,5.70637504616212
UGA,Uganda,FP.CPI.TOTL.ZG,"Inflation, consumer prices (annual %)",2015,5.58968606251725
USA,United States,FP.CPI.TOTL.ZG,"Inflation, consumer prices (annual %)",2024,2.94952520485207
USA,United States,FP.CPI.TOTL.ZG,"Inflation, consumer prices (annual %)",2023,4.11633838374488
USA,United States,FP.CPI.TOTL.ZG,"Inflation, consumer prices (annual %)",2022,8.00279982052121
USA,United States,FP.CPI.TOTL.ZG,"Inflation, consumer prices (annual %)",2021,4.69785886363742
USA,United States,FP.CPI.TOTL.ZG,"Inflation, consumer prices (annual %)",2020,1.23358439630629
USA,United States,FP.CPI.TOTL.ZG,"Inflation, consumer prices (annual %)",2019,1.81221007526021
USA,United States,FP.CPI.TOTL.ZG,"Inflation, consumer prices (annual %)",2018,2.44258329692817
USA,United States,FP.CPI.TOTL.ZG,"Inflation, consumer prices (annual %)",2017,2.13011000365961
USA,United States,FP.CPI.TOTL.ZG,"Inflation, consumer prices (annual %)",2016,1.26158320570536
USA,United States,FP.CPI.TOTL.ZG,"Inflation, consumer prices (annual %)",2015,0.118627135552451
VNM,Vietnam,FP.CPI.TOTL.ZG,"Inflation, consumer prices (annual %)",2025,3.3099931421974
VNM,Vietnam,FP.CPI.TOTL.ZG,"Inflation, consumer prices (annual %)",2024,3.62109273885844
VNM,Vietnam,FP.CPI.TOTL.ZG,"Inflation, consumer prices (annual %)",2023,3.25289282667662
VNM,Vietnam,FP.CPI.TOTL.ZG,"Inflation, consumer prices (annual %)",2022,3.15650749963112
VNM,Vietnam,FP.CPI.TOTL.ZG,"Inflation, consumer prices (annual %)",2021,1.83471554810462
VNM,Vietnam,FP.CPI.TOTL.ZG,"Inflation, consumer prices (annual %)",2020,3.22093436652515
VNM,Vietnam,FP.CPI.TOTL.ZG,"Inflation, consumer prices (annual %)",2019,2.79582367452244
VNM,Vietnam,FP.CPI.TOTL.ZG,"Inflation, consumer prices (annual %)",2018,3.53962805942641
VNM,Vietnam,FP.CPI.TOTL.ZG,"Inflation, consumer prices (annual %)",2017,3.52025688811618
VNM,Vietnam,FP.CPI.TOTL.ZG,"Inflation, consumer prices (annual %)",2016,2.66824816969082
VNM,Vietnam,FP.CPI.TOTL.ZG,"Inflation, consumer prices (annual %)",2015,0.631200905175685
1W,World,FP.CPI.TOTL.ZG,"Inflation, consumer prices (annual %)",2025,3.0414132155654
1W,World,FP.CPI.TOTL.ZG,"Inflation, consumer prices (annual %)",2024,3.01447576977999
1W,World,FP.CPI.TOTL.ZG,"Inflation, consumer prices (annual %)",2023,5.79944107391962
1W,World,FP.CPI.TOTL.ZG,"Inflation, consumer prices (annual %)",2022,8.08169507021982
1W,World,FP.CPI.TOTL.ZG,"Inflation, consumer prices (annual %)",2021,3.47540320289875
1W,World,FP.CPI.TOTL.ZG,"Inflation, consumer prices (annual %)",2020,1.90509722047501
1W,World,FP.CPI.TOTL.ZG,"Inflation, consumer prices (annual %)",2019,2.20607305781525
1W,World,FP.CPI.TOTL.ZG,"Inflation, consumer prices (annual %)",2018,2.44258329692817
1W,World,FP.CPI.TOTL.ZG,"Inflation, consumer prices (annual %)",2017,2.22314331448899
1W,World,FP.CPI.TOTL.ZG,"Inflation, consumer prices (annual %)",2016,1.59691227583204
1W,World,FP.CPI.TOTL.ZG,"Inflation, consumer prices (annual %)",2015,1.43702380935655
ZAF,South Africa,FP.CPI.TOTL.ZG,"Inflation, consumer prices (annual %)",2025,3.20550474112603
ZAF,South Africa,FP.CPI.TOTL.ZG,"Inflation, consumer prices (annual %)",2024,4.36115246518962
ZAF,South Africa,FP.CPI.TOTL.ZG,"Inflation, consumer prices (annual %)",2023,6.0752438457966
ZAF,South Africa,FP.CPI.TOTL.ZG,"Inflation, consumer prices (annual %)",2022,7.03987272546482
ZAF,South Africa,FP.CPI.TOTL.ZG,"Inflation, consumer prices (annual %)",2021,4.61874544887136
ZAF,South Africa,FP.CPI.TOTL.ZG,"Inflation, consumer prices (annual %)",2020,3.23238831615113
ZAF,South Africa,FP.CPI.TOTL.ZG,"Inflation, consumer prices (annual %)",2019,4.10285075461156
ZAF,South Africa,FP.CPI.TOTL.ZG,"Inflation, consumer prices (annual %)",2018,4.50987264867388
ZAF,South Africa,FP.CPI.TOTL.ZG,"Inflation, consumer prices (annual %)",2017,5.18618655524149
ZAF,South Africa,FP.CPI.TOTL.ZG,"Inflation, consumer prices (annual %)",2016,6.60290842394872
ZAF,South Africa,FP.CPI.TOTL.ZG,"Inflation, consumer prices (annual %)",2015,4.51869094892506
AUS,Australia,FR.INR.RINR,Real interest rate (%),2019,1.56982320729507
AUS,Australia,FR.INR.RINR,Real interest rate (%),2018,3.35275994582846
AUS,Australia,FR.INR.RINR,Real interest rate (%),2017,1.54300485864138
AUS,Australia,FR.INR.RINR,Real interest rate (%),2016,6.13556882319326
AUS,Australia,FR.INR.RINR,Real interest rate (%),2015,6.24156802765539
BGR,Bulgaria,FR.INR.RINR,Real interest rate (%),2025,-2.95808031498756
BGR,Bulgaria,FR.INR.RINR,Real interest rate (%),2024,-2.48912969459128
BGR,Bulgaria,FR.INR.RINR,Real interest rate (%),2023,-3.30310621827135
BGR,Bulgaria,FR.INR.RINR,Real interest rate (%),2022,-10.5009181580769
BGR,Bulgaria,FR.INR.RINR,Real interest rate (%),2021,-2.6643172436174
BGR,Bulgaria,FR.INR.RINR,Real interest rate (%),2020,-0.0127211094254676
BGR,Bulgaria,FR.INR.RINR,Real interest rate (%),2019,-0.696634442097631
BGR,Bulgaria,FR.INR.RINR,Real interest rate (%),2018,0.698365071914759
BGR,Bulgaria,FR.INR.RINR,Real interest rate (%),2017,0.597669739835009
BGR,Bulgaria,FR.INR.RINR,Real interest rate (%),2016,2.97072401604198
BGR,Bulgaria,FR.INR.RINR,Real interest rate (%),2015,4.3722444268298
BHR,Bahrain,FR.INR.RINR,Real interest rate (%),2015,15.2531776895774
CAN,Canada,FR.INR.RINR,Real interest rate (%),2017,0.125617247961227
CAN,Canada,FR.INR.RINR,Real interest rate (%),2016,1.96890699902506
CAN,Canada,FR.INR.RINR,Real interest rate (%),2015,3.67453323922593
CHN,China,FR.INR.RINR,Real interest rate (%),2024,5.15344182022933
CHN,China,FR.INR.RINR,Real interest rate (%),2023,4.88153902941754
CHN,China,FR.INR.RINR,Real interest rate (%),2022,2.36955382500776
CHN,China,FR.INR.RINR,Real interest rate (%),2021,-0.118282146188387
CHN,China,FR.INR.RINR,Real interest rate (%),2020,3.79916555206627
CHN,China,FR.INR.RINR,Real interest rate (%),2019,2.99400114142806
CHN,China,FR.INR.RINR,Real interest rate (%),2018,0.853565072603339
CHN,China,FR.INR.RINR,Real interest rate (%),2017,0.195831844025431
CHN,China,FR.INR.RINR,Real interest rate (%),2016,2.82893835409996
CHN,China,FR.INR.RINR,Real interest rate (%),2015,4.20973314897109
CZE,Czechia,FR.INR.RINR,Real interest rate (%),2025,1.11654021967923
CZE,Czechia,FR.INR.RINR,Real interest rate (%),2024,0.781022055614348
CZE,Czechia,FR.INR.RINR,Real interest rate (%),2023,-3.60514836252152
CZE,Czechia,FR.INR.RINR,Real interest rate (%),2022,-4.09132848148826
CZE,Czechia,FR.INR.RINR,Real interest rate (%),2021,-0.800024636625989
CZE,Czechia,FR.INR.RINR,Real interest rate (%),2020,-1.12128534113106
CZE,Czechia,FR.INR.RINR,Real interest rate (%),2019,-0.149541356517595
CZE,Czechia,FR.INR.RINR,Real interest rate (%),2018,0.708328255014701
CZE,Czechia,FR.INR.RINR,Real interest rate (%),2017,1.87456261929575
CZE,Czechia,FR.INR.RINR,Real interest rate (%),2016,2.38051334351635
CZE,Czechia,FR.INR.RINR,Real interest rate (%),2015,3.01082711223738
EGY,Egypt,FR.INR.RINR,Real interest rate (%),2024,-7.03099094109372
EGY,Egypt,FR.INR.RINR,Real interest rate (%),2023,-5.64166239964287
EGY,Egypt,FR.INR.RINR,Real interest rate (%),2022,0.142669652322058
EGY,Egypt,FR.INR.RINR,Real interest rate (%),2021,4.36620669861811
EGY,Egypt,FR.INR.RINR,Real interest rate (%),2020,4.88781543118298
EGY,Egypt,FR.INR.RINR,Real interest rate (%),2019,2.19909578209049
EGY,Egypt,FR.INR.RINR,Real interest rate (%),2018,-2.35870301322629
EGY,Egypt,FR.INR.RINR,Real interest rate (%),2017,-8.75819408123533
EGY,Egypt,FR.INR.RINR,Real interest rate (%),2016,6.9220113553922
EGY,Egypt,FR.INR.RINR,Real interest rate (%),2015,1.54106846010719
HKG,Hong Kong,FR.INR.RINR,Real interest rate (%),2025,4.11049339230803
HKG,Hong Kong,FR.INR.RINR,Real interest rate (%),2024,1.51761946953634
HKG,Hong Kong,FR.INR.RINR,Real interest rate (%),2023,2.79777614676466
HKG,Hong Kong,FR.INR.RINR,Real interest rate (%),2022,3.35891988912725
HKG,Hong Kong,FR.INR.RINR,Real interest rate (%),2021,4.28707683812332
HKG,Hong Kong,FR.INR.RINR,Real interest rate (%),2020,4.33401079735599
HKG,Hong Kong,FR.INR.RINR,Real interest rate (%),2019,2.99790553150519
HKG,Hong Kong,FR.INR.RINR,Real interest rate (%),2018,1.33330146436066
HKG,Hong Kong,FR.INR.RINR,Real interest rate (%),2017,2.06007627856722
HKG,Hong Kong,FR.INR.RINR,Real interest rate (%),2016,3.30755931418851
HKG,Hong Kong,FR.INR.RINR,Real interest rate (%),2015,1.30876698673748
HUN,Hungary,FR.INR.RINR,Real interest rate (%),2025,1.63750344608746
HUN,Hungary,FR.INR.RINR,Real interest rate (%),2024,1.4377442671737
HUN,Hungary,FR.INR.RINR,Real interest rate (%),2023,0.269390326989239
HUN,Hungary,FR.INR.RINR,Real interest rate (%),2022,-2.90648486197022
HUN,Hungary,FR.INR.RINR,Real interest rate (%),2021,-3.01639195375672
HUN,Hungary,FR.INR.RINR,Real interest rate (%),2020,-4.19906671636886
HUN,Hungary,FR.INR.RINR,Real interest rate (%),2019,-2.82617637653361
HUN,Hungary,FR.INR.RINR,Real interest rate (%),2018,-3.2184691694185
HUN,Hungary,FR.INR.RINR,Real interest rate (%),2017,-2.45695485576676
HUN,Hungary,FR.INR.RINR,Real interest rate (%),2016,0.756515735395003
HUN,Hungary,FR.INR.RINR,Real interest rate (%),2015,0.0888354976318103
IDN,Indonesia,FR.INR.RINR,Real interest rate (%),2025,5.99079693113722
IDN,Indonesia,FR.INR.RINR,Real interest rate (%),2024,7.83615232511325
IDN,Indonesia,FR.INR.RINR,Real interest rate (%),2023,7.2850532563888
IDN,Indonesia,FR.INR.RINR,Real interest rate (%),2022,-0.957376340510307
IDN,Indonesia,FR.INR.RINR,Real interest rate (%),2021,2.7532239499583
IDN,Indonesia,FR.INR.RINR,Real interest rate (%),2020,9.98592671987596
IDN,Indonesia,FR.INR.RINR,Real interest rate (%),2019,8.62940479031397
IDN,Indonesia,FR.INR.RINR,Real interest rate (%),2018,6.47124983937938
IDN,Indonesia,FR.INR.RINR,Real interest rate (%),2017,6.50156399609039
IDN,Indonesia,FR.INR.RINR,Real interest rate (%),2016,9.2244323441321
IDN,Indonesia,FR.INR.RINR,Real interest rate (%),2015,8.34991063469474
IND,India,FR.INR.RINR,Real interest rate (%),2022,5.55501946152238
IND,India,FR.INR.RINR,Real interest rate (%),2021,0.316945144201484
IND,India,FR.INR.RINR,Real interest rate (%),2020,4.13599957785852
IND,India,FR.INR.RINR,Real interest rate (%),2019,6.8948754272989
IND,India,FR.INR.RINR,Real interest rate (%),2018,5.36166638952418
IND,India,FR.INR.RINR,Real interest rate (%),2017,5.3276088624176
IND,India,FR.INR.RINR,Real interest rate (%),2016,6.23271141480041
IND,India,FR.INR.RINR,Real interest rate (%),2015,7.55648841350514
ISL,Iceland,FR.INR.RINR,Real interest rate (%),2025,3.86992205011689
ISL,Iceland,FR.INR.RINR,Real interest rate (%),2024,6.0367851279388
ISL,Iceland,FR.INR.RINR,Real interest rate (%),2023,5.72908860047056
ISL,Iceland,FR.INR.RINR,Real interest rate (%),2022,-1.13533693143533
ISL,Iceland,FR.INR.RINR,Real interest rate (%),2021,-0.701328231495398
ISL,Iceland,FR.INR.RINR,Real interest rate (%),2020,1.35861348071439
ISL,Iceland,FR.INR.RINR,Real interest rate (%),2019,2.01571493691861
ISL,Iceland,FR.INR.RINR,Real interest rate (%),2018,3.7344356821391
ISL,Iceland,FR.INR.RINR,Real interest rate (%),2017,5.59405145175983
ISL,Iceland,FR.INR.RINR,Real interest rate (%),2016,5.39231412444928
ISL,Iceland,FR.INR.RINR,Real interest rate (%),2015,0.804081341649078
ISR,Israel,FR.INR.RINR,Real interest rate (%),2022,-1.81011153069957
ISR,Israel,FR.INR.RINR,Real interest rate (%),2021,0.795161106781487
ISR,Israel,FR.INR.RINR,Real interest rate (%),2020,2.05392391638621
ISR,Israel,FR.INR.RINR,Real interest rate (%),2019,1.59902935573797
ISR,Israel,FR.INR.RINR,Real interest rate (%),2018,2.73565280603458
ISR,Israel,FR.INR.RINR,Real interest rate (%),2017,3.52718760739247
ISR,Israel,FR.INR.RINR,Real interest rate (%),2016,3.19724357211025
ISR,Israel,FR.INR.RINR,Real interest rate (%),2015,1.07520457565895
ITA,Italy,FR.INR.RINR,Real interest rate (%),2025,2.03884181268656
ITA,Italy,FR.INR.RINR,Real interest rate (%),2024,3.22064007229539
ITA,Italy,FR.INR.RINR,Real interest rate (%),2023,-1.28695914496663
ITA,Italy,FR.INR.RINR,Real interest rate (%),2022,-1.15112854557422
ITA,Italy,FR.INR.RINR,Real interest rate (%),2021,0.733185661773553
ITA,Italy,FR.INR.RINR,Real interest rate (%),2020,0.739269290959431
ITA,Italy,FR.INR.RINR,Real interest rate (%),2019,1.53937572556579
ITA,Italy,FR.INR.RINR,Real interest rate (%),2018,1.5923708555414
ITA,Italy,FR.INR.RINR,Real interest rate (%),2017,2.27486413860821
ITA,Italy,FR.INR.RINR,Real interest rate (%),2016,2.22028189161628
ITA,Italy,FR.INR.RINR,Real interest rate (%),2015,3.3204815735536
KEN,Kenya,FR.INR.RINR,Real interest rate (%),2024,13.0154381005653
KEN,Kenya,FR.INR.RINR,Real interest rate (%),2023,7.75281849023135
KEN,Kenya,FR.INR.RINR,Real interest rate (%),2022,5.02892163035783
KEN,Kenya,FR.INR.RINR,Real interest rate (%),2021,7.42758100514376
KEN,Kenya,FR.INR.RINR,Real interest rate (%),2020,6.71463440906742
KEN,Kenya,FR.INR.RINR,Real interest rate (%),2019,7.83110074767401
KEN,Kenya,FR.INR.RINR,Real interest rate (%),2018,8.48796047494694
KEN,Kenya,FR.INR.RINR,Real interest rate (%),2017,5.65674761585908
KEN,Kenya,FR.INR.RINR,Real interest rate (%),2016,10.1181287134987
KEN,Kenya,FR.INR.RINR,Real interest rate (%),2015,6.26880578270388
KWT,Kuwait,FR.INR.RINR,Real interest rate (%),2025,10.520668024163
KWT,Kuwait,FR.INR.RINR,Real interest rate (%),2024,6.72904376518505
KWT,Kuwait,FR.INR.RINR,Real interest rate (%),2023,14.1096015758044
KWT,Kuwait,FR.INR.RINR,Real interest rate (%),2022,-11.6639768117132
KWT,Kuwait,FR.INR.RINR,Real interest rate (%),2021,-19.8735801502194
KWT,Kuwait,FR.INR.RINR,Real interest rate (%),2020,24.6569140366071
KWT,Kuwait,FR.INR.RINR,Real interest rate (%),2019,4.92698795890651
KWT,Kuwait,FR.INR.RINR,Real interest rate (%),2018,-5.815110841771
KWT,Kuwait,FR.INR.RINR,Real interest rate (%),2017,-9.92502373516905
KWT,Kuwait,FR.INR.RINR,Real interest rate (%),2016,12.1448737121763
KWT,Kuwait,FR.INR.RINR,Real interest rate (%),2015,40.8597363576398
MAC,Macao,FR.INR.RINR,Real interest rate (%),2025,4.96932668953711
MAC,Macao,FR.INR.RINR,Real interest rate (%),2024,5.81027686117298
MAC,Macao,FR.INR.RINR,Real interest rate (%),2023,1.5638472039005
MAC,Macao,FR.INR.RINR,Real interest rate (%),2022,4.13322292208438
MAC,Macao,FR.INR.RINR,Real interest rate (%),2021,6.15680880273772
MAC,Macao,FR.INR.RINR,Real interest rate (%),2020,5.53562308204052
MAC,Macao,FR.INR.RINR,Real interest rate (%),2019,2.88540553528711
MAC,Macao,FR.INR.RINR,Real interest rate (%),2018,1.68017540114181
MAC,Macao,FR.INR.RINR,Real interest rate (%),2017,3.02600570156772
MAC,Macao,FR.INR.RINR,Real interest rate (%),2016,4.32327629779025
MAC,Macao,FR.INR.RINR,Real interest rate (%),2015,0.687771092467645
MEX,Mexico,FR.INR.RINR,Real interest rate (%),2025,3.9709808535188
MEX,Mexico,FR.INR.RINR,Real interest rate (%),2024,7.20669786071159
MEX,Mexico,FR.INR.RINR,Real interest rate (%),2023,6.60635475962413
MEX,Mexico,FR.INR.RINR,Real interest rate (%),2022,1.41798510250274
MEX,Mexico,FR.INR.RINR,Real interest rate (%),2021,0.386354441937539
MEX,Mexico,FR.INR.RINR,Real interest rate (%),2020,1.64584209088023
MEX,Mexico,FR.INR.RINR,Real interest rate (%),2019,3.93998794762342
MEX,Mexico,FR.INR.RINR,Real interest rate (%),2018,2.69522693989711
MEX,Mexico,FR.INR.RINR,Real interest rate (%),2017,0.717765179526944
MEX,Mexico,FR.INR.RINR,Real interest rate (%),2016,-1.2475973505834
MEX,Mexico,FR.INR.RINR,Real interest rate (%),2015,0.207059208001004
MKD,North Macedonia,FR.INR.RINR,Real interest rate (%),2025,0.752891052861901
MKD,North Macedonia,FR.INR.RINR,Real interest rate (%),2024,2.10174035882591
MKD,North Macedonia,FR.INR.RINR,Real interest rate (%),2023,-2.26316743744266
MKD,North Macedonia,FR.INR.RINR,Real interest rate (%),2022,-3.8949908013561
MKD,North Macedonia,FR.INR.RINR,Real interest rate (%),2021,0.54891828545638
MKD,North Macedonia,FR.INR.RINR,Real interest rate (%),2020,3.76716860112633
MKD,North Macedonia,FR.INR.RINR,Real interest rate (%),2019,4.70038784902453
MKD,North Macedonia,FR.INR.RINR,Real interest rate (%),2018,2.09837749145698
MKD,North Macedonia,FR.INR.RINR,Real interest rate (%),2017,3.69588556406759
MKD,North Macedonia,FR.INR.RINR,Real interest rate (%),2016,3.43336996492373
MKD,North Macedonia,FR.INR.RINR,Real interest rate (%),2015,5.3457581796468
MNE,Montenegro,FR.INR.RINR,Real interest rate (%),2025,2.20126059633121
MNE,Montenegro,FR.INR.RINR,Real interest rate (%),2024,1.68800748877397
MNE,Montenegro,FR.INR.RINR,Real interest rate (%),2023,-4.77813148805584
MNE,Montenegro,FR.INR.RINR,Real interest rate (%),2022,-5.73712397239056
MNE,Montenegro,FR.INR.RINR,Real interest rate (%),2021,0.655082565955951
MNE,Montenegro,FR.INR.RINR,Real interest rate (%),2020,6.39667168510338
MNE,Montenegro,FR.INR.RINR,Real interest rate (%),2019,4.10897143195006
MNE,Montenegro,FR.INR.RINR,Real interest rate (%),2018,3.12206729773345
MNE,Montenegro,FR.INR.RINR,Real interest rate (%),2017,2.42637310599586
MNE,Montenegro,FR.INR.RINR,Real interest rate (%),2016,2.56014878362451
MNE,Montenegro,FR.INR.RINR,Real interest rate (%),2015,6.49855012090659
MYS,Malaysia,FR.INR.RINR,Real interest rate (%),2025,5.29831080530282
MYS,Malaysia,FR.INR.RINR,Real interest rate (%),2024,4.45730372233753
MYS,Malaysia,FR.INR.RINR,Real interest rate (%),2023,7.30135969525267
MYS,Malaysia,FR.INR.RINR,Real interest rate (%),2022,-2.2468071304743
MYS,Malaysia,FR.INR.RINR,Real interest rate (%),2021,-2.11195861208843
MYS,Malaysia,FR.INR.RINR,Real interest rate (%),2020,4.80149199718223
MYS,Malaysia,FR.INR.RINR,Real interest rate (%),2019,4.80161718618398
MYS,Malaysia,FR.INR.RINR,Real interest rate (%),2018,4.27704807389124
MYS,Malaysia,FR.INR.RINR,Real interest rate (%),2017,0.798926040327277
MYS,Malaysia,FR.INR.RINR,Real interest rate (%),2016,2.82594518260627
MYS,Malaysia,FR.INR.RINR,Real interest rate (%),2015,3.30703770408129
NOR,Norway,FR.INR.RINR,Real interest rate (%),2025,4.40394070835556
NOR,Norway,FR.INR.RINR,Real interest rate (%),2024,6.10906764010736
NOR,Norway,FR.INR.RINR,Real interest rate (%),2023,18.2331935430211
NOR,Norway,FR.INR.RINR,Real interest rate (%),2022,-18.8792553316905
NOR,Norway,FR.INR.RINR,Real interest rate (%),2021,-14.4378850058115
NOR,Norway,FR.INR.RINR,Real interest rate (%),2020,5.07530340868631
NOR,Norway,FR.INR.RINR,Real interest rate (%),2019,3.73145302020017
NOR,Norway,FR.INR.RINR,Real interest rate (%),2018,-3.21181608558669
NOR,Norway,FR.INR.RINR,Real interest rate (%),2017,-0.971801359977768
NOR,Norway,FR.INR.RINR,Real interest rate (%),2016,4.77340275322051
NOR,Norway,FR.INR.RINR,Real interest rate (%),2015,6.25399943360607
NZL,New Zealand,FR.INR.RINR,Real interest rate (%),2017,1.06974449104437
NZL,New Zealand,FR.INR.RINR,Real interest rate (%),2016,2.52453904795792
NZL,New Zealand,FR.INR.RINR,Real interest rate (%),2015,4.27798740534463
OMN,Oman,FR.INR.RINR,Real interest rate (%),2021,-5.92398070330169
OMN,Oman,FR.INR.RINR,Real interest rate (%),2020,18.2141989885354
OMN,Oman,FR.INR.RINR,Real interest rate (%),2019,8.30089840472333
OMN,Oman,FR.INR.RINR,Real interest rate (%),2018,-5.80486611238394
OMN,Oman,FR.INR.RINR,Real interest rate (%),2017,-1.99936784872024
OMN,Oman,FR.INR.RINR,Real interest rate (%),2016,15.4598093486321
OMN,Oman,FR.INR.RINR,Real interest rate (%),2015,29.7141921537162
PHL,Philippines,FR.INR.RINR,Real interest rate (%),2019,6.35446159033897
PHL,Philippines,FR.INR.RINR,Real interest rate (%),2018,2.29210640379307
PHL,Philippines,FR.INR.RINR,Real interest rate (%),2017,3.2319992694047
PHL,Philippines,FR.INR.RINR,Real interest rate (%),2016,4.30655097833464
PHL,Philippines,FR.INR.RINR,Real interest rate (%),2015,6.34358648995616
QAT,Qatar,FR.INR.RINR,Real interest rate (%),2025,8.16104576821988
QAT,Qatar,FR.INR.RINR,Real interest rate (%),2024,7.8156500208503
QAT,Qatar,FR.INR.RINR,Real interest rate (%),2023,19.1951159471819
QAT,Qatar,FR.INR.RINR,Real interest rate (%),2022,-16.9330145777083
QAT,Qatar,FR.INR.RINR,Real interest rate (%),2021,-15.2000918961762
QAT,Qatar,FR.INR.RINR,Real interest rate (%),2020,22.59952356173
QAT,Qatar,FR.INR.RINR,Real interest rate (%),2019,9.93780481798095
QAT,Qatar,FR.INR.RINR,Real interest rate (%),2018,-6.6128188668191
QAT,Qatar,FR.INR.RINR,Real interest rate (%),2017,-2.86771171538501
QAT,Qatar,FR.INR.RINR,Real interest rate (%),2016,14.3011557096888
QAT,Qatar,FR.INR.RINR,Real interest rate (%),2015,39.4893730514304
ROU,Romania,FR.INR.RINR,Real interest rate (%),2025,0.293700652213721
ROU,Romania,FR.INR.RINR,Real interest rate (%),2024,-0.750528102539905
ROU,Romania,FR.INR.RINR,Real interest rate (%),2023,-2.69806519586844
ROU,Romania,FR.INR.RINR,Real interest rate (%),2022,-3.83233566095464
ROU,Romania,FR.INR.RINR,Real interest rate (%),2021,0.00921688871478798
ROU,Romania,FR.INR.RINR,Real interest rate (%),2020,2.28548778370505
ROU,Romania,FR.INR.RINR,Real interest rate (%),2019,0.181905937491109
ROU,Romania,FR.INR.RINR,Real interest rate (%),2018,0.589692861347934
ROU,Romania,FR.INR.RINR,Real interest rate (%),2017,0.872621780869851
ROU,Romania,FR.INR.RINR,Real interest rate (%),2016,3.01037862400641
ROU,Romania,FR.INR.RINR,Real interest rate (%),2015,3.39222469611366
RUS,Russia,FR.INR.RINR,Real interest rate (%),2024,5.81969103265575
RUS,Russia,FR.INR.RINR,Real interest rate (%),2023,4.6537266293364
RUS,Russia,FR.INR.RINR,Real interest rate (%),2022,-5.72652345869014
RUS,Russia,FR.INR.RINR,Real interest rate (%),2021,-9.32924566831166
RUS,Russia,FR.INR.RINR,Real interest rate (%),2020,5.82526212499436
RUS,Russia,FR.INR.RINR,Real interest rate (%),2019,5.31670923121165
RUS,Russia,FR.INR.RINR,Real interest rate (%),2018,-1.02935343449587
RUS,Russia,FR.INR.RINR,Real interest rate (%),2017,4.9465474833995
RUS,Russia,FR.INR.RINR,Real interest rate (%),2016,9.48433377577098
RUS,Russia,FR.INR.RINR,Real interest rate (%),2015,7.8945935741024
SGP,Singapore,FR.INR.RINR,Real interest rate (%),2021,-5.20690857279518
SGP,Singapore,FR.INR.RINR,Real interest rate (%),2020,7.61485450331353
SGP,Singapore,FR.INR.RINR,Real interest rate (%),2019,5.5952239176712
SGP,Singapore,FR.INR.RINR,Real interest rate (%),2018,1.50347162588522
SGP,Singapore,FR.INR.RINR,Real interest rate (%),2017,2.2245050675132
SGP,Singapore,FR.INR.RINR,Real interest rate (%),2016,4.60380264997622
SGP,Singapore,FR.INR.RINR,Real interest rate (%),2015,2.21015017142368
THA,Thailand,FR.INR.RINR,Real interest rate (%),2025,4.85478111785952
THA,Thailand,FR.INR.RINR,Real interest rate (%),2024,3.61835329433484
THA,Thailand,FR.INR.RINR,Real interest rate (%),2023,2.99490663552014
THA,Thailand,FR.INR.RINR,Real interest rate (%),2022,-1.43574487358447
THA,Thailand,FR.INR.RINR,Real interest rate (%),2021,1.26044284284124
THA,Thailand,FR.INR.RINR,Real interest rate (%),2020,4.64285868065104
THA,Thailand,FR.INR.RINR,Real interest rate (%),2019,3.03891578719485
THA,Thailand,FR.INR.RINR,Real interest rate (%),2018,2.67979728915769
THA,Thailand,FR.INR.RINR,Real interest rate (%),2017,2.46971462408852
THA,Thailand,FR.INR.RINR,Real interest rate (%),2016,1.78511916997275
THA,Thailand,FR.INR.RINR,Real interest rate (%),2015,3.98101397309843
UGA,Uganda,FR.INR.RINR,Real interest rate (%),2018,14.7478688039364
UGA,Uganda,FR.INR.RINR,Real interest rate (%),2017,15.8908471114542
UGA,Uganda,FR.INR.RINR,Real interest rate (%),2016,18.2333937267573
UGA,Uganda,FR.INR.RINR,Real interest rate (%),2015,16.5546646041457
USA,United States,FR.INR.RINR,Real interest rate (%),2021,-1.25567664234207
USA,United States,FR.INR.RINR,Real interest rate (%),2020,2.17024683398691
USA,United States,FR.INR.RINR,Real interest rate (%),2019,3.57306216680747
USA,United States,FR.INR.RINR,Real interest rate (%),2018,2.55474987113849
USA,United States,FR.INR.RINR,Real interest rate (%),2017,2.26529637783859
USA,United States,FR.INR.RINR,Real interest rate (%),2016,2.53723230294962
USA,United States,FR.INR.RINR,Real interest rate (%),2015,2.31051463833344
VNM,Vietnam,FR.INR.RINR,Real interest rate (%),2023,7.006330785335
VNM,Vietnam,FR.INR.RINR,Real interest rate (%),2022,3.41861679203259
VNM,Vietnam,FR.INR.RINR,Real interest rate (%),2021,4.79218047283212
VNM,Vietnam,FR.INR.RINR,Real interest rate (%),2020,6.09064299683403
VNM,Vietnam,FR.INR.RINR,Real interest rate (%),2019,5.15925265729481
VNM,Vietnam,FR.INR.RINR,Real interest rate (%),2018,3.61415504341763
VNM,Vietnam,FR.INR.RINR,Real interest rate (%),2017,2.59151415896465
VNM,Vietnam,FR.INR.RINR,Real interest rate (%),2016,5.04860292807267
VNM,Vietnam,FR.INR.RINR,Real interest rate (%),2015,8.98829687567201
ZAF,South Africa,FR.INR.RINR,Real interest rate (%),2025,7.6835409853926
ZAF,South Africa,FR.INR.RINR,Real interest rate (%),2024,7.41753982186412
ZAF,South Africa,FR.INR.RINR,Real interest rate (%),2023,6.47206699043374
ZAF,South Africa,FR.INR.RINR,Real interest rate (%),2022,3.37387624023208
ZAF,South Africa,FR.INR.RINR,Real interest rate (%),2021,0.595087859723449
ZAF,South Africa,FR.INR.RINR,Real interest rate (%),2020,2.19841383909371
ZAF,South Africa,FR.INR.RINR,Real interest rate (%),2019,5.26841565254553
ZAF,South Africa,FR.INR.RINR,Real interest rate (%),2018,5.85618355804153
ZAF,South Africa,FR.INR.RINR,Real interest rate (%),2017,4.64731548547952
ZAF,South Africa,FR.INR.RINR,Real interest rate (%),2016,3.27825167845196
ZAF,South Africa,FR.INR.RINR,Real interest rate (%),2015,3.66774283297156
AUS,Australia,FR.INR.LEND,Lending interest rate (%),2019,5.101
AUS,Australia,FR.INR.LEND,Lending interest rate (%),2018,5.26083333333333
AUS,Australia,FR.INR.LEND,Lending interest rate (%),2017,5.2455
AUS,Australia,FR.INR.LEND,Lending interest rate (%),2016,5.42083333333333
AUS,Australia,FR.INR.LEND,Lending interest rate (%),2015,5.575
BGR,Bulgaria,FR.INR.LEND,Lending interest rate (%),2025,4.23581666666667
BGR,Bulgaria,FR.INR.LEND,Lending interest rate (%),2024,4.53578333333333
BGR,Bulgaria,FR.INR.LEND,Lending interest rate (%),2023,4.42983333333333
BGR,Bulgaria,FR.INR.LEND,Lending interest rate (%),2022,3.74595833333333
BGR,Bulgaria,FR.INR.LEND,Lending interest rate (%),2021,4.11618333333333
BGR,Bulgaria,FR.INR.LEND,Lending interest rate (%),2020,4.33663333333333
BGR,Bulgaria,FR.INR.LEND,Lending interest rate (%),2019,4.54920833333333
BGR,Bulgaria,FR.INR.LEND,Lending interest rate (%),2018,4.963225
BGR,Bulgaria,FR.INR.LEND,Lending interest rate (%),2017,5.43955833333333
BGR,Bulgaria,FR.INR.LEND,Lending interest rate (%),2016,6.39301666666667
BGR,Bulgaria,FR.INR.LEND,Lending interest rate (%),2015,7.44886666666667
BHR,Bahrain,FR.INR.LEND,Lending interest rate (%),2015,5.16083333333333
CAN,Canada,FR.INR.LEND,Lending interest rate (%),2017,2.7
CAN,Canada,FR.INR.LEND,Lending interest rate (%),2016,2.7
CAN,Canada,FR.INR.LEND,Lending interest rate (%),2015,2.775
CHN,China,FR.INR.LEND,Lending interest rate (%),2024,4.35
CHN,China,FR.INR.LEND,Lending interest rate (%),2023,4.35
CHN,China,FR.INR.LEND,Lending interest rate (%),2022,4.35
CHN,China,FR.INR.LEND,Lending interest rate (%),2021,4.35
CHN,China,FR.INR.LEND,Lending interest rate (%),2020,4.35
CHN,China,FR.INR.LEND,Lending interest rate (%),2019,4.35
CHN,China,FR.INR.LEND,Lending interest rate (%),2018,4.35
CHN,China,FR.INR.LEND,Lending interest rate (%),2017,4.35
CHN,China,FR.INR.LEND,Lending interest rate (%),2016,4.35
CHN,China,FR.INR.LEND,Lending interest rate (%),2015,4.35
CZE,Czechia,FR.INR.LEND,Lending interest rate (%),2025,4.66837231799845
CZE,Czechia,FR.INR.LEND,Lending interest rate (%),2024,4.71398151729159
CZE,Czechia,FR.INR.LEND,Lending interest rate (%),2023,4.68277500627328
CZE,Czechia,FR.INR.LEND,Lending interest rate (%),2022,4.22500917823384
CZE,Czechia,FR.INR.LEND,Lending interest rate (%),2021,3.20212533339961
CZE,Czechia,FR.INR.LEND,Lending interest rate (%),2020,3.34430704292427
CZE,Czechia,FR.INR.LEND,Lending interest rate (%),2019,3.68603218349691
CZE,Czechia,FR.INR.LEND,Lending interest rate (%),2018,3.54161587741081
CZE,Czechia,FR.INR.LEND,Lending interest rate (%),2017,3.58974364323778
CZE,Czechia,FR.INR.LEND,Lending interest rate (%),2016,3.9072462757748
CZE,Czechia,FR.INR.LEND,Lending interest rate (%),2015,4.28253332923938
EGY,Egypt,FR.INR.LEND,Lending interest rate (%),2024,24.2916666666667
EGY,Egypt,FR.INR.LEND,Lending interest rate (%),2023,17.7583333333333
EGY,Egypt,FR.INR.LEND,Lending interest rate (%),2022,10.5833333333333
EGY,Egypt,FR.INR.LEND,Lending interest rate (%),2021,9.425
EGY,Egypt,FR.INR.LEND,Lending interest rate (%),2020,11.3666666666667
EGY,Egypt,FR.INR.LEND,Lending interest rate (%),2019,16.1166666666667
EGY,Egypt,FR.INR.LEND,Lending interest rate (%),2018,18.3166666666667
EGY,Egypt,FR.INR.LEND,Lending interest rate (%),2017,18.175
EGY,Egypt,FR.INR.LEND,Lending interest rate (%),2016,13.6
EGY,Egypt,FR.INR.LEND,Lending interest rate (%),2015,11.625
HKG,Hong Kong,FR.INR.LEND,Lending interest rate (%),2025,5.17708333333333
HKG,Hong Kong,FR.INR.LEND,Lending interest rate (%),2024,5.73958333333333
HKG,Hong Kong,FR.INR.LEND,Lending interest rate (%),2023,5.77083333333333
HKG,Hong Kong,FR.INR.LEND,Lending interest rate (%),2022,5.10416666666667
HKG,Hong Kong,FR.INR.LEND,Lending interest rate (%),2021,5
HKG,Hong Kong,FR.INR.LEND,Lending interest rate (%),2020,5
HKG,Hong Kong,FR.INR.LEND,Lending interest rate (%),2019,5.10416666666667
HKG,Hong Kong,FR.INR.LEND,Lending interest rate (%),2018,5.04166666666667
HKG,Hong Kong,FR.INR.LEND,Lending interest rate (%),2017,5
HKG,Hong Kong,FR.INR.LEND,Lending interest rate (%),2016,5
HKG,Hong Kong,FR.INR.LEND,Lending interest rate (%),2015,5
HUN,Hungary,FR.INR.LEND,Lending interest rate (%),2025,8.01151582250833
HUN,Hungary,FR.INR.LEND,Lending interest rate (%),2024,9.12671515640833
HUN,Hungary,FR.INR.LEND,Lending interest rate (%),2023,15.3020823180167
HUN,Hungary,FR.INR.LEND,Lending interest rate (%),2022,10.6554314535917
HUN,Hungary,FR.INR.LEND,Lending interest rate (%),2021,2.9645376181
HUN,Hungary,FR.INR.LEND,Lending interest rate (%),2020,1.95768913324167
HUN,Hungary,FR.INR.LEND,Lending interest rate (%),2019,1.79243378790833
HUN,Hungary,FR.INR.LEND,Lending interest rate (%),2018,1.47096759300833
HUN,Hungary,FR.INR.LEND,Lending interest rate (%),2017,1.48114342166667
HUN,Hungary,FR.INR.LEND,Lending interest rate (%),2016,2.08907111213333
HUN,Hungary,FR.INR.LEND,Lending interest rate (%),2015,2.90249069046667
IDN,Indonesia,FR.INR.LEND,Lending interest rate (%),2025,8.50158323159017
IDN,Indonesia,FR.INR.LEND,Lending interest rate (%),2024,8.79568784927158
IDN,Indonesia,FR.INR.LEND,Lending interest rate (%),2023,8.92666666666667
IDN,Indonesia,FR.INR.LEND,Lending interest rate (%),2022,8.52
IDN,Indonesia,FR.INR.LEND,Lending interest rate (%),2021,8.9225
IDN,Indonesia,FR.INR.LEND,Lending interest rate (%),2020,9.54416666666667
IDN,Indonesia,FR.INR.LEND,Lending interest rate (%),2019,10.3658333333333
IDN,Indonesia,FR.INR.LEND,Lending interest rate (%),2018,10.5366666666667
IDN,Indonesia,FR.INR.LEND,Lending interest rate (%),2017,11.0733333333333
IDN,Indonesia,FR.INR.LEND,Lending interest rate (%),2016,11.8883333333333
IDN,Indonesia,FR.INR.LEND,Lending interest rate (%),2015,12.6625
IND,India,FR.INR.LEND,Lending interest rate (%),2022,8.56714285714286
IND,India,FR.INR.LEND,Lending interest rate (%),2021,8.69833333333333
IND,India,FR.INR.LEND,Lending interest rate (%),2020,9.15
IND,India,FR.INR.LEND,Lending interest rate (%),2019,9.46625
IND,India,FR.INR.LEND,Lending interest rate (%),2018,9.45416666666667
IND,India,FR.INR.LEND,Lending interest rate (%),2017,9.50833333333333
IND,India,FR.INR.LEND,Lending interest rate (%),2016,9.6725
IND,India,FR.INR.LEND,Lending interest rate (%),2015,10.0083333333333
ISL,Iceland,FR.INR.LEND,Lending interest rate (%),2025,11.008035068816
ISL,Iceland,FR.INR.LEND,Lending interest rate (%),2024,12.4573766403134
ISL,Iceland,FR.INR.LEND,Lending interest rate (%),2023,11.5309721139305
ISL,Iceland,FR.INR.LEND,Lending interest rate (%),2022,7.59730075370325
ISL,Iceland,FR.INR.LEND,Lending interest rate (%),2021,5.40415749831761
ISL,Iceland,FR.INR.LEND,Lending interest rate (%),2020,5.75871241217229
ISL,Iceland,FR.INR.LEND,Lending interest rate (%),2019,6.95
ISL,Iceland,FR.INR.LEND,Lending interest rate (%),2018,6.955
ISL,Iceland,FR.INR.LEND,Lending interest rate (%),2017,7.25583333333333
ISL,Iceland,FR.INR.LEND,Lending interest rate (%),2016,8.23666666666667
ISL,Iceland,FR.INR.LEND,Lending interest rate (%),2015,7.61
ISR,Israel,FR.INR.LEND,Lending interest rate (%),2022,2.95817645390829
ISR,Israel,FR.INR.LEND,Lending interest rate (%),2021,3.1007500688235
ISR,Israel,FR.INR.LEND,Lending interest rate (%),2020,3.30802353223165
ISR,Israel,FR.INR.LEND,Lending interest rate (%),2019,3.53355862696966
ISR,Israel,FR.INR.LEND,Lending interest rate (%),2018,3.47760649522146
ISR,Israel,FR.INR.LEND,Lending interest rate (%),2017,3.49731030066808
ISR,Israel,FR.INR.LEND,Lending interest rate (%),2016,3.42015574375788
ISR,Israel,FR.INR.LEND,Lending interest rate (%),2015,3.45940579970678
ITA,Italy,FR.INR.LEND,Lending interest rate (%),2025,4.07304808333333
ITA,Italy,FR.INR.LEND,Lending interest rate (%),2024,5.25244583333333
ITA,Italy,FR.INR.LEND,Lending interest rate (%),2023,4.89248125
ITA,Italy,FR.INR.LEND,Lending interest rate (%),2022,2.264455
ITA,Italy,FR.INR.LEND,Lending interest rate (%),2021,2.02591666666667
ITA,Italy,FR.INR.LEND,Lending interest rate (%),2020,2.32833333333333
ITA,Italy,FR.INR.LEND,Lending interest rate (%),2019,2.6025
ITA,Italy,FR.INR.LEND,Lending interest rate (%),2018,2.68
ITA,Italy,FR.INR.LEND,Lending interest rate (%),2017,3.00083333333333
ITA,Italy,FR.INR.LEND,Lending interest rate (%),2016,3.49616666666667
ITA,Italy,FR.INR.LEND,Lending interest rate (%),2015,4.12925
KEN,Kenya,FR.INR.LEND,Lending interest rate (%),2024,16.5931072517574
KEN,Kenya,FR.INR.LEND,Lending interest rate (%),2023,13.588501716128
KEN,Kenya,FR.INR.LEND,Lending interest rate (%),2022,12.3358409030593
KEN,Kenya,FR.INR.LEND,Lending interest rate (%),2021,12.0799983467507
KEN,Kenya,FR.INR.LEND,Lending interest rate (%),2020,11.9957846171539
KEN,Kenya,FR.INR.LEND,Lending interest rate (%),2019,12.4411328875146
KEN,Kenya,FR.INR.LEND,Lending interest rate (%),2018,13.0607588353757
KEN,Kenya,FR.INR.LEND,Lending interest rate (%),2017,13.6675725164372
KEN,Kenya,FR.INR.LEND,Lending interest rate (%),2016,16.5596306460545
KEN,Kenya,FR.INR.LEND,Lending interest rate (%),2015,16.086613785739
KWT,Kuwait,FR.INR.LEND,Lending interest rate (%),2025,5.03093333333334
KWT,Kuwait,FR.INR.LEND,Lending interest rate (%),2024,5.17131666666667
KWT,Kuwait,FR.INR.LEND,Lending interest rate (%),2023,4.92779166666667
KWT,Kuwait,FR.INR.LEND,Lending interest rate (%),2022,3.912775
KWT,Kuwait,FR.INR.LEND,Lending interest rate (%),2021,3.70596666666667
KWT,Kuwait,FR.INR.LEND,Lending interest rate (%),2020,4.13990833333333
KWT,Kuwait,FR.INR.LEND,Lending interest rate (%),2019,4.8111
KWT,Kuwait,FR.INR.LEND,Lending interest rate (%),2018,4.827
KWT,Kuwait,FR.INR.LEND,Lending interest rate (%),2017,4.69493333333333
KWT,Kuwait,FR.INR.LEND,Lending interest rate (%),2016,4.47658333333333
KWT,Kuwait,FR.INR.LEND,Lending interest rate (%),2015,4.2949
MAC,Macao,FR.INR.LEND,Lending interest rate (%),2025,5.45105209078972
MAC,Macao,FR.INR.LEND,Lending interest rate (%),2024,6.01747975323522
MAC,Macao,FR.INR.LEND,Lending interest rate (%),2023,6.00960180074487
MAC,Macao,FR.INR.LEND,Lending interest rate (%),2022,5.34309825057094
MAC,Macao,FR.INR.LEND,Lending interest rate (%),2021,5.26037313818147
MAC,Macao,FR.INR.LEND,Lending interest rate (%),2020,5.26109735335453
MAC,Macao,FR.INR.LEND,Lending interest rate (%),2019,5.35664740505193
MAC,Macao,FR.INR.LEND,Lending interest rate (%),2018,5.29146661101172
MAC,Macao,FR.INR.LEND,Lending interest rate (%),2017,5.25
MAC,Macao,FR.INR.LEND,Lending interest rate (%),2016,5.25
MAC,Macao,FR.INR.LEND,Lending interest rate (%),2015,5.25
MEX,Mexico,FR.INR.LEND,Lending interest rate (%),2025,8.78583333333333
MEX,Mexico,FR.INR.LEND,Lending interest rate (%),2024,11.2233333333333
MEX,Mexico,FR.INR.LEND,Lending interest rate (%),2023,11.5916666666667
MEX,Mexico,FR.INR.LEND,Lending interest rate (%),2022,8.17916666666667
MEX,Mexico,FR.INR.LEND,Lending interest rate (%),2021,4.89166666666667
MEX,Mexico,FR.INR.LEND,Lending interest rate (%),2020,6.34166666666667
MEX,Mexico,FR.INR.LEND,Lending interest rate (%),2019,8.42916666666667
MEX,Mexico,FR.INR.LEND,Lending interest rate (%),2018,8.04
MEX,Mexico,FR.INR.LEND,Lending interest rate (%),2017,7.3325
MEX,Mexico,FR.INR.LEND,Lending interest rate (%),2016,4.75416666666667
MEX,Mexico,FR.INR.LEND,Lending interest rate (%),2015,3.43916666666667
MKD,North Macedonia,FR.INR.LEND,Lending interest rate (%),2025,5.41591048775874
MKD,North Macedonia,FR.INR.LEND,Lending interest rate (%),2024,5.85131870695966
MKD,North Macedonia,FR.INR.LEND,Lending interest rate (%),2023,5.44084059566623
MKD,North Macedonia,FR.INR.LEND,Lending interest rate (%),2022,4.63306721882146
MKD,North Macedonia,FR.INR.LEND,Lending interest rate (%),2021,4.85796763215591
MKD,North Macedonia,FR.INR.LEND,Lending interest rate (%),2020,5.193220791087
MKD,North Macedonia,FR.INR.LEND,Lending interest rate (%),2019,5.60936382915275
MKD,North Macedonia,FR.INR.LEND,Lending interest rate (%),2018,6.10691833969552
MKD,North Macedonia,FR.INR.LEND,Lending interest rate (%),2017,6.60665710643843
MKD,North Macedonia,FR.INR.LEND,Lending interest rate (%),2016,7.0175977722394
MKD,North Macedonia,FR.INR.LEND,Lending interest rate (%),2015,7.45627705916539
MNE,Montenegro,FR.INR.LEND,Lending interest rate (%),2025,6.31833333333333
MNE,Montenegro,FR.INR.LEND,Lending interest rate (%),2024,6.59666666666667
MNE,Montenegro,FR.INR.LEND,Lending interest rate (%),2023,6.345
MNE,Montenegro,FR.INR.LEND,Lending interest rate (%),2022,5.63833333333333
MNE,Montenegro,FR.INR.LEND,Lending interest rate (%),2021,5.76083333333334
MNE,Montenegro,FR.INR.LEND,Lending interest rate (%),2020,5.90666666666667
MNE,Montenegro,FR.INR.LEND,Lending interest rate (%),2019,6.175
MNE,Montenegro,FR.INR.LEND,Lending interest rate (%),2018,6.52916666666667
MNE,Montenegro,FR.INR.LEND,Lending interest rate (%),2017,7.19666666666667
MNE,Montenegro,FR.INR.LEND,Lending interest rate (%),2016,7.97166666666667
MNE,Montenegro,FR.INR.LEND,Lending interest rate (%),2015,8.93333333333333
MYS,Malaysia,FR.INR.LEND,Lending interest rate (%),2025,4.82472886111111
MYS,Malaysia,FR.INR.LEND,Lending interest rate (%),2024,5.282681
MYS,Malaysia,FR.INR.LEND,Lending interest rate (%),2023,5.31737500641025
MYS,Malaysia,FR.INR.LEND,Lending interest rate (%),2022,3.90802666666667
MYS,Malaysia,FR.INR.LEND,Lending interest rate (%),2021,3.44410640384615
MYS,Malaysia,FR.INR.LEND,Lending interest rate (%),2020,3.94420769234615
MYS,Malaysia,FR.INR.LEND,Lending interest rate (%),2019,4.87689294871795
MYS,Malaysia,FR.INR.LEND,Lending interest rate (%),2018,4.92844038461538
MYS,Malaysia,FR.INR.LEND,Lending interest rate (%),2017,4.60807808641975
MYS,Malaysia,FR.INR.LEND,Lending interest rate (%),2016,4.53106666666667
MYS,Malaysia,FR.INR.LEND,Lending interest rate (%),2015,4.565375
NOR,Norway,FR.INR.LEND,Lending interest rate (%),2025,5.8775
NOR,Norway,FR.INR.LEND,Lending interest rate (%),2024,6.14916666666667
NOR,Norway,FR.INR.LEND,Lending interest rate (%),2023,5.30833333333334
NOR,Norway,FR.INR.LEND,Lending interest rate (%),2022,3.24333333333333
NOR,Norway,FR.INR.LEND,Lending interest rate (%),2021,2.27416666666667
NOR,Norway,FR.INR.LEND,Lending interest rate (%),2020,2.6975
NOR,Norway,FR.INR.LEND,Lending interest rate (%),2019,3.23583333333333
NOR,Norway,FR.INR.LEND,Lending interest rate (%),2018,2.92583333333333
NOR,Norway,FR.INR.LEND,Lending interest rate (%),2017,3.00583333333333
NOR,Norway,FR.INR.LEND,Lending interest rate (%),2016,3.07
NOR,Norway,FR.INR.LEND,Lending interest rate (%),2015,3.5
NZL,New Zealand,FR.INR.LEND,Lending interest rate (%),2017,4.76
NZL,New Zealand,FR.INR.LEND,Lending interest rate (%),2016,5.02083333333333
NZL,New Zealand,FR.INR.LEND,Lending interest rate (%),2015,5.7625
OMN,Oman,FR.INR.LEND,Lending interest rate (%),2021,5.49783609712142
OMN,Oman,FR.INR.LEND,Lending interest rate (%),2020,5.46649920548604
OMN,Oman,FR.INR.LEND,Lending interest rate (%),2019,5.41334351278467
OMN,Oman,FR.INR.LEND,Lending interest rate (%),2018,5.24638450213673
OMN,Oman,FR.INR.LEND,Lending interest rate (%),2017,5.15266271716578
OMN,Oman,FR.INR.LEND,Lending interest rate (%),2016,4.91108333333333
OMN,Oman,FR.INR.LEND,Lending interest rate (%),2015,4.8785
PHL,Philippines,FR.INR.LEND,Lending interest rate (%),2019,7.09583333333333
PHL,Philippines,FR.INR.LEND,Lending interest rate (%),2018,6.1185
PHL,Philippines,FR.INR.LEND,Lending interest rate (%),2017,5.62725
PHL,Philippines,FR.INR.LEND,Lending interest rate (%),2016,5.642
PHL,Philippines,FR.INR.LEND,Lending interest rate (%),2015,5.57825
QAT,Qatar,FR.INR.LEND,Lending interest rate (%),2025,4.75395
QAT,Qatar,FR.INR.LEND,Lending interest rate (%),2024,6.18
QAT,Qatar,FR.INR.LEND,Lending interest rate (%),2023,6.44900833333333
QAT,Qatar,FR.INR.LEND,Lending interest rate (%),2022,4.56216060132599
QAT,Qatar,FR.INR.LEND,Lending interest rate (%),2021,3.85107422420221
QAT,Qatar,FR.INR.LEND,Lending interest rate (%),2020,4.08648019909165
QAT,Qatar,FR.INR.LEND,Lending interest rate (%),2019,5.03907055609657
QAT,Qatar,FR.INR.LEND,Lending interest rate (%),2018,4.98064264061083
QAT,Qatar,FR.INR.LEND,Lending interest rate (%),2017,4.69653289329285
QAT,Qatar,FR.INR.LEND,Lending interest rate (%),2016,4.04068494236452
QAT,Qatar,FR.INR.LEND,Lending interest rate (%),2015,4.43596212623861
ROU,Romania,FR.INR.LEND,Lending interest rate (%),2025,8.52155041563583
ROU,Romania,FR.INR.LEND,Lending interest rate (%),2024,8.76207529347297
ROU,Romania,FR.INR.LEND,Lending interest rate (%),2023,9.32096121452692
ROU,Romania,FR.INR.LEND,Lending interest rate (%),2022,7.75709430926468
ROU,Romania,FR.INR.LEND,Lending interest rate (%),2021,5.61349905718721
ROU,Romania,FR.INR.LEND,Lending interest rate (%),2020,6.48640122828969
ROU,Romania,FR.INR.LEND,Lending interest rate (%),2019,7.16166666666667
ROU,Romania,FR.INR.LEND,Lending interest rate (%),2018,6.80820228932061
ROU,Romania,FR.INR.LEND,Lending interest rate (%),2017,5.56451674276812
ROU,Romania,FR.INR.LEND,Lending interest rate (%),2016,5.70916666666667
ROU,Romania,FR.INR.LEND,Lending interest rate (%),2015,6.7675
RUS,Russia,FR.INR.LEND,Lending interest rate (%),2024,17.0925
RUS,Russia,FR.INR.LEND,Lending interest rate (%),2023,11.6225
RUS,Russia,FR.INR.LEND,Lending interest rate (%),2022,11.4591666666667
RUS,Russia,FR.INR.LEND,Lending interest rate (%),2021,7.18108333333333
RUS,Russia,FR.INR.LEND,Lending interest rate (%),2020,6.77583333333333
RUS,Russia,FR.INR.LEND,Lending interest rate (%),2019,8.75333333333333
RUS,Russia,FR.INR.LEND,Lending interest rate (%),2018,8.86666666666667
RUS,Russia,FR.INR.LEND,Lending interest rate (%),2017,10.56
RUS,Russia,FR.INR.LEND,Lending interest rate (%),2016,12.5983333333333
RUS,Russia,FR.INR.LEND,Lending interest rate (%),2015,15.7166666666667
SGP,Singapore,FR.INR.LEND,Lending interest rate (%),2021,5.25
SGP,Singapore,FR.INR.LEND,Lending interest rate (%),2020,5.25
SGP,Singapore,FR.INR.LEND,Lending interest rate (%),2019,5.25
SGP,Singapore,FR.INR.LEND,Lending interest rate (%),2018,5.33
SGP,Singapore,FR.INR.LEND,Lending interest rate (%),2017,5.28
SGP,Singapore,FR.INR.LEND,Lending interest rate (%),2016,5.35
SGP,Singapore,FR.INR.LEND,Lending interest rate (%),2015,5.35
THA,Thailand,FR.INR.LEND,Lending interest rate (%),2025,3.9425
THA,Thailand,FR.INR.LEND,Lending interest rate (%),2024,4.51416666666667
THA,Thailand,FR.INR.LEND,Lending interest rate (%),2023,4.28583333333333
THA,Thailand,FR.INR.LEND,Lending interest rate (%),2022,3.13833333333333
THA,Thailand,FR.INR.LEND,Lending interest rate (%),2021,3.06
THA,Thailand,FR.INR.LEND,Lending interest rate (%),2020,3.2925
THA,Thailand,FR.INR.LEND,Lending interest rate (%),2019,4.08416666666666
THA,Thailand,FR.INR.LEND,Lending interest rate (%),2018,4.14666666666666
THA,Thailand,FR.INR.LEND,Lending interest rate (%),2017,4.41658283333333
THA,Thailand,FR.INR.LEND,Lending interest rate (%),2016,4.46834552349908
THA,Thailand,FR.INR.LEND,Lending interest rate (%),2015,4.73187498877014
UGA,Uganda,FR.INR.LEND,Lending interest rate (%),2018,19.8465587059191
UGA,Uganda,FR.INR.LEND,Lending interest rate (%),2017,21.2786714889596
UGA,Uganda,FR.INR.LEND,Lending interest rate (%),2016,23.8861326246628
UGA,Uganda,FR.INR.LEND,Lending interest rate (%),2015,22.60135726942
USA,United States,FR.INR.LEND,Lending interest rate (%),2021,3.25
USA,United States,FR.INR.LEND,Lending interest rate (%),2020,3.54416666666667
USA,United States,FR.INR.LEND,Lending interest rate (%),2019,5.2825
USA,United States,FR.INR.LEND,Lending interest rate (%),2018,4.90416666666667
USA,United States,FR.INR.LEND,Lending interest rate (%),2017,4.09666666666667
USA,United States,FR.INR.LEND,Lending interest rate (%),2016,3.51166666666667
USA,United States,FR.INR.LEND,Lending interest rate (%),2015,3.26
VNM,Vietnam,FR.INR.LEND,Lending interest rate (%),2023,9.323
VNM,Vietnam,FR.INR.LEND,Lending interest rate (%),2022,8.01333333333333
VNM,Vietnam,FR.INR.LEND,Lending interest rate (%),2021,7.811
VNM,Vietnam,FR.INR.LEND,Lending interest rate (%),2020,7.6475
VNM,Vietnam,FR.INR.LEND,Lending interest rate (%),2019,7.7075
VNM,Vietnam,FR.INR.LEND,Lending interest rate (%),2018,7.371875
VNM,Vietnam,FR.INR.LEND,Lending interest rate (%),2017,7.0675
VNM,Vietnam,FR.INR.LEND,Lending interest rate (%),2016,6.96
VNM,Vietnam,FR.INR.LEND,Lending interest rate (%),2015,7.1175
ZAF,South Africa,FR.INR.LEND,Lending interest rate (%),2025,10.6875
ZAF,South Africa,FR.INR.LEND,Lending interest rate (%),2024,11.625
ZAF,South Africa,FR.INR.LEND,Lending interest rate (%),2023,11.5
ZAF,South Africa,FR.INR.LEND,Lending interest rate (%),2022,8.79166666666667
ZAF,South Africa,FR.INR.LEND,Lending interest rate (%),2021,7.04166666666667
ZAF,South Africa,FR.INR.LEND,Lending interest rate (%),2020,7.70833333333333
ZAF,South Africa,FR.INR.LEND,Lending interest rate (%),2019,10.125
ZAF,South Africa,FR.INR.LEND,Lending interest rate (%),2018,10.0833333333333
ZAF,South Africa,FR.INR.LEND,Lending interest rate (%),2017,10.375
ZAF,South Africa,FR.INR.LEND,Lending interest rate (%),2016,10.4583333333333
ZAF,South Africa,FR.INR.LEND,Lending interest rate (%),2015,9.41666666666667
ARE,United Arab Emirates,NY.GDP.DEFL.KD.ZG,"Inflation, GDP deflator (annual %)",2024,1.62664333887908
ARE,United Arab Emirates,NY.GDP.DEFL.KD.ZG,"Inflation, GDP deflator (annual %)",2023,-2.02049184324265
ARE,United Arab Emirates,NY.GDP.DEFL.KD.ZG,"Inflation, GDP deflator (annual %)",2022,12.5978571520875
ARE,United Arab Emirates,NY.GDP.DEFL.KD.ZG,"Inflation, GDP deflator (annual %)",2021,13.1268525834757
ARE,United Arab Emirates,NY.GDP.DEFL.KD.ZG,"Inflation, GDP deflator (annual %)",2020,-9.85387330858988
ARE,United Arab Emirates,NY.GDP.DEFL.KD.ZG,"Inflation, GDP deflator (annual %)",2019,-2.74219181676689
ARE,United Arab Emirates,NY.GDP.DEFL.KD.ZG,"Inflation, GDP deflator (annual %)",2018,7.56762608058783
ARE,United Arab Emirates,NY.GDP.DEFL.KD.ZG,"Inflation, GDP deflator (annual %)",2017,6.80476909706682
ARE,United Arab Emirates,NY.GDP.DEFL.KD.ZG,"Inflation, GDP deflator (annual %)",2016,-5.41833849882184
ARE,United Arab Emirates,NY.GDP.DEFL.KD.ZG,"Inflation, GDP deflator (annual %)",2015,-16.0597980539113
AUS,Australia,NY.GDP.DEFL.KD.ZG,"Inflation, GDP deflator (annual %)",2025,2.30765889016192
AUS,Australia,NY.GDP.DEFL.KD.ZG,"Inflation, GDP deflator (annual %)",2024,2.58838430384326
AUS,Australia,NY.GDP.DEFL.KD.ZG,"Inflation, GDP deflator (annual %)",2023,6.45944110641071
AUS,Australia,NY.GDP.DEFL.KD.ZG,"Inflation, GDP deflator (annual %)",2022,7.1995443407201
AUS,Australia,NY.GDP.DEFL.KD.ZG,"Inflation, GDP deflator (annual %)",2021,3.06066984761631
AUS,Australia,NY.GDP.DEFL.KD.ZG,"Inflation, GDP deflator (annual %)",2020,1.86583412216189
AUS,Australia,NY.GDP.DEFL.KD.ZG,"Inflation, GDP deflator (annual %)",2019,3.47660031414854
AUS,Australia,NY.GDP.DEFL.KD.ZG,"Inflation, GDP deflator (annual %)",2018,1.84617555303311
AUS,Australia,NY.GDP.DEFL.KD.ZG,"Inflation, GDP deflator (annual %)",2017,3.64623358006087
AUS,Australia,NY.GDP.DEFL.KD.ZG,"Inflation, GDP deflator (annual %)",2016,-0.673417495929741
AUS,Australia,NY.GDP.DEFL.KD.ZG,"Inflation, GDP deflator (annual %)",2015,-0.627407934606055
BEL,Belgium,NY.GDP.DEFL.KD.ZG,"Inflation, GDP deflator (annual %)",2025,2.55691476232489
BEL,Belgium,NY.GDP.DEFL.KD.ZG,"Inflation, GDP deflator (annual %)",2024,1.88024411217241
BEL,Belgium,NY.GDP.DEFL.KD.ZG,"Inflation, GDP deflator (annual %)",2023,5.50779389634111
BEL,Belgium,NY.GDP.DEFL.KD.ZG,"Inflation, GDP deflator (annual %)",2022,6.69902524819976
BEL,Belgium,NY.GDP.DEFL.KD.ZG,"Inflation, GDP deflator (annual %)",2021,2.69731875410955
BEL,Belgium,NY.GDP.DEFL.KD.ZG,"Inflation, GDP deflator (annual %)",2020,1.59611667576401
BEL,Belgium,NY.GDP.DEFL.KD.ZG,"Inflation, GDP deflator (annual %)",2019,1.85424076568934
BEL,Belgium,NY.GDP.DEFL.KD.ZG,"Inflation, GDP deflator (annual %)",2018,1.71728236623039
BEL,Belgium,NY.GDP.DEFL.KD.ZG,"Inflation, GDP deflator (annual %)",2017,1.98316343604859
BEL,Belgium,NY.GDP.DEFL.KD.ZG,"Inflation, GDP deflator (annual %)",2016,1.89528913569444
BEL,Belgium,NY.GDP.DEFL.KD.ZG,"Inflation, GDP deflator (annual %)",2015,1.12183851916816
BGR,Bulgaria,NY.GDP.DEFL.KD.ZG,"Inflation, GDP deflator (annual %)",2025,7.41318494626326
BGR,Bulgaria,NY.GDP.DEFL.KD.ZG,"Inflation, GDP deflator (annual %)",2024,7.20423580050331
BGR,Bulgaria,NY.GDP.DEFL.KD.ZG,"Inflation, GDP deflator (annual %)",2023,7.99709199455781
BGR,Bulgaria,NY.GDP.DEFL.KD.ZG,"Inflation, GDP deflator (annual %)",2022,15.9184610592695
BGR,Bulgaria,NY.GDP.DEFL.KD.ZG,"Inflation, GDP deflator (annual %)",2021,6.96609956897447
BGR,Bulgaria,NY.GDP.DEFL.KD.ZG,"Inflation, GDP deflator (annual %)",2020,4.34990779928985
BGR,Bulgaria,NY.GDP.DEFL.KD.ZG,"Inflation, GDP deflator (annual %)",2019,5.28264348943156
BGR,Bulgaria,NY.GDP.DEFL.KD.ZG,"Inflation, GDP deflator (annual %)",2018,4.23528219652766
BGR,Bulgaria,NY.GDP.DEFL.KD.ZG,"Inflation, GDP deflator (annual %)",2017,4.81312201964556
BGR,Bulgaria,NY.GDP.DEFL.KD.ZG,"Inflation, GDP deflator (annual %)",2016,3.32355888853566
BGR,Bulgaria,NY.GDP.DEFL.KD.ZG,"Inflation, GDP deflator (annual %)",2015,2.94773984858946
BHR,Bahrain,NY.GDP.DEFL.KD.ZG,"Inflation, GDP deflator (annual %)",2025,0.228045002296412
BHR,Bahrain,NY.GDP.DEFL.KD.ZG,"Inflation, GDP deflator (annual %)",2024,-0.672760487023226
BHR,Bahrain,NY.GDP.DEFL.KD.ZG,"Inflation, GDP deflator (annual %)",2023,-4.28437217979031
BHR,Bahrain,NY.GDP.DEFL.KD.ZG,"Inflation, GDP deflator (annual %)",2022,7.13488879900781
BHR,Bahrain,NY.GDP.DEFL.KD.ZG,"Inflation, GDP deflator (annual %)",2021,9.20840263580602
BHR,Bahrain,NY.GDP.DEFL.KD.ZG,"Inflation, GDP deflator (annual %)",2020,-5.8288484641256
BHR,Bahrain,NY.GDP.DEFL.KD.ZG,"Inflation, GDP deflator (annual %)",2019,0.164802199458762
BHR,Bahrain,NY.GDP.DEFL.KD.ZG,"Inflation, GDP deflator (annual %)",2018,4.21271352571605
BHR,Bahrain,NY.GDP.DEFL.KD.ZG,"Inflation, GDP deflator (annual %)",2017,4.61583421430929
BHR,Bahrain,NY.GDP.DEFL.KD.ZG,"Inflation, GDP deflator (annual %)",2016,0.35724777804711
BHR,Bahrain,NY.GDP.DEFL.KD.ZG,"Inflation, GDP deflator (annual %)",2015,-8.75667340246945
CAN,Canada,NY.GDP.DEFL.KD.ZG,"Inflation, GDP deflator (annual %)",2025,2.55291816703362
CAN,Canada,NY.GDP.DEFL.KD.ZG,"Inflation, GDP deflator (annual %)",2024,2.73223601603696
CAN,Canada,NY.GDP.DEFL.KD.ZG,"Inflation, GDP deflator (annual %)",2023,1.54476766162554
CAN,Canada,NY.GDP.DEFL.KD.ZG,"Inflation, GDP deflator (annual %)",2022,7.88257577548967
CAN,Canada,NY.GDP.DEFL.KD.ZG,"Inflation, GDP deflator (annual %)",2021,7.78483196279312
CAN,Canada,NY.GDP.DEFL.KD.ZG,"Inflation, GDP deflator (annual %)",2020,1.07072837279907
CAN,Canada,NY.GDP.DEFL.KD.ZG,"Inflation, GDP deflator (annual %)",2019,1.546199357368
CAN,Canada,NY.GDP.DEFL.KD.ZG,"Inflation, GDP deflator (annual %)",2018,1.65097171958317
CAN,Canada,NY.GDP.DEFL.KD.ZG,"Inflation, GDP deflator (annual %)",2017,2.57115294047408
CAN,Canada,NY.GDP.DEFL.KD.ZG,"Inflation, GDP deflator (annual %)",2016,0.716976402406601
CAN,Canada,NY.GDP.DEFL.KD.ZG,"Inflation, GDP deflator (annual %)",2015,-0.867651110760519
B8,Central Europe and the Baltics,NY.GDP.DEFL.KD.ZG,"Inflation, GDP deflator (annual %)",2025,3.84288437338658
B8,Central Europe and the Baltics,NY.GDP.DEFL.KD.ZG,"Inflation, GDP deflator (annual %)",2024,3.90248023036213
B8,Central Europe and the Baltics,NY.GDP.DEFL.KD.ZG,"Inflation, GDP deflator (annual %)",2023,9.98912481634724
B8,Central Europe and the Baltics,NY.GDP.DEFL.KD.ZG,"Inflation, GDP deflator (annual %)",2022,10.689577427514
B8,Central Europe and the Baltics,NY.GDP.DEFL.KD.ZG,"Inflation, GDP deflator (annual %)",2021,4.29149270003289
B8,Central Europe and the Baltics,NY.GDP.DEFL.KD.ZG,"Inflation, GDP deflator (annual %)",2020,2.40777956608554
B8,Central Europe and the Baltics,NY.GDP.DEFL.KD.ZG,"Inflation, GDP deflator (annual %)",2019,3.8226798680774
B8,Central Europe and the Baltics,NY.GDP.DEFL.KD.ZG,"Inflation, GDP deflator (annual %)",2018,3.59301167619761
B8,Central Europe and the Baltics,NY.GDP.DEFL.KD.ZG,"Inflation, GDP deflator (annual %)",2017,2.70923995206107
B8,Central Europe and the Baltics,NY.GDP.DEFL.KD.ZG,"Inflation, GDP deflator (annual %)",2016,0.987472424308564
B8,Central Europe and the Baltics,NY.GDP.DEFL.KD.ZG,"Inflation, GDP deflator (annual %)",2015,1.23453645859612
CHN,China,NY.GDP.DEFL.KD.ZG,"Inflation, GDP deflator (annual %)",2025,-0.92233523175824
CHN,China,NY.GDP.DEFL.KD.ZG,"Inflation, GDP deflator (annual %)",2024,-0.764066117400986
CHN,China,NY.GDP.DEFL.KD.ZG,"Inflation, GDP deflator (annual %)",2023,-0.50679941802575
CHN,China,NY.GDP.DEFL.KD.ZG,"Inflation, GDP deflator (annual %)",2022,1.93460467589577
CHN,China,NY.GDP.DEFL.KD.ZG,"Inflation, GDP deflator (annual %)",2021,4.47357358503608
CHN,China,NY.GDP.DEFL.KD.ZG,"Inflation, GDP deflator (annual %)",2020,0.530673291065554
CHN,China,NY.GDP.DEFL.KD.ZG,"Inflation, GDP deflator (annual %)",2019,1.31658042560161
CHN,China,NY.GDP.DEFL.KD.ZG,"Inflation, GDP deflator (annual %)",2018,3.46684316501813
CHN,China,NY.GDP.DEFL.KD.ZG,"Inflation, GDP deflator (annual %)",2017,4.1460488720143
CHN,China,NY.GDP.DEFL.KD.ZG,"Inflation, GDP deflator (annual %)",2016,1.47921554986996
CHN,China,NY.GDP.DEFL.KD.ZG,"Inflation, GDP deflator (annual %)",2015,0.134600527983679
CYP,Cyprus,NY.GDP.DEFL.KD.ZG,"Inflation, GDP deflator (annual %)",2025,1.11247957322998
CYP,Cyprus,NY.GDP.DEFL.KD.ZG,"Inflation, GDP deflator (annual %)",2024,3.1220034017947
CYP,Cyprus,NY.GDP.DEFL.KD.ZG,"Inflation, GDP deflator (annual %)",2023,5.60068698105447
CYP,Cyprus,NY.GDP.DEFL.KD.ZG,"Inflation, GDP deflator (annual %)",2022,6.16482950856525
CYP,Cyprus,NY.GDP.DEFL.KD.ZG,"Inflation, GDP deflator (annual %)",2021,3.03406314812496
CYP,Cyprus,NY.GDP.DEFL.KD.ZG,"Inflation, GDP deflator (annual %)",2020,-1.20792857395175
CYP,Cyprus,NY.GDP.DEFL.KD.ZG,"Inflation, GDP deflator (annual %)",2019,1.35009076801123
CYP,Cyprus,NY.GDP.DEFL.KD.ZG,"Inflation, GDP deflator (annual %)",2018,1.02575360460912
CYP,Cyprus,NY.GDP.DEFL.KD.ZG,"Inflation, GDP deflator (annual %)",2017,1.02039376290533
CYP,Cyprus,NY.GDP.DEFL.KD.ZG,"Inflation, GDP deflator (annual %)",2016,-0.574742494242457
CYP,Cyprus,NY.GDP.DEFL.KD.ZG,"Inflation, GDP deflator (annual %)",2015,-0.754231430452322
CZE,Czechia,NY.GDP.DEFL.KD.ZG,"Inflation, GDP deflator (annual %)",2025,3.51261236846389
CZE,Czechia,NY.GDP.DEFL.KD.ZG,"Inflation, GDP deflator (annual %)",2024,3.90248023036213
CZE,Czechia,NY.GDP.DEFL.KD.ZG,"Inflation, GDP deflator (annual %)",2023,8.59789006156055
CZE,Czechia,NY.GDP.DEFL.KD.ZG,"Inflation, GDP deflator (annual %)",2022,8.67110087967065
CZE,Czechia,NY.GDP.DEFL.KD.ZG,"Inflation, GDP deflator (annual %)",2021,4.03442637497191
CZE,Czechia,NY.GDP.DEFL.KD.ZG,"Inflation, GDP deflator (annual %)",2020,4.51623223406736
CZE,Czechia,NY.GDP.DEFL.KD.ZG,"Inflation, GDP deflator (annual %)",2019,3.8413178989087
CZE,Czechia,NY.GDP.DEFL.KD.ZG,"Inflation, GDP deflator (annual %)",2018,2.81335980001735
CZE,Czechia,NY.GDP.DEFL.KD.ZG,"Inflation, GDP deflator (annual %)",2017,1.6836205033357
CZE,Czechia,NY.GDP.DEFL.KD.ZG,"Inflation, GDP deflator (annual %)",2016,1.49123391004676
CZE,Czechia,NY.GDP.DEFL.KD.ZG,"Inflation, GDP deflator (annual %)",2015,1.23453645859612
DEU,Germany,NY.GDP.DEFL.KD.ZG,"Inflation, GDP deflator (annual %)",2025,3.00895267696031
DEU,Germany,NY.GDP.DEFL.KD.ZG,"Inflation, GDP deflator (annual %)",2024,3.1102774214087
DEU,Germany,NY.GDP.DEFL.KD.ZG,"Inflation, GDP deflator (annual %)",2023,6.6911238945853
DEU,Germany,NY.GDP.DEFL.KD.ZG,"Inflation, GDP deflator (annual %)",2022,6.41315910830296
DEU,Germany,NY.GDP.DEFL.KD.ZG,"Inflation, GDP deflator (annual %)",2021,2.69677840082888
DEU,Germany,NY.GDP.DEFL.KD.ZG,"Inflation, GDP deflator (annual %)",2020,1.75745290166456
DEU,Germany,NY.GDP.DEFL.KD.ZG,"Inflation, GDP deflator (annual %)",2019,2.00929122727773
DEU,Germany,NY.GDP.DEFL.KD.ZG,"Inflation, GDP deflator (annual %)",2018,1.87085953898291
DEU,Germany,NY.GDP.DEFL.KD.ZG,"Inflation, GDP deflator (annual %)",2017,1.47661425586129
DEU,Germany,NY.GDP.DEFL.KD.ZG,"Inflation, GDP deflator (annual %)",2016,1.25424485239203
DEU,Germany,NY.GDP.DEFL.KD.ZG,"Inflation, GDP deflator (annual %)",2015,1.74443989037543
DNK,Denmark,NY.GDP.DEFL.KD.ZG,"Inflation, GDP deflator (annual %)",2025,1.665716022732
DNK,Denmark,NY.GDP.DEFL.KD.ZG,"Inflation, GDP deflator (annual %)",2024,1.45545513933037
DNK,Denmark,NY.GDP.DEFL.KD.ZG,"Inflation, GDP deflator (annual %)",2023,-2.12250636567327
DNK,Denmark,NY.GDP.DEFL.KD.ZG,"Inflation, GDP deflator (annual %)",2022,10.3984104940467
DNK,Denmark,NY.GDP.DEFL.KD.ZG,"Inflation, GDP deflator (annual %)",2021,3.04435420134703
DNK,Denmark,NY.GDP.DEFL.KD.ZG,"Inflation, GDP deflator (annual %)",2020,2.82692168535247
DNK,Denmark,NY.GDP.DEFL.KD.ZG,"Inflation, GDP deflator (annual %)",2019,0.950878606508979
DNK,Denmark,NY.GDP.DEFL.KD.ZG,"Inflation, GDP deflator (annual %)",2018,0.593022199554014
DNK,Denmark,NY.GDP.DEFL.KD.ZG,"Inflation, GDP deflator (annual %)",2017,1.10061874801856
DNK,Denmark,NY.GDP.DEFL.KD.ZG,"Inflation, GDP deflator (annual %)",2016,0.42651293565801
DNK,Denmark,NY.GDP.DEFL.KD.ZG,"Inflation, GDP deflator (annual %)",2015,0.409102918740629
Z4,East Asia & Pacific,NY.GDP.DEFL.KD.ZG,"Inflation, GDP deflator (annual %)",2025,2.48641771124112
Z4,East Asia & Pacific,NY.GDP.DEFL.KD.ZG,"Inflation, GDP deflator (annual %)",2024,4.00353838933305
Z4,East Asia & Pacific,NY.GDP.DEFL.KD.ZG,"Inflation, GDP deflator (annual %)",2023,2.65024243712615
Z4,East Asia & Pacific,NY.GDP.DEFL.KD.ZG,"Inflation, GDP deflator (annual %)",2022,5.46517905025054
Z4,East Asia & Pacific,NY.GDP.DEFL.KD.ZG,"Inflation, GDP deflator (annual %)",2021,3.1886979921222
Z4,East Asia & Pacific,NY.GDP.DEFL.KD.ZG,"Inflation, GDP deflator (annual %)",2020,1.46747814810814
Z4,East Asia & Pacific,NY.GDP.DEFL.KD.ZG,"Inflation, GDP deflator (annual %)",2019,1.31658042560161
Z4,East Asia & Pacific,NY.GDP.DEFL.KD.ZG,"Inflation, GDP deflator (annual %)",2018,3.46684316501813
Z4,East Asia & Pacific,NY.GDP.DEFL.KD.ZG,"Inflation, GDP deflator (annual %)",2017,2.72877535063135
Z4,East Asia & Pacific,NY.GDP.DEFL.KD.ZG,"Inflation, GDP deflator (annual %)",2016,1.93173616821974
Z4,East Asia & Pacific,NY.GDP.DEFL.KD.ZG,"Inflation, GDP deflator (annual %)",2015,2.52668299096356
7E,Europe & Central Asia (excluding high income),NY.GDP.DEFL.KD.ZG,"Inflation, GDP deflator (annual %)",2025,4.70157468856577
7E,Europe & Central Asia (excluding high income),NY.GDP.DEFL.KD.ZG,"Inflation, GDP deflator (annual %)",2024,6.37310175443858
7E,Europe & Central Asia (excluding high income),NY.GDP.DEFL.KD.ZG,"Inflation, GDP deflator (annual %)",2023,7.96458104658577
7E,Europe & Central Asia (excluding high income),NY.GDP.DEFL.KD.ZG,"Inflation, GDP deflator (annual %)",2022,11.9383201285083
7E,Europe & Central Asia (excluding high income),NY.GDP.DEFL.KD.ZG,"Inflation, GDP deflator (annual %)",2021,8.47251160639347
7E,Europe & Central Asia (excluding high income),NY.GDP.DEFL.KD.ZG,"Inflation, GDP deflator (annual %)",2020,2.22797604954881
7E,Europe & Central Asia (excluding high income),NY.GDP.DEFL.KD.ZG,"Inflation, GDP deflator (annual %)",2019,3.70690023426105
7E,Europe & Central Asia (excluding high income),NY.GDP.DEFL.KD.ZG,"Inflation, GDP deflator (annual %)",2018,3.37569650407377
7E,Europe & Central Asia (excluding high income),NY.GDP.DEFL.KD.ZG,"Inflation, GDP deflator (annual %)",2017,6.28980617702843
7E,Europe & Central Asia (excluding high income),NY.GDP.DEFL.KD.ZG,"Inflation, GDP deflator (annual %)",2016,3.50806334370899
7E,Europe & Central Asia (excluding high income),NY.GDP.DEFL.KD.ZG,"Inflation, GDP deflator (annual %)",2015,2.22766664995987
EGY,Egypt,NY.GDP.DEFL.KD.ZG,"Inflation, GDP deflator (annual %)",2025,24.9630903162388
EGY,Egypt,NY.GDP.DEFL.KD.ZG,"Inflation, GDP deflator (annual %)",2024,33.6915042171892
EGY,Egypt,NY.GDP.DEFL.KD.ZG,"Inflation, GDP deflator (annual %)",2023,24.7990758719001
EGY,Egypt,NY.GDP.DEFL.KD.ZG,"Inflation, GDP deflator (annual %)",2022,10.4257892437454
EGY,Egypt,NY.GDP.DEFL.KD.ZG,"Inflation, GDP deflator (annual %)",2021,4.84715643253217
EGY,Egypt,NY.GDP.DEFL.KD.ZG,"Inflation, GDP deflator (annual %)",2020,6.17693409749245
EGY,Egypt,NY.GDP.DEFL.KD.ZG,"Inflation, GDP deflator (annual %)",2019,13.6180959117792
EGY,Egypt,NY.GDP.DEFL.KD.ZG,"Inflation, GDP deflator (annual %)",2018,21.1748208165379
EGY,Egypt,NY.GDP.DEFL.KD.ZG,"Inflation, GDP deflator (annual %)",2017,29.5184798350164
EGY,Egypt,NY.GDP.DEFL.KD.ZG,"Inflation, GDP deflator (annual %)",2016,6.24566313330115
EGY,Egypt,NY.GDP.DEFL.KD.ZG,"Inflation, GDP deflator (annual %)",2015,9.93088973044884
XC,Euro area,NY.GDP.DEFL.KD.ZG,"Inflation, GDP deflator (annual %)",2025,3.15472771366517
XC,Euro area,NY.GDP.DEFL.KD.ZG,"Inflation, GDP deflator (annual %)",2024,3.39369719128545
XC,Euro area,NY.GDP.DEFL.KD.ZG,"Inflation, GDP deflator (annual %)",2023,6.6911238945853
XC,Euro area,NY.GDP.DEFL.KD.ZG,"Inflation, GDP deflator (annual %)",2022,6.28541243425478
XC,Euro area,NY.GDP.DEFL.KD.ZG,"Inflation, GDP deflator (annual %)",2021,2.55611236501613
XC,Euro area,NY.GDP.DEFL.KD.ZG,"Inflation, GDP deflator (annual %)",2020,1.75745290166456
XC,Euro area,NY.GDP.DEFL.KD.ZG,"Inflation, GDP deflator (annual %)",2019,1.98558869883709
XC,Euro area,NY.GDP.DEFL.KD.ZG,"Inflation, GDP deflator (annual %)",2018,1.85237145416053
XC,Euro area,NY.GDP.DEFL.KD.ZG,"Inflation, GDP deflator (annual %)",2017,1.43936441864196
XC,Euro area,NY.GDP.DEFL.KD.ZG,"Inflation, GDP deflator (annual %)",2016,0.607930583315365
XC,Euro area,NY.GDP.DEFL.KD.ZG,"Inflation, GDP deflator (annual %)",2015,1.12183851916816
EST,Estonia,NY.GDP.DEFL.KD.ZG,"Inflation, GDP deflator (annual %)",2025,3.84288437338658
EST,Estonia,NY.GDP.DEFL.KD.ZG,"Inflation, GDP deflator (annual %)",2024,3.98984389478063
EST,Estonia,NY.GDP.DEFL.KD.ZG,"Inflation, GDP deflator (annual %)",2023,8.6352827532792
EST,Estonia,NY.GDP.DEFL.KD.ZG,"Inflation, GDP deflator (annual %)",2022,16.844809078341
EST,Estonia,NY.GDP.DEFL.KD.ZG,"Inflation, GDP deflator (annual %)",2021,4.29149270003289
EST,Estonia,NY.GDP.DEFL.KD.ZG,"Inflation, GDP deflator (annual %)",2020,0.753338456718083
EST,Estonia,NY.GDP.DEFL.KD.ZG,"Inflation, GDP deflator (annual %)",2019,3.8226798680774
EST,Estonia,NY.GDP.DEFL.KD.ZG,"Inflation, GDP deflator (annual %)",2018,4.84907461768212
EST,Estonia,NY.GDP.DEFL.KD.ZG,"Inflation, GDP deflator (annual %)",2017,3.74109847269489
EST,Estonia,NY.GDP.DEFL.KD.ZG,"Inflation, GDP deflator (annual %)",2016,2.43852660721117
EST,Estonia,NY.GDP.DEFL.KD.ZG,"Inflation, GDP deflator (annual %)",2015,1.30643907694559
FIN,Finland,NY.GDP.DEFL.KD.ZG,"Inflation, GDP deflator (annual %)",2025,1.48235981228764
FIN,Finland,NY.GDP.DEFL.KD.ZG,"Inflation, GDP deflator (annual %)",2024,0.717232367777584
FIN,Finland,NY.GDP.DEFL.KD.ZG,"Inflation, GDP deflator (annual %)",2023,3.92171117971077
FIN,Finland,NY.GDP.DEFL.KD.ZG,"Inflation, GDP deflator (annual %)",2022,6.17278075702792
FIN,Finland,NY.GDP.DEFL.KD.ZG,"Inflation, GDP deflator (annual %)",2021,2.49284202465265
FIN,Finland,NY.GDP.DEFL.KD.ZG,"Inflation, GDP deflator (annual %)",2020,1.63841596860614
FIN,Finland,NY.GDP.DEFL.KD.ZG,"Inflation, GDP deflator (annual %)",2019,1.48185903627636
FIN,Finland,NY.GDP.DEFL.KD.ZG,"Inflation, GDP deflator (annual %)",2018,1.98705901186365
FIN,Finland,NY.GDP.DEFL.KD.ZG,"Inflation, GDP deflator (annual %)",2017,0.836045933090816
FIN,Finland,NY.GDP.DEFL.KD.ZG,"Inflation, GDP deflator (annual %)",2016,0.05519539775689
FIN,Finland,NY.GDP.DEFL.KD.ZG,"Inflation, GDP deflator (annual %)",2015,1.63270237918134
FRA,France,NY.GDP.DEFL.KD.ZG,"Inflation, GDP deflator (annual %)",2025,1.17611936604543
FRA,France,NY.GDP.DEFL.KD.ZG,"Inflation, GDP deflator (annual %)",2024,2.08759965215148
FRA,France,NY.GDP.DEFL.KD.ZG,"Inflation, GDP deflator (annual %)",2023,4.99026368272813
FRA,France,NY.GDP.DEFL.KD.ZG,"Inflation, GDP deflator (annual %)",2022,3.01818420778099
FRA,France,NY.GDP.DEFL.KD.ZG,"Inflation, GDP deflator (annual %)",2021,1.22181614073425
FRA,France,NY.GDP.DEFL.KD.ZG,"Inflation, GDP deflator (annual %)",2020,2.97797868174696
FRA,France,NY.GDP.DEFL.KD.ZG,"Inflation, GDP deflator (annual %)",2019,1.21052308336793
FRA,France,NY.GDP.DEFL.KD.ZG,"Inflation, GDP deflator (annual %)",2018,1.11459331332806
FRA,France,NY.GDP.DEFL.KD.ZG,"Inflation, GDP deflator (annual %)",2017,0.586343157961707
FRA,France,NY.GDP.DEFL.KD.ZG,"Inflation, GDP deflator (annual %)",2016,0.517258232209031
FRA,France,NY.GDP.DEFL.KD.ZG,"Inflation, GDP deflator (annual %)",2015,1.13444009013935
GB,United Kingdom,NY.GDP.DEFL.KD.ZG,"Inflation, GDP deflator (annual %)",2025,3.69325089441037
GB,United Kingdom,NY.GDP.DEFL.KD.ZG,"Inflation, GDP deflator (annual %)",2024,3.93792722917763
GB,United Kingdom,NY.GDP.DEFL.KD.ZG,"Inflation, GDP deflator (annual %)",2023,6.34491419212233
GB,United Kingdom,NY.GDP.DEFL.KD.ZG,"Inflation, GDP deflator (annual %)",2022,5.67864204313082
GB,United Kingdom,NY.GDP.DEFL.KD.ZG,"Inflation, GDP deflator (annual %)",2021,0.711756533859329
GB,United Kingdom,NY.GDP.DEFL.KD.ZG,"Inflation, GDP deflator (annual %)",2020,4.84234085720969
GB,United Kingdom,NY.GDP.DEFL.KD.ZG,"Inflation, GDP deflator (annual %)",2019,2.46133048824501
GB,United Kingdom,NY.GDP.DEFL.KD.ZG,"Inflation, GDP deflator (annual %)",2018,1.96276612181809
GB,United Kingdom,NY.GDP.DEFL.KD.ZG,"Inflation, GDP deflator (annual %)",2017,1.54252781517637
GB,United Kingdom,NY.GDP.DEFL.KD.ZG,"Inflation, GDP deflator (annual %)",2016,1.73539354292218
GB,United Kingdom,NY.GDP.DEFL.KD.ZG,"Inflation, GDP deflator (annual %)",2015,0.669172003330104
HKG,Hong Kong,NY.GDP.DEFL.KD.ZG,"Inflation, GDP deflator (annual %)",2025,1.02447880734384
HKG,Hong Kong,NY.GDP.DEFL.KD.ZG,"Inflation, GDP deflator (annual %)",2024,4.15884837120706
HKG,Hong Kong,NY.GDP.DEFL.KD.ZG,"Inflation, GDP deflator (annual %)",2023,2.89214154042013
HKG,Hong Kong,NY.GDP.DEFL.KD.ZG,"Inflation, GDP deflator (annual %)",2022,1.6885303942916
HKG,Hong Kong,NY.GDP.DEFL.KD.ZG,"Inflation, GDP deflator (annual %)",2021,0.68361601791112
HKG,Hong Kong,NY.GDP.DEFL.KD.ZG,"Inflation, GDP deflator (annual %)",2020,0.638324164435261
HKG,Hong Kong,NY.GDP.DEFL.KD.ZG,"Inflation, GDP deflator (annual %)",2019,2.04495530689914
HKG,Hong Kong,NY.GDP.DEFL.KD.ZG,"Inflation, GDP deflator (annual %)",2018,3.65957207425069
HKG,Hong Kong,NY.GDP.DEFL.KD.ZG,"Inflation, GDP deflator (annual %)",2017,2.88058154435278
HKG,Hong Kong,NY.GDP.DEFL.KD.ZG,"Inflation, GDP deflator (annual %)",2016,1.6382544482193
HKG,Hong Kong,NY.GDP.DEFL.KD.ZG,"Inflation, GDP deflator (annual %)",2015,3.64354746687002
HUN,Hungary,NY.GDP.DEFL.KD.ZG,"Inflation, GDP deflator (annual %)",2025,6.27131930665918
HUN,Hungary,NY.GDP.DEFL.KD.ZG,"Inflation, GDP deflator (annual %)",2024,7.57999001730845
HUN,Hungary,NY.GDP.DEFL.KD.ZG,"Inflation, GDP deflator (annual %)",2023,14.9923041737904
HUN,Hungary,NY.GDP.DEFL.KD.ZG,"Inflation, GDP deflator (annual %)",2022,13.9678909516068
HUN,Hungary,NY.GDP.DEFL.KD.ZG,"Inflation, GDP deflator (annual %)",2021,6.16694892296121
HUN,Hungary,NY.GDP.DEFL.KD.ZG,"Inflation, GDP deflator (annual %)",2020,6.42661364413084
HUN,Hungary,NY.GDP.DEFL.KD.ZG,"Inflation, GDP deflator (annual %)",2019,4.75293653395626
HUN,Hungary,NY.GDP.DEFL.KD.ZG,"Inflation, GDP deflator (annual %)",2018,4.84538395103071
HUN,Hungary,NY.GDP.DEFL.KD.ZG,"Inflation, GDP deflator (annual %)",2017,4.03729273738615
HUN,Hungary,NY.GDP.DEFL.KD.ZG,"Inflation, GDP deflator (annual %)",2016,1.32255007729512
HUN,Hungary,NY.GDP.DEFL.KD.ZG,"Inflation, GDP deflator (annual %)",2015,2.81115788673696
IDN,Indonesia,NY.GDP.DEFL.KD.ZG,"Inflation, GDP deflator (annual %)",2025,2.36887198997495
IDN,Indonesia,NY.GDP.DEFL.KD.ZG,"Inflation, GDP deflator (annual %)",2024,0.8898087547351
IDN,Indonesia,NY.GDP.DEFL.KD.ZG,"Inflation, GDP deflator (annual %)",2023,1.53014176760928
IDN,Indonesia,NY.GDP.DEFL.KD.ZG,"Inflation, GDP deflator (annual %)",2022,9.56898756346934
IDN,Indonesia,NY.GDP.DEFL.KD.ZG,"Inflation, GDP deflator (annual %)",2021,6.00397322136207
IDN,Indonesia,NY.GDP.DEFL.KD.ZG,"Inflation, GDP deflator (annual %)",2020,-0.401651435218994
IDN,Indonesia,NY.GDP.DEFL.KD.ZG,"Inflation, GDP deflator (annual %)",2019,1.59848849984144
IDN,Indonesia,NY.GDP.DEFL.KD.ZG,"Inflation, GDP deflator (annual %)",2018,3.81832356943335
IDN,Indonesia,NY.GDP.DEFL.KD.ZG,"Inflation, GDP deflator (annual %)",2017,4.29267812199525
IDN,Indonesia,NY.GDP.DEFL.KD.ZG,"Inflation, GDP deflator (annual %)",2016,2.43892408688207
IDN,Indonesia,NY.GDP.DEFL.KD.ZG,"Inflation, GDP deflator (annual %)",2015,3.98024266013961
IND,India,NY.GDP.DEFL.KD.ZG,"Inflation, GDP deflator (annual %)",2025,0.973566848768186
IND,India,NY.GDP.DEFL.KD.ZG,"Inflation, GDP deflator (annual %)",2024,2.46685658180814
IND,India,NY.GDP.DEFL.KD.ZG,"Inflation, GDP deflator (annual %)",2023,3.51112810294656
IND,India,NY.GDP.DEFL.KD.ZG,"Inflation, GDP deflator (annual %)",2022,2.85360507817299
IND,India,NY.GDP.DEFL.KD.ZG,"Inflation, GDP deflator (annual %)",2021,8.35490771482719
IND,India,NY.GDP.DEFL.KD.ZG,"Inflation, GDP deflator (annual %)",2020,4.81485791893965
IND,India,NY.GDP.DEFL.KD.ZG,"Inflation, GDP deflator (annual %)",2019,2.40551716106347
IND,India,NY.GDP.DEFL.KD.ZG,"Inflation, GDP deflator (annual %)",2018,3.88424027199079
IND,India,NY.GDP.DEFL.KD.ZG,"Inflation, GDP deflator (annual %)",2017,3.96925793347947
IND,India,NY.GDP.DEFL.KD.ZG,"Inflation, GDP deflator (annual %)",2016,3.23797495083078
IND,India,NY.GDP.DEFL.KD.ZG,"Inflation, GDP deflator (annual %)",2015,2.27958810853136
IRL,Ireland,NY.GDP.DEFL.KD.ZG,"Inflation, GDP deflator (annual %)",2025,1.02079990182295
IRL,Ireland,NY.GDP.DEFL.KD.ZG,"Inflation, GDP deflator (annual %)",2024,4.53690860398667
IRL,Ireland,NY.GDP.DEFL.KD.ZG,"Inflation, GDP deflator (annual %)",2023,3.39258154333999
IRL,Ireland,NY.GDP.DEFL.KD.ZG,"Inflation, GDP deflator (annual %)",2022,8.00407718550366
IRL,Ireland,NY.GDP.DEFL.KD.ZG,"Inflation, GDP deflator (annual %)",2021,1.04875097676076
IRL,Ireland,NY.GDP.DEFL.KD.ZG,"Inflation, GDP deflator (annual %)",2020,-2.06419100307969
IRL,Ireland,NY.GDP.DEFL.KD.ZG,"Inflation, GDP deflator (annual %)",2019,3.39701463997982
IRL,Ireland,NY.GDP.DEFL.KD.ZG,"Inflation, GDP deflator (annual %)",2018,0.921717914808411
IRL,Ireland,NY.GDP.DEFL.KD.ZG,"Inflation, GDP deflator (annual %)",2017,1.49398382531361
IRL,Ireland,NY.GDP.DEFL.KD.ZG,"Inflation, GDP deflator (annual %)",2016,0.11646501817107
IRL,Ireland,NY.GDP.DEFL.KD.ZG,"Inflation, GDP deflator (annual %)",2015,8.91781250799578
ISL,Iceland,NY.GDP.DEFL.KD.ZG,"Inflation, GDP deflator (annual %)",2025,6.87216556806023
ISL,Iceland,NY.GDP.DEFL.KD.ZG,"Inflation, GDP deflator (annual %)",2024,6.05506051944884
ISL,Iceland,NY.GDP.DEFL.KD.ZG,"Inflation, GDP deflator (annual %)",2023,5.48749978861929
ISL,Iceland,NY.GDP.DEFL.KD.ZG,"Inflation, GDP deflator (annual %)",2022,8.8329211005173
ISL,Iceland,NY.GDP.DEFL.KD.ZG,"Inflation, GDP deflator (annual %)",2021,6.14860765111416
ISL,Iceland,NY.GDP.DEFL.KD.ZG,"Inflation, GDP deflator (annual %)",2020,4.34111989139939
ISL,Iceland,NY.GDP.DEFL.KD.ZG,"Inflation, GDP deflator (annual %)",2019,4.83678918109088
ISL,Iceland,NY.GDP.DEFL.KD.ZG,"Inflation, GDP deflator (annual %)",2018,3.10462412667793
ISL,Iceland,NY.GDP.DEFL.KD.ZG,"Inflation, GDP deflator (annual %)",2017,1.57374573541453
ISL,Iceland,NY.GDP.DEFL.KD.ZG,"Inflation, GDP deflator (annual %)",2016,2.69882350135961
ISL,Iceland,NY.GDP.DEFL.KD.ZG,"Inflation, GDP deflator (annual %)",2015,6.75163006077506
ISR,Israel,NY.GDP.DEFL.KD.ZG,"Inflation, GDP deflator (annual %)",2025,2.09338528472129
ISR,Israel,NY.GDP.DEFL.KD.ZG,"Inflation, GDP deflator (annual %)",2024,5.55250612227391
ISR,Israel,NY.GDP.DEFL.KD.ZG,"Inflation, GDP deflator (annual %)",2023,4.55842305298835
ISR,Israel,NY.GDP.DEFL.KD.ZG,"Inflation, GDP deflator (annual %)",2022,4.85619044785726
ISR,Israel,NY.GDP.DEFL.KD.ZG,"Inflation, GDP deflator (annual %)",2021,2.28740044336007
ISR,Israel,NY.GDP.DEFL.KD.ZG,"Inflation, GDP deflator (annual %)",2020,1.22885977110781
ISR,Israel,NY.GDP.DEFL.KD.ZG,"Inflation, GDP deflator (annual %)",2019,1.90408243415214
ISR,Israel,NY.GDP.DEFL.KD.ZG,"Inflation, GDP deflator (annual %)",2018,0.722196889708471
ISR,Israel,NY.GDP.DEFL.KD.ZG,"Inflation, GDP deflator (annual %)",2017,-0.0288593821728256
ISR,Israel,NY.GDP.DEFL.KD.ZG,"Inflation, GDP deflator (annual %)",2016,0.21600593575144
ISR,Israel,NY.GDP.DEFL.KD.ZG,"Inflation, GDP deflator (annual %)",2015,2.35883888047258
ITA,Italy,NY.GDP.DEFL.KD.ZG,"Inflation, GDP deflator (annual %)",2025,1.99356072110362
ITA,Italy,NY.GDP.DEFL.KD.ZG,"Inflation, GDP deflator (annual %)",2024,1.96841034856486
ITA,Italy,NY.GDP.DEFL.KD.ZG,"Inflation, GDP deflator (annual %)",2023,6.26000409007918
ITA,Italy,NY.GDP.DEFL.KD.ZG,"Inflation, GDP deflator (annual %)",2022,3.45535917134771
ITA,Italy,NY.GDP.DEFL.KD.ZG,"Inflation, GDP deflator (annual %)",2021,1.28332187292641
ITA,Italy,NY.GDP.DEFL.KD.ZG,"Inflation, GDP deflator (annual %)",2020,1.57740278796771
ITA,Italy,NY.GDP.DEFL.KD.ZG,"Inflation, GDP deflator (annual %)",2019,1.04700690430435
ITA,Italy,NY.GDP.DEFL.KD.ZG,"Inflation, GDP deflator (annual %)",2018,1.07058151640653
ITA,Italy,NY.GDP.DEFL.KD.ZG,"Inflation, GDP deflator (annual %)",2017,0.709821715080693
ITA,Italy,NY.GDP.DEFL.KD.ZG,"Inflation, GDP deflator (annual %)",2016,1.24817184167345
ITA,Italy,NY.GDP.DEFL.KD.ZG,"Inflation, GDP deflator (annual %)",2015,0.782776477740896
KAZ,Kazakhstan,NY.GDP.DEFL.KD.ZG,"Inflation, GDP deflator (annual %)",2025,9.60510910157413
KAZ,Kazakhstan,NY.GDP.DEFL.KD.ZG,"Inflation, GDP deflator (annual %)",2024,8.9933163485769
KAZ,Kazakhstan,NY.GDP.DEFL.KD.ZG,"Inflation, GDP deflator (annual %)",2023,9.52224688275005
KAZ,Kazakhstan,NY.GDP.DEFL.KD.ZG,"Inflation, GDP deflator (annual %)",2022,19.7690064802492
KAZ,Kazakhstan,NY.GDP.DEFL.KD.ZG,"Inflation, GDP deflator (annual %)",2021,13.9300750551614
KAZ,Kazakhstan,NY.GDP.DEFL.KD.ZG,"Inflation, GDP deflator (annual %)",2020,4.21085829258907
KAZ,Kazakhstan,NY.GDP.DEFL.KD.ZG,"Inflation, GDP deflator (annual %)",2019,7.63328623733945
KAZ,Kazakhstan,NY.GDP.DEFL.KD.ZG,"Inflation, GDP deflator (annual %)",2018,9.20560599766662
KAZ,Kazakhstan,NY.GDP.DEFL.KD.ZG,"Inflation, GDP deflator (annual %)",2017,11.211105653729
KAZ,Kazakhstan,NY.GDP.DEFL.KD.ZG,"Inflation, GDP deflator (annual %)",2016,13.6384336176426
KAZ,Kazakhstan,NY.GDP.DEFL.KD.ZG,"Inflation, GDP deflator (annual %)",2015,1.82354987628641
KEN,Kenya,NY.GDP.DEFL.KD.ZG,"Inflation, GDP deflator (annual %)",2025,3.4931309026987
KEN,Kenya,NY.GDP.DEFL.KD.ZG,"Inflation, GDP deflator (annual %)",2024,3.16564640311221
KEN,Kenya,NY.GDP.DEFL.KD.ZG,"Inflation, GDP deflator (annual %)",2023,5.41580564449526
KEN,Kenya,NY.GDP.DEFL.KD.ZG,"Inflation, GDP deflator (annual %)",2022,6.95705445631218
KEN,Kenya,NY.GDP.DEFL.KD.ZG,"Inflation, GDP deflator (annual %)",2021,4.3307475585662
KEN,Kenya,NY.GDP.DEFL.KD.ZG,"Inflation, GDP deflator (annual %)",2020,4.94885283291357
KEN,Kenya,NY.GDP.DEFL.KD.ZG,"Inflation, GDP deflator (annual %)",2019,4.2752342393575
KEN,Kenya,NY.GDP.DEFL.KD.ZG,"Inflation, GDP deflator (annual %)",2018,4.21502841459056
KEN,Kenya,NY.GDP.DEFL.KD.ZG,"Inflation, GDP deflator (annual %)",2017,7.58193402820181
KEN,Kenya,NY.GDP.DEFL.KD.ZG,"Inflation, GDP deflator (annual %)",2016,5.84962894648808
KEN,Kenya,NY.GDP.DEFL.KD.ZG,"Inflation, GDP deflator (annual %)",2015,9.23865468396285
KWT,Kuwait,NY.GDP.DEFL.KD.ZG,"Inflation, GDP deflator (annual %)",2025,-4.96715663139989
KWT,Kuwait,NY.GDP.DEFL.KD.ZG,"Inflation, GDP deflator (annual %)",2024,-1.45951565156486
KWT,Kuwait,NY.GDP.DEFL.KD.ZG,"Inflation, GDP deflator (annual %)",2023,-8.04648319014426
KWT,Kuwait,NY.GDP.DEFL.KD.ZG,"Inflation, GDP deflator (annual %)",2022,17.6335216930828
KWT,Kuwait,NY.GDP.DEFL.KD.ZG,"Inflation, GDP deflator (annual %)",2021,29.4279300898412
KWT,Kuwait,NY.GDP.DEFL.KD.ZG,"Inflation, GDP deflator (annual %)",2020,-16.4587787703847
KWT,Kuwait,NY.GDP.DEFL.KD.ZG,"Inflation, GDP deflator (annual %)",2019,-0.110446283802503
KWT,Kuwait,NY.GDP.DEFL.KD.ZG,"Inflation, GDP deflator (annual %)",2018,11.2991701077361
KWT,Kuwait,NY.GDP.DEFL.KD.ZG,"Inflation, GDP deflator (annual %)",2017,16.2308752938419
KWT,Kuwait,NY.GDP.DEFL.KD.ZG,"Inflation, GDP deflator (annual %)",2016,-6.83784298382099
KWT,Kuwait,NY.GDP.DEFL.KD.ZG,"Inflation, GDP deflator (annual %)",2015,-25.958330821238
ZJ,Latin America & Caribbean,NY.GDP.DEFL.KD.ZG,"Inflation, GDP deflator (annual %)",2025,3.38685024304168
ZJ,Latin America & Caribbean,NY.GDP.DEFL.KD.ZG,"Inflation, GDP deflator (annual %)",2024,3.71197890609302
ZJ,Latin America & Caribbean,NY.GDP.DEFL.KD.ZG,"Inflation, GDP deflator (annual %)",2023,4.40820443649315
ZJ,Latin America & Caribbean,NY.GDP.DEFL.KD.ZG,"Inflation, GDP deflator (annual %)",2022,6.62559546651821
ZJ,Latin America & Caribbean,NY.GDP.DEFL.KD.ZG,"Inflation, GDP deflator (annual %)",2021,4.31502371433918
ZJ,Latin America & Caribbean,NY.GDP.DEFL.KD.ZG,"Inflation, GDP deflator (annual %)",2020,1.84282304408084
ZJ,Latin America & Caribbean,NY.GDP.DEFL.KD.ZG,"Inflation, GDP deflator (annual %)",2019,2.59656980548346
ZJ,Latin America & Caribbean,NY.GDP.DEFL.KD.ZG,"Inflation, GDP deflator (annual %)",2018,2.12212579569427
ZJ,Latin America & Caribbean,NY.GDP.DEFL.KD.ZG,"Inflation, GDP deflator (annual %)",2017,2.96410428738368
ZJ,Latin America & Caribbean,NY.GDP.DEFL.KD.ZG,"Inflation, GDP deflator (annual %)",2016,2.3482989082066
ZJ,Latin America & Caribbean,NY.GDP.DEFL.KD.ZG,"Inflation, GDP deflator (annual %)",2015,2.90305552671429
LTU,Lithuania,NY.GDP.DEFL.KD.ZG,"Inflation, GDP deflator (annual %)",2025,3.63465757052825
LTU,Lithuania,NY.GDP.DEFL.KD.ZG,"Inflation, GDP deflator (annual %)",2024,3.17004636967202
LTU,Lithuania,NY.GDP.DEFL.KD.ZG,"Inflation, GDP deflator (annual %)",2023,9.97342076445898
LTU,Lithuania,NY.GDP.DEFL.KD.ZG,"Inflation, GDP deflator (annual %)",2022,15.4437711325066
LTU,Lithuania,NY.GDP.DEFL.KD.ZG,"Inflation, GDP deflator (annual %)",2021,6.04010883761583
LTU,Lithuania,NY.GDP.DEFL.KD.ZG,"Inflation, GDP deflator (annual %)",2020,2.03874418596244
LTU,Lithuania,NY.GDP.DEFL.KD.ZG,"Inflation, GDP deflator (annual %)",2019,2.37586014042606
LTU,Lithuania,NY.GDP.DEFL.KD.ZG,"Inflation, GDP deflator (annual %)",2018,3.59301167619761
LTU,Lithuania,NY.GDP.DEFL.KD.ZG,"Inflation, GDP deflator (annual %)",2017,4.09579153130848
LTU,Lithuania,NY.GDP.DEFL.KD.ZG,"Inflation, GDP deflator (annual %)",2016,0.987472424308564
LTU,Lithuania,NY.GDP.DEFL.KD.ZG,"Inflation, GDP deflator (annual %)",2015,-0.0022527821753755
LVA,Latvia,NY.GDP.DEFL.KD.ZG,"Inflation, GDP deflator (annual %)",2025,3.62410340812581
LVA,Latvia,NY.GDP.DEFL.KD.ZG,"Inflation, GDP deflator (annual %)",2024,2.78829342003959
LVA,Latvia,NY.GDP.DEFL.KD.ZG,"Inflation, GDP deflator (annual %)",2023,10.6724737437668
LVA,Latvia,NY.GDP.DEFL.KD.ZG,"Inflation, GDP deflator (annual %)",2022,9.69246570259344
LVA,Latvia,NY.GDP.DEFL.KD.ZG,"Inflation, GDP deflator (annual %)",2021,3.29734326527044
LVA,Latvia,NY.GDP.DEFL.KD.ZG,"Inflation, GDP deflator (annual %)",2020,2.39332693904262
LVA,Latvia,NY.GDP.DEFL.KD.ZG,"Inflation, GDP deflator (annual %)",2019,4.31638188410186
LVA,Latvia,NY.GDP.DEFL.KD.ZG,"Inflation, GDP deflator (annual %)",2018,3.74027873968454
LVA,Latvia,NY.GDP.DEFL.KD.ZG,"Inflation, GDP deflator (annual %)",2017,2.70923995206107
LVA,Latvia,NY.GDP.DEFL.KD.ZG,"Inflation, GDP deflator (annual %)",2016,0.607930583315365
LVA,Latvia,NY.GDP.DEFL.KD.ZG,"Inflation, GDP deflator (annual %)",2015,0.38688741781985
MAC,Macao,NY.GDP.DEFL.KD.ZG,"Inflation, GDP deflator (annual %)",2025,0.458920159293186
MAC,Macao,NY.GDP.DEFL.KD.ZG,"Inflation, GDP deflator (annual %)",2024,0.195824921934658
MAC,Macao,NY.GDP.DEFL.KD.ZG,"Inflation, GDP deflator (annual %)",2023,4.37730030836568
MAC,Macao,NY.GDP.DEFL.KD.ZG,"Inflation, GDP deflator (annual %)",2022,1.16185333991999
MAC,Macao,NY.GDP.DEFL.KD.ZG,"Inflation, GDP deflator (annual %)",2021,-0.844444812034638
MAC,Macao,NY.GDP.DEFL.KD.ZG,"Inflation, GDP deflator (annual %)",2020,-0.260126126770089
MAC,Macao,NY.GDP.DEFL.KD.ZG,"Inflation, GDP deflator (annual %)",2019,2.40193626774135
MAC,Macao,NY.GDP.DEFL.KD.ZG,"Inflation, GDP deflator (annual %)",2018,3.55161780123106
MAC,Macao,NY.GDP.DEFL.KD.ZG,"Inflation, GDP deflator (annual %)",2017,2.15867273829333
MAC,Macao,NY.GDP.DEFL.KD.ZG,"Inflation, GDP deflator (annual %)",2016,0.888319208423269
MAC,Macao,NY.GDP.DEFL.KD.ZG,"Inflation, GDP deflator (annual %)",2015,4.53106554850895
MAR,Morocco,NY.GDP.DEFL.KD.ZG,"Inflation, GDP deflator (annual %)",2025,2.1002671293874
MAR,Morocco,NY.GDP.DEFL.KD.ZG,"Inflation, GDP deflator (annual %)",2024,3.96532013121269
MAR,Morocco,NY.GDP.DEFL.KD.ZG,"Inflation, GDP deflator (annual %)",2023,7.05168019026993
MAR,Morocco,NY.GDP.DEFL.KD.ZG,"Inflation, GDP deflator (annual %)",2022,2.60335130813709
MAR,Morocco,NY.GDP.DEFL.KD.ZG,"Inflation, GDP deflator (annual %)",2021,2.41520355664963
MAR,Morocco,NY.GDP.DEFL.KD.ZG,"Inflation, GDP deflator (annual %)",2020,0.142417962079094
MAR,Morocco,NY.GDP.DEFL.KD.ZG,"Inflation, GDP deflator (annual %)",2019,0.816805456485284
MAR,Morocco,NY.GDP.DEFL.KD.ZG,"Inflation, GDP deflator (annual %)",2018,0.939181637531973
MAR,Morocco,NY.GDP.DEFL.KD.ZG,"Inflation, GDP deflator (annual %)",2017,-0.0608910142931904
MAR,Morocco,NY.GDP.DEFL.KD.ZG,"Inflation, GDP deflator (annual %)",2016,0.969883868049919
MAR,Morocco,NY.GDP.DEFL.KD.ZG,"Inflation, GDP deflator (annual %)",2015,3.17293530967125
MEX,Mexico,NY.GDP.DEFL.KD.ZG,"Inflation, GDP deflator (annual %)",2025,4.63095802337195
MEX,Mexico,NY.GDP.DEFL.KD.ZG,"Inflation, GDP deflator (annual %)",2024,3.74662735889912
MEX,Mexico,NY.GDP.DEFL.KD.ZG,"Inflation, GDP deflator (annual %)",2023,4.67637404757288
MEX,Mexico,NY.GDP.DEFL.KD.ZG,"Inflation, GDP deflator (annual %)",2022,6.66664946787341
MEX,Mexico,NY.GDP.DEFL.KD.ZG,"Inflation, GDP deflator (annual %)",2021,4.48797274268482
MEX,Mexico,NY.GDP.DEFL.KD.ZG,"Inflation, GDP deflator (annual %)",2020,4.6197901253924
MEX,Mexico,NY.GDP.DEFL.KD.ZG,"Inflation, GDP deflator (annual %)",2019,4.31901023627729
MEX,Mexico,NY.GDP.DEFL.KD.ZG,"Inflation, GDP deflator (annual %)",2018,5.2044999746979
MEX,Mexico,NY.GDP.DEFL.KD.ZG,"Inflation, GDP deflator (annual %)",2017,6.56759491106902
MEX,Mexico,NY.GDP.DEFL.KD.ZG,"Inflation, GDP deflator (annual %)",2016,6.07758784214809
MEX,Mexico,NY.GDP.DEFL.KD.ZG,"Inflation, GDP deflator (annual %)",2015,3.22542891110768
MKD,North Macedonia,NY.GDP.DEFL.KD.ZG,"Inflation, GDP deflator (annual %)",2025,4.62817432449685
MKD,North Macedonia,NY.GDP.DEFL.KD.ZG,"Inflation, GDP deflator (annual %)",2024,3.67239415798031
MKD,North Macedonia,NY.GDP.DEFL.KD.ZG,"Inflation, GDP deflator (annual %)",2023,7.88239994188258
MKD,North Macedonia,NY.GDP.DEFL.KD.ZG,"Inflation, GDP deflator (annual %)",2022,8.87368732523663
MKD,North Macedonia,NY.GDP.DEFL.KD.ZG,"Inflation, GDP deflator (annual %)",2021,4.28552531461972
MKD,North Macedonia,NY.GDP.DEFL.KD.ZG,"Inflation, GDP deflator (annual %)",2020,1.37428071825137
MKD,North Macedonia,NY.GDP.DEFL.KD.ZG,"Inflation, GDP deflator (annual %)",2019,0.86816868476069
MKD,North Macedonia,NY.GDP.DEFL.KD.ZG,"Inflation, GDP deflator (annual %)",2018,3.92615528936682
MKD,North Macedonia,NY.GDP.DEFL.KD.ZG,"Inflation, GDP deflator (annual %)",2017,2.80702703539038
MKD,North Macedonia,NY.GDP.DEFL.KD.ZG,"Inflation, GDP deflator (annual %)",2016,3.46525285653088
MKD,North Macedonia,NY.GDP.DEFL.KD.ZG,"Inflation, GDP deflator (annual %)",2015,2.00342084578241
XQ,"Middle East, North Africa, Afghanistan & Pakistan (excluding high income)",NY.GDP.DEFL.KD.ZG,"Inflation, GDP deflator (annual %)",2025,3.9964786317297
XQ,"Middle East, North Africa, Afghanistan & Pakistan (excluding high income)",NY.GDP.DEFL.KD.ZG,"Inflation, GDP deflator (annual %)",2024,8.50939917382847
XQ,"Middle East, North Africa, Afghanistan & Pakistan (excluding high income)",NY.GDP.DEFL.KD.ZG,"Inflation, GDP deflator (annual %)",2023,2.92366213121669
XQ,"Middle East, North Africa, Afghanistan & Pakistan (excluding high income)",NY.GDP.DEFL.KD.ZG,"Inflation, GDP deflator (annual %)",2022,13.9370112392938
XQ,"Middle East, North Africa, Afghanistan & Pakistan (excluding high income)",NY.GDP.DEFL.KD.ZG,"Inflation, GDP deflator (annual %)",2021,10.2673420806694
XQ,"Middle East, North Africa, Afghanistan & Pakistan (excluding high income)",NY.GDP.DEFL.KD.ZG,"Inflation, GDP deflator (annual %)",2020,6.17693409749245
XQ,"Middle East, North Africa, Afghanistan & Pakistan (excluding high income)",NY.GDP.DEFL.KD.ZG,"Inflation, GDP deflator (annual %)",2019,4.17567264236536
XQ,"Middle East, North Africa, Afghanistan & Pakistan (excluding high income)",NY.GDP.DEFL.KD.ZG,"Inflation, GDP deflator (annual %)",2018,5.52248710107466
XQ,"Middle East, North Africa, Afghanistan & Pakistan (excluding high income)",NY.GDP.DEFL.KD.ZG,"Inflation, GDP deflator (annual %)",2017,4.02974599325579
XQ,"Middle East, North Africa, Afghanistan & Pakistan (excluding high income)",NY.GDP.DEFL.KD.ZG,"Inflation, GDP deflator (annual %)",2016,0.922232751710013
XQ,"Middle East, North Africa, Afghanistan & Pakistan (excluding high income)",NY.GDP.DEFL.KD.ZG,"Inflation, GDP deflator (annual %)",2015,2.44756300147404
MNE,Montenegro,NY.GDP.DEFL.KD.ZG,"Inflation, GDP deflator (annual %)",2025,4.02839721641351
MNE,Montenegro,NY.GDP.DEFL.KD.ZG,"Inflation, GDP deflator (annual %)",2024,4.82717608409683
MNE,Montenegro,NY.GDP.DEFL.KD.ZG,"Inflation, GDP deflator (annual %)",2023,11.6812783259558
MNE,Montenegro,NY.GDP.DEFL.KD.ZG,"Inflation, GDP deflator (annual %)",2022,12.0678020712969
MNE,Montenegro,NY.GDP.DEFL.KD.ZG,"Inflation, GDP deflator (annual %)",2021,5.07252156296406
MNE,Montenegro,NY.GDP.DEFL.KD.ZG,"Inflation, GDP deflator (annual %)",2020,-0.460545438758615
MNE,Montenegro,NY.GDP.DEFL.KD.ZG,"Inflation, GDP deflator (annual %)",2019,1.98448658135133
MNE,Montenegro,NY.GDP.DEFL.KD.ZG,"Inflation, GDP deflator (annual %)",2018,3.30394789225497
MNE,Montenegro,NY.GDP.DEFL.KD.ZG,"Inflation, GDP deflator (annual %)",2017,4.65729032085737
MNE,Montenegro,NY.GDP.DEFL.KD.ZG,"Inflation, GDP deflator (annual %)",2016,5.27643333909262
MNE,Montenegro,NY.GDP.DEFL.KD.ZG,"Inflation, GDP deflator (annual %)",2015,2.28621254436099
MYS,Malaysia,NY.GDP.DEFL.KD.ZG,"Inflation, GDP deflator (annual %)",2025,-0.44975265089235
MYS,Malaysia,NY.GDP.DEFL.KD.ZG,"Inflation, GDP deflator (annual %)",2024,0.7901575555276
MYS,Malaysia,NY.GDP.DEFL.KD.ZG,"Inflation, GDP deflator (annual %)",2023,-1.84898373559957
MYS,Malaysia,NY.GDP.DEFL.KD.ZG,"Inflation, GDP deflator (annual %)",2022,6.29629950333799
MYS,Malaysia,NY.GDP.DEFL.KD.ZG,"Inflation, GDP deflator (annual %)",2021,5.67593848764116
MYS,Malaysia,NY.GDP.DEFL.KD.ZG,"Inflation, GDP deflator (annual %)",2020,-0.818007729183023
MYS,Malaysia,NY.GDP.DEFL.KD.ZG,"Inflation, GDP deflator (annual %)",2019,0.0718269093121364
MYS,Malaysia,NY.GDP.DEFL.KD.ZG,"Inflation, GDP deflator (annual %)",2018,0.624674674586643
MYS,Malaysia,NY.GDP.DEFL.KD.ZG,"Inflation, GDP deflator (annual %)",2017,3.77896094306453
MYS,Malaysia,NY.GDP.DEFL.KD.ZG,"Inflation, GDP deflator (annual %)",2016,1.65825996642414
MYS,Malaysia,NY.GDP.DEFL.KD.ZG,"Inflation, GDP deflator (annual %)",2015,1.21805573355338
NLD,Netherlands,NY.GDP.DEFL.KD.ZG,"Inflation, GDP deflator (annual %)",2025,3.31998630270478
NLD,Netherlands,NY.GDP.DEFL.KD.ZG,"Inflation, GDP deflator (annual %)",2024,5.6654225778243
NLD,Netherlands,NY.GDP.DEFL.KD.ZG,"Inflation, GDP deflator (annual %)",2023,6.30206908032835
NLD,Netherlands,NY.GDP.DEFL.KD.ZG,"Inflation, GDP deflator (annual %)",2022,6.15557498292159
NLD,Netherlands,NY.GDP.DEFL.KD.ZG,"Inflation, GDP deflator (annual %)",2021,2.74733820576721
NLD,Netherlands,NY.GDP.DEFL.KD.ZG,"Inflation, GDP deflator (annual %)",2020,2.35577686266144
NLD,Netherlands,NY.GDP.DEFL.KD.ZG,"Inflation, GDP deflator (annual %)",2019,3.02781317575136
NLD,Netherlands,NY.GDP.DEFL.KD.ZG,"Inflation, GDP deflator (annual %)",2018,2.53341170885517
NLD,Netherlands,NY.GDP.DEFL.KD.ZG,"Inflation, GDP deflator (annual %)",2017,1.43936441864196
NLD,Netherlands,NY.GDP.DEFL.KD.ZG,"Inflation, GDP deflator (annual %)",2016,0.565548743031258
NLD,Netherlands,NY.GDP.DEFL.KD.ZG,"Inflation, GDP deflator (annual %)",2015,0.888398541092599
NOR,Norway,NY.GDP.DEFL.KD.ZG,"Inflation, GDP deflator (annual %)",2025,1.41140198506559
NOR,Norway,NY.GDP.DEFL.KD.ZG,"Inflation, GDP deflator (annual %)",2024,0.0377903862988518
NOR,Norway,NY.GDP.DEFL.KD.ZG,"Inflation, GDP deflator (annual %)",2023,-10.9316680217936
NOR,Norway,NY.GDP.DEFL.KD.ZG,"Inflation, GDP deflator (annual %)",2022,27.2711853860313
NOR,Norway,NY.GDP.DEFL.KD.ZG,"Inflation, GDP deflator (annual %)",2021,19.5320693903058
NOR,Norway,NY.GDP.DEFL.KD.ZG,"Inflation, GDP deflator (annual %)",2020,-2.26295174179792
NOR,Norway,NY.GDP.DEFL.KD.ZG,"Inflation, GDP deflator (annual %)",2019,-0.477791135124974
NOR,Norway,NY.GDP.DEFL.KD.ZG,"Inflation, GDP deflator (annual %)",2018,6.34132098639991
NOR,Norway,NY.GDP.DEFL.KD.ZG,"Inflation, GDP deflator (annual %)",2017,4.01666873470073
NOR,Norway,NY.GDP.DEFL.KD.ZG,"Inflation, GDP deflator (annual %)",2016,-1.62579691835785
NOR,Norway,NY.GDP.DEFL.KD.ZG,"Inflation, GDP deflator (annual %)",2015,-2.59190190325677
NZL,New Zealand,NY.GDP.DEFL.KD.ZG,"Inflation, GDP deflator (annual %)",2025,3.62335754277869
NZL,New Zealand,NY.GDP.DEFL.KD.ZG,"Inflation, GDP deflator (annual %)",2024,4.40145560973323
NZL,New Zealand,NY.GDP.DEFL.KD.ZG,"Inflation, GDP deflator (annual %)",2023,4.11014517250547
NZL,New Zealand,NY.GDP.DEFL.KD.ZG,"Inflation, GDP deflator (annual %)",2022,6.23957400287931
NZL,New Zealand,NY.GDP.DEFL.KD.ZG,"Inflation, GDP deflator (annual %)",2021,4.55737807017778
NZL,New Zealand,NY.GDP.DEFL.KD.ZG,"Inflation, GDP deflator (annual %)",2020,1.9485485760927
NZL,New Zealand,NY.GDP.DEFL.KD.ZG,"Inflation, GDP deflator (annual %)",2019,3.29962753435764
NZL,New Zealand,NY.GDP.DEFL.KD.ZG,"Inflation, GDP deflator (annual %)",2018,1.87226165806347
NZL,New Zealand,NY.GDP.DEFL.KD.ZG,"Inflation, GDP deflator (annual %)",2017,3.6511970298714
NZL,New Zealand,NY.GDP.DEFL.KD.ZG,"Inflation, GDP deflator (annual %)",2016,2.43482614850647
NZL,New Zealand,NY.GDP.DEFL.KD.ZG,"Inflation, GDP deflator (annual %)",2015,1.42361070787149
OMN,Oman,NY.GDP.DEFL.KD.ZG,"Inflation, GDP deflator (annual %)",2025,-0.0924586150308357
OMN,Oman,NY.GDP.DEFL.KD.ZG,"Inflation, GDP deflator (annual %)",2024,-0.713474976851984
OMN,Oman,NY.GDP.DEFL.KD.ZG,"Inflation, GDP deflator (annual %)",2023,-4.69581131192407
OMN,Oman,NY.GDP.DEFL.KD.ZG,"Inflation, GDP deflator (annual %)",2022,16.4963249993549
OMN,Oman,NY.GDP.DEFL.KD.ZG,"Inflation, GDP deflator (annual %)",2021,12.1410502759484
OMN,Oman,NY.GDP.DEFL.KD.ZG,"Inflation, GDP deflator (annual %)",2020,-10.7835605977296
OMN,Oman,NY.GDP.DEFL.KD.ZG,"Inflation, GDP deflator (annual %)",2019,-2.66623355343535
OMN,Oman,NY.GDP.DEFL.KD.ZG,"Inflation, GDP deflator (annual %)",2018,11.7322946084517
OMN,Oman,NY.GDP.DEFL.KD.ZG,"Inflation, GDP deflator (annual %)",2017,7.29794329780007
OMN,Oman,NY.GDP.DEFL.KD.ZG,"Inflation, GDP deflator (annual %)",2016,-9.13627527605452
OMN,Oman,NY.GDP.DEFL.KD.ZG,"Inflation, GDP deflator (annual %)",2015,-19.1464725188166
PHL,Philippines,NY.GDP.DEFL.KD.ZG,"Inflation, GDP deflator (annual %)",2025,1.43435633798678
PHL,Philippines,NY.GDP.DEFL.KD.ZG,"Inflation, GDP deflator (annual %)",2024,2.90402293225671
PHL,Philippines,NY.GDP.DEFL.KD.ZG,"Inflation, GDP deflator (annual %)",2023,4.60143307102079
PHL,Philippines,NY.GDP.DEFL.KD.ZG,"Inflation, GDP deflator (annual %)",2022,5.48864820202009
PHL,Philippines,NY.GDP.DEFL.KD.ZG,"Inflation, GDP deflator (annual %)",2021,2.28247846258142
PHL,Philippines,NY.GDP.DEFL.KD.ZG,"Inflation, GDP deflator (annual %)",2020,1.65049018681367
PHL,Philippines,NY.GDP.DEFL.KD.ZG,"Inflation, GDP deflator (annual %)",2019,0.697076297419486
PHL,Philippines,NY.GDP.DEFL.KD.ZG,"Inflation, GDP deflator (annual %)",2018,3.74065383022071
PHL,Philippines,NY.GDP.DEFL.KD.ZG,"Inflation, GDP deflator (annual %)",2017,2.32025994608939
PHL,Philippines,NY.GDP.DEFL.KD.ZG,"Inflation, GDP deflator (annual %)",2016,1.28031174373962
PHL,Philippines,NY.GDP.DEFL.KD.ZG,"Inflation, GDP deflator (annual %)",2015,-0.719682789735927
POL,Poland,NY.GDP.DEFL.KD.ZG,"Inflation, GDP deflator (annual %)",2025,2.90835386941161
POL,Poland,NY.GDP.DEFL.KD.ZG,"Inflation, GDP deflator (annual %)",2024,3.82894765990332
POL,Poland,NY.GDP.DEFL.KD.ZG,"Inflation, GDP deflator (annual %)",2023,9.86569270234997
POL,Poland,NY.GDP.DEFL.KD.ZG,"Inflation, GDP deflator (annual %)",2022,10.689577427514
POL,Poland,NY.GDP.DEFL.KD.ZG,"Inflation, GDP deflator (annual %)",2021,5.34023602800748
POL,Poland,NY.GDP.DEFL.KD.ZG,"Inflation, GDP deflator (annual %)",2020,4.23859434856777
POL,Poland,NY.GDP.DEFL.KD.ZG,"Inflation, GDP deflator (annual %)",2019,3.02644690867653
POL,Poland,NY.GDP.DEFL.KD.ZG,"Inflation, GDP deflator (annual %)",2018,1.22699825174134
POL,Poland,NY.GDP.DEFL.KD.ZG,"Inflation, GDP deflator (annual %)",2017,1.77020284945432
POL,Poland,NY.GDP.DEFL.KD.ZG,"Inflation, GDP deflator (annual %)",2016,0.0828624483893066
POL,Poland,NY.GDP.DEFL.KD.ZG,"Inflation, GDP deflator (annual %)",2015,1.32071091723995
QAT,Qatar,NY.GDP.DEFL.KD.ZG,"Inflation, GDP deflator (annual %)",2025,-3.15002110419772
QAT,Qatar,NY.GDP.DEFL.KD.ZG,"Inflation, GDP deflator (annual %)",2024,-1.51708033159748
QAT,Qatar,NY.GDP.DEFL.KD.ZG,"Inflation, GDP deflator (annual %)",2023,-10.693481450613
QAT,Qatar,NY.GDP.DEFL.KD.ZG,"Inflation, GDP deflator (annual %)",2022,25.8769173694679
QAT,Qatar,NY.GDP.DEFL.KD.ZG,"Inflation, GDP deflator (annual %)",2021,22.4660221294737
QAT,Qatar,NY.GDP.DEFL.KD.ZG,"Inflation, GDP deflator (annual %)",2020,-15.1004203155136
QAT,Qatar,NY.GDP.DEFL.KD.ZG,"Inflation, GDP deflator (annual %)",2019,-4.45591420530452
QAT,Qatar,NY.GDP.DEFL.KD.ZG,"Inflation, GDP deflator (annual %)",2018,12.4144035260003
QAT,Qatar,NY.GDP.DEFL.KD.ZG,"Inflation, GDP deflator (annual %)",2017,7.78756965604812
QAT,Qatar,NY.GDP.DEFL.KD.ZG,"Inflation, GDP deflator (annual %)",2016,-8.97669905751843
QAT,Qatar,NY.GDP.DEFL.KD.ZG,"Inflation, GDP deflator (annual %)",2015,-25.1298074959928
ROU,Romania,NY.GDP.DEFL.KD.ZG,"Inflation, GDP deflator (annual %)",2025,8.20375528065679
ROU,Romania,NY.GDP.DEFL.KD.ZG,"Inflation, GDP deflator (annual %)",2024,9.58453804755844
ROU,Romania,NY.GDP.DEFL.KD.ZG,"Inflation, GDP deflator (annual %)",2023,12.3522995042078
ROU,Romania,NY.GDP.DEFL.KD.ZG,"Inflation, GDP deflator (annual %)",2022,12.051275290788
ROU,Romania,NY.GDP.DEFL.KD.ZG,"Inflation, GDP deflator (annual %)",2021,5.60376567562626
ROU,Romania,NY.GDP.DEFL.KD.ZG,"Inflation, GDP deflator (annual %)",2020,4.10704737847854
ROU,Romania,NY.GDP.DEFL.KD.ZG,"Inflation, GDP deflator (annual %)",2019,6.96708718391783
ROU,Romania,NY.GDP.DEFL.KD.ZG,"Inflation, GDP deflator (annual %)",2018,6.18205429510977
ROU,Romania,NY.GDP.DEFL.KD.ZG,"Inflation, GDP deflator (annual %)",2017,4.65130664700149
ROU,Romania,NY.GDP.DEFL.KD.ZG,"Inflation, GDP deflator (annual %)",2016,2.61991857394388
ROU,Romania,NY.GDP.DEFL.KD.ZG,"Inflation, GDP deflator (annual %)",2015,3.26453494332559
RUS,Russia,NY.GDP.DEFL.KD.ZG,"Inflation, GDP deflator (annual %)",2025,4.85205314544395
RUS,Russia,NY.GDP.DEFL.KD.ZG,"Inflation, GDP deflator (annual %)",2024,10.6528462305427
RUS,Russia,NY.GDP.DEFL.KD.ZG,"Inflation, GDP deflator (annual %)",2023,6.65888697432216
RUS,Russia,NY.GDP.DEFL.KD.ZG,"Inflation, GDP deflator (annual %)",2022,18.2296132017855
RUS,Russia,NY.GDP.DEFL.KD.ZG,"Inflation, GDP deflator (annual %)",2021,18.2091007440476
RUS,Russia,NY.GDP.DEFL.KD.ZG,"Inflation, GDP deflator (annual %)",2020,0.898246022973439
RUS,Russia,NY.GDP.DEFL.KD.ZG,"Inflation, GDP deflator (annual %)",2019,3.26313281834219
RUS,Russia,NY.GDP.DEFL.KD.ZG,"Inflation, GDP deflator (annual %)",2018,9.99894458061645
RUS,Russia,NY.GDP.DEFL.KD.ZG,"Inflation, GDP deflator (annual %)",2017,5.34886821073218
RUS,Russia,NY.GDP.DEFL.KD.ZG,"Inflation, GDP deflator (annual %)",2016,2.84424213964709
RUS,Russia,NY.GDP.DEFL.KD.ZG,"Inflation, GDP deflator (annual %)",2015,7.24973590747346
8S,South Asia,NY.GDP.DEFL.KD.ZG,"Inflation, GDP deflator (annual %)",2025,3.22406406074013
8S,South Asia,NY.GDP.DEFL.KD.ZG,"Inflation, GDP deflator (annual %)",2024,3.80361568402666
8S,South Asia,NY.GDP.DEFL.KD.ZG,"Inflation, GDP deflator (annual %)",2023,5.07631110317609
8S,South Asia,NY.GDP.DEFL.KD.ZG,"Inflation, GDP deflator (annual %)",2022,5.42193852431457
8S,South Asia,NY.GDP.DEFL.KD.ZG,"Inflation, GDP deflator (annual %)",2021,7.19536279695099
8S,South Asia,NY.GDP.DEFL.KD.ZG,"Inflation, GDP deflator (annual %)",2020,3.5292328591457
8S,South Asia,NY.GDP.DEFL.KD.ZG,"Inflation, GDP deflator (annual %)",2019,3.38307296288543
8S,South Asia,NY.GDP.DEFL.KD.ZG,"Inflation, GDP deflator (annual %)",2018,4.08977323260189
8S,South Asia,NY.GDP.DEFL.KD.ZG,"Inflation, GDP deflator (annual %)",2017,4.69861577035089
8S,South Asia,NY.GDP.DEFL.KD.ZG,"Inflation, GDP deflator (annual %)",2016,4.74606735606073
8S,South Asia,NY.GDP.DEFL.KD.ZG,"Inflation, GDP deflator (annual %)",2015,3.80941135387052
SAU,Saudi Arabia,NY.GDP.DEFL.KD.ZG,"Inflation, GDP deflator (annual %)",2025,-2.56866456586341
SAU,Saudi Arabia,NY.GDP.DEFL.KD.ZG,"Inflation, GDP deflator (annual %)",2024,0.261941556781764
SAU,Saudi Arabia,NY.GDP.DEFL.KD.ZG,"Inflation, GDP deflator (annual %)",2023,-2.18442485707621
SAU,Saudi Arabia,NY.GDP.DEFL.KD.ZG,"Inflation, GDP deflator (annual %)",2022,12.5832067060847
SAU,Saudi Arabia,NY.GDP.DEFL.KD.ZG,"Inflation, GDP deflator (annual %)",2021,20.12699452585
SAU,Saudi Arabia,NY.GDP.DEFL.KD.ZG,"Inflation, GDP deflator (annual %)",2020,-10.1884717880763
SAU,Saudi Arabia,NY.GDP.DEFL.KD.ZG,"Inflation, GDP deflator (annual %)",2019,-1.36673070628761
SAU,Saudi Arabia,NY.GDP.DEFL.KD.ZG,"Inflation, GDP deflator (annual %)",2018,15.8625882829175
SAU,Saudi Arabia,NY.GDP.DEFL.KD.ZG,"Inflation, GDP deflator (annual %)",2017,6.28576392488583
SAU,Saudi Arabia,NY.GDP.DEFL.KD.ZG,"Inflation, GDP deflator (annual %)",2016,-2.26181980307467
SAU,Saudi Arabia,NY.GDP.DEFL.KD.ZG,"Inflation, GDP deflator (annual %)",2015,-15.826929193662
SGP,Singapore,NY.GDP.DEFL.KD.ZG,"Inflation, GDP deflator (annual %)",2025,-1.79624762436819
SGP,Singapore,NY.GDP.DEFL.KD.ZG,"Inflation, GDP deflator (annual %)",2024,5.86684587406434
SGP,Singapore,NY.GDP.DEFL.KD.ZG,"Inflation, GDP deflator (annual %)",2023,-4.56954598451304
SGP,Singapore,NY.GDP.DEFL.KD.ZG,"Inflation, GDP deflator (annual %)",2022,15.0216498560705
SGP,Singapore,NY.GDP.DEFL.KD.ZG,"Inflation, GDP deflator (annual %)",2021,11.0312981836081
SGP,Singapore,NY.GDP.DEFL.KD.ZG,"Inflation, GDP deflator (annual %)",2020,-2.19751679656893
SGP,Singapore,NY.GDP.DEFL.KD.ZG,"Inflation, GDP deflator (annual %)",2019,-0.326931375173146
SGP,Singapore,NY.GDP.DEFL.KD.ZG,"Inflation, GDP deflator (annual %)",2018,3.76984975274377
SGP,Singapore,NY.GDP.DEFL.KD.ZG,"Inflation, GDP deflator (annual %)",2017,2.98900437861629
SGP,Singapore,NY.GDP.DEFL.KD.ZG,"Inflation, GDP deflator (annual %)",2016,0.713355854299763
SGP,Singapore,NY.GDP.DEFL.KD.ZG,"Inflation, GDP deflator (annual %)",2015,3.07195500966418
SRB,Serbia,NY.GDP.DEFL.KD.ZG,"Inflation, GDP deflator (annual %)",2025,4.48916104219946
SRB,Serbia,NY.GDP.DEFL.KD.ZG,"Inflation, GDP deflator (annual %)",2024,6.34994571281966
SRB,Serbia,NY.GDP.DEFL.KD.ZG,"Inflation, GDP deflator (annual %)",2023,13.9302963711276
SRB,Serbia,NY.GDP.DEFL.KD.ZG,"Inflation, GDP deflator (annual %)",2022,10.4583041504024
SRB,Serbia,NY.GDP.DEFL.KD.ZG,"Inflation, GDP deflator (annual %)",2021,5.68404945078089
SRB,Serbia,NY.GDP.DEFL.KD.ZG,"Inflation, GDP deflator (annual %)",2020,2.6493593974983
SRB,Serbia,NY.GDP.DEFL.KD.ZG,"Inflation, GDP deflator (annual %)",2019,2.34783114136296
SRB,Serbia,NY.GDP.DEFL.KD.ZG,"Inflation, GDP deflator (annual %)",2018,1.99999940277962
SRB,Serbia,NY.GDP.DEFL.KD.ZG,"Inflation, GDP deflator (annual %)",2017,2.9973452123824
SRB,Serbia,NY.GDP.DEFL.KD.ZG,"Inflation, GDP deflator (annual %)",2016,1.54382740998828
SRB,Serbia,NY.GDP.DEFL.KD.ZG,"Inflation, GDP deflator (annual %)",2015,2.16912075555875
ZG,Sub-Saharan Africa,NY.GDP.DEFL.KD.ZG,"Inflation, GDP deflator (annual %)",2025,4.11094707872399
ZG,Sub-Saharan Africa,NY.GDP.DEFL.KD.ZG,"Inflation, GDP deflator (annual %)",2024,5.74363111867964
ZG,Sub-Saharan Africa,NY.GDP.DEFL.KD.ZG,"Inflation, GDP deflator (annual %)",2023,5.2560838965511
ZG,Sub-Saharan Africa,NY.GDP.DEFL.KD.ZG,"Inflation, GDP deflator (annual %)",2022,8.35642901530513
ZG,Sub-Saharan Africa,NY.GDP.DEFL.KD.ZG,"Inflation, GDP deflator (annual %)",2021,5.63049185397639
ZG,Sub-Saharan Africa,NY.GDP.DEFL.KD.ZG,"Inflation, GDP deflator (annual %)",2020,4.34500597682549
ZG,Sub-Saharan Africa,NY.GDP.DEFL.KD.ZG,"Inflation, GDP deflator (annual %)",2019,2.59440803517133
ZG,Sub-Saharan Africa,NY.GDP.DEFL.KD.ZG,"Inflation, GDP deflator (annual %)",2018,3.93114366435561
ZG,Sub-Saharan Africa,NY.GDP.DEFL.KD.ZG,"Inflation, GDP deflator (annual %)",2017,4.79693226172806
ZG,Sub-Saharan Africa,NY.GDP.DEFL.KD.ZG,"Inflation, GDP deflator (annual %)",2016,4.59345286835512
ZG,Sub-Saharan Africa,NY.GDP.DEFL.KD.ZG,"Inflation, GDP deflator (annual %)",2015,2.9179750112496
SWE,Sweden,NY.GDP.DEFL.KD.ZG,"Inflation, GDP deflator (annual %)",2025,1.22969792213401
SWE,Sweden,NY.GDP.DEFL.KD.ZG,"Inflation, GDP deflator (annual %)",2024,2.99536723630649
SWE,Sweden,NY.GDP.DEFL.KD.ZG,"Inflation, GDP deflator (annual %)",2023,5.83406618538046
SWE,Sweden,NY.GDP.DEFL.KD.ZG,"Inflation, GDP deflator (annual %)",2022,6.0271955711854
SWE,Sweden,NY.GDP.DEFL.KD.ZG,"Inflation, GDP deflator (annual %)",2021,2.70985550217829
SWE,Sweden,NY.GDP.DEFL.KD.ZG,"Inflation, GDP deflator (annual %)",2020,1.79876774959563
SWE,Sweden,NY.GDP.DEFL.KD.ZG,"Inflation, GDP deflator (annual %)",2019,2.42588744842773
SWE,Sweden,NY.GDP.DEFL.KD.ZG,"Inflation, GDP deflator (annual %)",2018,2.61445551998212
SWE,Sweden,NY.GDP.DEFL.KD.ZG,"Inflation, GDP deflator (annual %)",2017,2.22554282042857
SWE,Sweden,NY.GDP.DEFL.KD.ZG,"Inflation, GDP deflator (annual %)",2016,1.65920932545671
SWE,Sweden,NY.GDP.DEFL.KD.ZG,"Inflation, GDP deflator (annual %)",2015,2.25576478043419
THA,Thailand,NY.GDP.DEFL.KD.ZG,"Inflation, GDP deflator (annual %)",2025,-0.870042460757318
THA,Thailand,NY.GDP.DEFL.KD.ZG,"Inflation, GDP deflator (annual %)",2024,0.864531565935238
THA,Thailand,NY.GDP.DEFL.KD.ZG,"Inflation, GDP deflator (annual %)",2023,1.25338887133665
THA,Thailand,NY.GDP.DEFL.KD.ZG,"Inflation, GDP deflator (annual %)",2022,4.64070691859968
THA,Thailand,NY.GDP.DEFL.KD.ZG,"Inflation, GDP deflator (annual %)",2021,1.7771571075901
THA,Thailand,NY.GDP.DEFL.KD.ZG,"Inflation, GDP deflator (annual %)",2020,-1.29044513660705
THA,Thailand,NY.GDP.DEFL.KD.ZG,"Inflation, GDP deflator (annual %)",2019,1.01442340642497
THA,Thailand,NY.GDP.DEFL.KD.ZG,"Inflation, GDP deflator (annual %)",2018,1.42858616420727
THA,Thailand,NY.GDP.DEFL.KD.ZG,"Inflation, GDP deflator (annual %)",2017,1.8999449899777
THA,Thailand,NY.GDP.DEFL.KD.ZG,"Inflation, GDP deflator (annual %)",2016,2.63616761998928
THA,Thailand,NY.GDP.DEFL.KD.ZG,"Inflation, GDP deflator (annual %)",2015,0.722113573412514
TUN,Tunisia,NY.GDP.DEFL.KD.ZG,"Inflation, GDP deflator (annual %)",2025,5.23342099098238
TUN,Tunisia,NY.GDP.DEFL.KD.ZG,"Inflation, GDP deflator (annual %)",2024,5.00122946056743
TUN,Tunisia,NY.GDP.DEFL.KD.ZG,"Inflation, GDP deflator (annual %)",2023,7.18154722475788
TUN,Tunisia,NY.GDP.DEFL.KD.ZG,"Inflation, GDP deflator (annual %)",2022,3.16606485283219
TUN,Tunisia,NY.GDP.DEFL.KD.ZG,"Inflation, GDP deflator (annual %)",2021,5.09967005216829
TUN,Tunisia,NY.GDP.DEFL.KD.ZG,"Inflation, GDP deflator (annual %)",2020,6.76250396240081
TUN,Tunisia,NY.GDP.DEFL.KD.ZG,"Inflation, GDP deflator (annual %)",2019,7.17504222697531
TUN,Tunisia,NY.GDP.DEFL.KD.ZG,"Inflation, GDP deflator (annual %)",2018,7.94355494124699
TUN,Tunisia,NY.GDP.DEFL.KD.ZG,"Inflation, GDP deflator (annual %)",2017,4.69875433897779
TUN,Tunisia,NY.GDP.DEFL.KD.ZG,"Inflation, GDP deflator (annual %)",2016,4.93516491002109
TUN,Tunisia,NY.GDP.DEFL.KD.ZG,"Inflation, GDP deflator (annual %)",2015,4.21370476436516
TUR,Türkiye,NY.GDP.DEFL.KD.ZG,"Inflation, GDP deflator (annual %)",2025,36.4253414432254
TUR,Türkiye,NY.GDP.DEFL.KD.ZG,"Inflation, GDP deflator (annual %)",2024,59.2800755919836
TUR,Türkiye,NY.GDP.DEFL.KD.ZG,"Inflation, GDP deflator (annual %)",2023,68.2797569244827
TUR,Türkiye,NY.GDP.DEFL.KD.ZG,"Inflation, GDP deflator (annual %)",2022,95.5255302704182
TUR,Türkiye,NY.GDP.DEFL.KD.ZG,"Inflation, GDP deflator (annual %)",2021,29.3058995155618
TUR,Türkiye,NY.GDP.DEFL.KD.ZG,"Inflation, GDP deflator (annual %)",2020,14.7339074242292
TUR,Türkiye,NY.GDP.DEFL.KD.ZG,"Inflation, GDP deflator (annual %)",2019,14.1603081333496
TUR,Türkiye,NY.GDP.DEFL.KD.ZG,"Inflation, GDP deflator (annual %)",2018,16.7334812844326
TUR,Türkiye,NY.GDP.DEFL.KD.ZG,"Inflation, GDP deflator (annual %)",2017,11.1334116585617
TUR,Türkiye,NY.GDP.DEFL.KD.ZG,"Inflation, GDP deflator (annual %)",2016,8.1276071872056
TUR,Türkiye,NY.GDP.DEFL.KD.ZG,"Inflation, GDP deflator (annual %)",2015,7.88094110112607
UGA,Uganda,NY.GDP.DEFL.KD.ZG,"Inflation, GDP deflator (annual %)",2025,5.20226967925805
UGA,Uganda,NY.GDP.DEFL.KD.ZG,"Inflation, GDP deflator (annual %)",2024,4.95727946939522
UGA,Uganda,NY.GDP.DEFL.KD.ZG,"Inflation, GDP deflator (annual %)",2023,6.74801516641013
UGA,Uganda,NY.GDP.DEFL.KD.ZG,"Inflation, GDP deflator (annual %)",2022,4.92228673099149
UGA,Uganda,NY.GDP.DEFL.KD.ZG,"Inflation, GDP deflator (annual %)",2021,2.54511929619305
UGA,Uganda,NY.GDP.DEFL.KD.ZG,"Inflation, GDP deflator (annual %)",2020,2.72148444149991
UGA,Uganda,NY.GDP.DEFL.KD.ZG,"Inflation, GDP deflator (annual %)",2019,3.00001181631713
UGA,Uganda,NY.GDP.DEFL.KD.ZG,"Inflation, GDP deflator (annual %)",2018,4.44338527166425
UGA,Uganda,NY.GDP.DEFL.KD.ZG,"Inflation, GDP deflator (annual %)",2017,4.64905081962502
UGA,Uganda,NY.GDP.DEFL.KD.ZG,"Inflation, GDP deflator (annual %)",2016,4.78100029080551
UGA,Uganda,NY.GDP.DEFL.KD.ZG,"Inflation, GDP deflator (annual %)",2015,5.18785986456285
USA,United States,NY.GDP.DEFL.KD.ZG,"Inflation, GDP deflator (annual %)",2025,2.80123581326433
USA,United States,NY.GDP.DEFL.KD.ZG,"Inflation, GDP deflator (annual %)",2024,2.48236925527792
USA,United States,NY.GDP.DEFL.KD.ZG,"Inflation, GDP deflator (annual %)",2023,3.70021403026367
USA,United States,NY.GDP.DEFL.KD.ZG,"Inflation, GDP deflator (annual %)",2022,7.11250293584871
USA,United States,NY.GDP.DEFL.KD.ZG,"Inflation, GDP deflator (annual %)",2021,4.56297282631857
USA,United States,NY.GDP.DEFL.KD.ZG,"Inflation, GDP deflator (annual %)",2020,1.34473574769002
USA,United States,NY.GDP.DEFL.KD.ZG,"Inflation, GDP deflator (annual %)",2019,1.65046566880433
USA,United States,NY.GDP.DEFL.KD.ZG,"Inflation, GDP deflator (annual %)",2018,2.29089027907557
USA,United States,NY.GDP.DEFL.KD.ZG,"Inflation, GDP deflator (annual %)",2017,1.79080328683713
USA,United States,NY.GDP.DEFL.KD.ZG,"Inflation, GDP deflator (annual %)",2016,0.950322474901654
USA,United States,NY.GDP.DEFL.KD.ZG,"Inflation, GDP deflator (annual %)",2015,0.928042796992059
VNM,Vietnam,NY.GDP.DEFL.KD.ZG,"Inflation, GDP deflator (annual %)",2025,3.33176094746915
VNM,Vietnam,NY.GDP.DEFL.KD.ZG,"Inflation, GDP deflator (annual %)",2024,4.20855206179063
VNM,Vietnam,NY.GDP.DEFL.KD.ZG,"Inflation, GDP deflator (annual %)",2023,2.16498332169941
VNM,Vietnam,NY.GDP.DEFL.KD.ZG,"Inflation, GDP deflator (annual %)",2022,4.44283310280622
VNM,Vietnam,NY.GDP.DEFL.KD.ZG,"Inflation, GDP deflator (annual %)",2021,2.88076792900642
VNM,Vietnam,NY.GDP.DEFL.KD.ZG,"Inflation, GDP deflator (annual %)",2020,1.46747814810814
VNM,Vietnam,NY.GDP.DEFL.KD.ZG,"Inflation, GDP deflator (annual %)",2019,2.42322694229267
VNM,Vietnam,NY.GDP.DEFL.KD.ZG,"Inflation, GDP deflator (annual %)",2018,3.62664730027259
VNM,Vietnam,NY.GDP.DEFL.KD.ZG,"Inflation, GDP deflator (annual %)",2017,4.36292014766431
VNM,Vietnam,NY.GDP.DEFL.KD.ZG,"Inflation, GDP deflator (annual %)",2016,1.81953592779914
VNM,Vietnam,NY.GDP.DEFL.KD.ZG,"Inflation, GDP deflator (annual %)",2015,-1.71651170749655
1W,World,NY.GDP.DEFL.KD.ZG,"Inflation, GDP deflator (annual %)",2025,3.33176094746915
1W,World,NY.GDP.DEFL.KD.ZG,"Inflation, GDP deflator (annual %)",2024,4.08757566272939
1W,World,NY.GDP.DEFL.KD.ZG,"Inflation, GDP deflator (annual %)",2023,4.99251887813831
1W,World,NY.GDP.DEFL.KD.ZG,"Inflation, GDP deflator (annual %)",2022,7.33387458944816
1W,World,NY.GDP.DEFL.KD.ZG,"Inflation, GDP deflator (annual %)",2021,4.55780831498707
1W,World,NY.GDP.DEFL.KD.ZG,"Inflation, GDP deflator (annual %)",2020,1.98216055627785
1W,World,NY.GDP.DEFL.KD.ZG,"Inflation, GDP deflator (annual %)",2019,2.37586014042606
1W,World,NY.GDP.DEFL.KD.ZG,"Inflation, GDP deflator (annual %)",2018,2.78770951425761
1W,World,NY.GDP.DEFL.KD.ZG,"Inflation, GDP deflator (annual %)",2017,2.97474010796076
1W,World,NY.GDP.DEFL.KD.ZG,"Inflation, GDP deflator (annual %)",2016,1.98707891162034
1W,World,NY.GDP.DEFL.KD.ZG,"Inflation, GDP deflator (annual %)",2015,2.32056535420394
ZAF,South Africa,NY.GDP.DEFL.KD.ZG,"Inflation, GDP deflator (annual %)",2025,2.78961760276334
ZAF,South Africa,NY.GDP.DEFL.KD.ZG,"Inflation, GDP deflator (annual %)",2024,3.91692100295103
ZAF,South Africa,NY.GDP.DEFL.KD.ZG,"Inflation, GDP deflator (annual %)",2023,4.72230243263523
ZAF,South Africa,NY.GDP.DEFL.KD.ZG,"Inflation, GDP deflator (annual %)",2022,5.24096669630933
ZAF,South Africa,NY.GDP.DEFL.KD.ZG,"Inflation, GDP deflator (annual %)",2021,6.408442941004
ZAF,South Africa,NY.GDP.DEFL.KD.ZG,"Inflation, GDP deflator (annual %)",2020,5.3913943350576
ZAF,South Africa,NY.GDP.DEFL.KD.ZG,"Inflation, GDP deflator (annual %)",2019,4.61352469052481
ZAF,South Africa,NY.GDP.DEFL.KD.ZG,"Inflation, GDP deflator (annual %)",2018,3.99329508509443
ZAF,South Africa,NY.GDP.DEFL.KD.ZG,"Inflation, GDP deflator (annual %)",2017,5.47332197481477
ZAF,South Africa,NY.GDP.DEFL.KD.ZG,"Inflation, GDP deflator (annual %)",2016,6.9521719608848
ZAF,South Africa,NY.GDP.DEFL.KD.ZG,"Inflation, GDP deflator (annual %)",2015,5.54552812339873
ARE,United Arab Emirates,ARE.NGDP_RPCH.pcent_change,Real GDP growth (IMF WEO),2015,6.787
ARE,United Arab Emirates,ARE.NGDP_RPCH.pcent_change,Real GDP growth (IMF WEO),2016,5.561
ARE,United Arab Emirates,ARE.NGDP_RPCH.pcent_change,Real GDP growth (IMF WEO),2017,0.735
ARE,United Arab Emirates,ARE.NGDP_RPCH.pcent_change,Real GDP growth (IMF WEO),2018,1.314
ARE,United Arab Emirates,ARE.NGDP_RPCH.pcent_change,Real GDP growth (IMF WEO),2019,1.108
ARE,United Arab Emirates,ARE.NGDP_RPCH.pcent_change,Real GDP growth (IMF WEO),2020,-4.957
ARE,United Arab Emirates,ARE.NGDP_RPCH.pcent_change,Real GDP growth (IMF WEO),2021,4.355
ARE,United Arab Emirates,ARE.NGDP_RPCH.pcent_change,Real GDP growth (IMF WEO),2022,7.51
ARE,United Arab Emirates,ARE.NGDP_RPCH.pcent_change,Real GDP growth (IMF WEO),2023,3.619
ARE,United Arab Emirates,ARE.NGDP_RPCH.pcent_change,Real GDP growth (IMF WEO),2024,3.762
ARE,United Arab Emirates,ARE.NGDP_RPCH.pcent_change,Real GDP growth (IMF WEO),2025,3.991
ARE,United Arab Emirates,ARE.NGDP_RPCH.pcent_change,Real GDP growth (IMF WEO),2026,4.986
ARE,United Arab Emirates,ARE.NGDP_RPCH.pcent_change,Real GDP growth (IMF WEO),2027,4.654
ARE,United Arab Emirates,ARE.NGDP_RPCH.pcent_change,Real GDP growth (IMF WEO),2028,4.356
ARE,United Arab Emirates,ARE.NGDP_RPCH.pcent_change,Real GDP growth (IMF WEO),2029,4.251
ARE,United Arab Emirates,ARE.NGDP_RPCH.pcent_change,Real GDP growth (IMF WEO),2030,3.895
AUS,Australia,AUS.NGDP_RPCH.pcent_change,Real GDP growth (IMF WEO),2015,2.34
AUS,Australia,AUS.NGDP_RPCH.pcent_change,Real GDP growth (IMF WEO),2016,2.694
AUS,Australia,AUS.NGDP_RPCH.pcent_change,Real GDP growth (IMF WEO),2017,2.38
AUS,Australia,AUS.NGDP_RPCH.pcent_change,Real GDP growth (IMF WEO),2018,2.791
AUS,Australia,AUS.NGDP_RPCH.pcent_change,Real GDP growth (IMF WEO),2019,1.936
AUS,Australia,AUS.NGDP_RPCH.pcent_change,Real GDP growth (IMF WEO),2020,-1.955
AUS,Australia,AUS.NGDP_RPCH.pcent_change,Real GDP growth (IMF WEO),2021,5.412
AUS,Australia,AUS.NGDP_RPCH.pcent_change,Real GDP growth (IMF WEO),2022,4.142
AUS,Australia,AUS.NGDP_RPCH.pcent_change,Real GDP growth (IMF WEO),2023,2.056
AUS,Australia,AUS.NGDP_RPCH.pcent_change,Real GDP growth (IMF WEO),2024,1.038
AUS,Australia,AUS.NGDP_RPCH.pcent_change,Real GDP growth (IMF WEO),2025,1.634
AUS,Australia,AUS.NGDP_RPCH.pcent_change,Real GDP growth (IMF WEO),2026,2.078
AUS,Australia,AUS.NGDP_RPCH.pcent_change,Real GDP growth (IMF WEO),2027,2.296
AUS,Australia,AUS.NGDP_RPCH.pcent_change,Real GDP growth (IMF WEO),2028,2.327
AUS,Australia,AUS.NGDP_RPCH.pcent_change,Real GDP growth (IMF WEO),2029,2.293
AUS,Australia,AUS.NGDP_RPCH.pcent_change,Real GDP growth (IMF WEO),2030,2.272
BEL,Belgium,BEL.NGDP_RPCH.pcent_change,Real GDP growth (IMF WEO),2015,1.474
BEL,Belgium,BEL.NGDP_RPCH.pcent_change,Real GDP growth (IMF WEO),2016,1.193
BEL,Belgium,BEL.NGDP_RPCH.pcent_change,Real GDP growth (IMF WEO),2017,1.475
BEL,Belgium,BEL.NGDP_RPCH.pcent_change,Real GDP growth (IMF WEO),2018,1.878
BEL,Belgium,BEL.NGDP_RPCH.pcent_change,Real GDP growth (IMF WEO),2019,2.443
BEL,Belgium,BEL.NGDP_RPCH.pcent_change,Real GDP growth (IMF WEO),2020,-4.793
BEL,Belgium,BEL.NGDP_RPCH.pcent_change,Real GDP growth (IMF WEO),2021,6.202
BEL,Belgium,BEL.NGDP_RPCH.pcent_change,Real GDP growth (IMF WEO),2022,4.234
BEL,Belgium,BEL.NGDP_RPCH.pcent_change,Real GDP growth (IMF WEO),2023,1.252
BEL,Belgium,BEL.NGDP_RPCH.pcent_change,Real GDP growth (IMF WEO),2024,0.996
BEL,Belgium,BEL.NGDP_RPCH.pcent_change,Real GDP growth (IMF WEO),2025,0.839
BEL,Belgium,BEL.NGDP_RPCH.pcent_change,Real GDP growth (IMF WEO),2026,0.969
BEL,Belgium,BEL.NGDP_RPCH.pcent_change,Real GDP growth (IMF WEO),2027,1.189
BEL,Belgium,BEL.NGDP_RPCH.pcent_change,Real GDP growth (IMF WEO),2028,1.268
BEL,Belgium,BEL.NGDP_RPCH.pcent_change,Real GDP growth (IMF WEO),2029,1.317
BEL,Belgium,BEL.NGDP_RPCH.pcent_change,Real GDP growth (IMF WEO),2030,1.342
BGR,Bulgaria,BGR.NGDP_RPCH.pcent_change,Real GDP growth (IMF WEO),2015,3.398
BGR,Bulgaria,BGR.NGDP_RPCH.pcent_change,Real GDP growth (IMF WEO),2016,3.027
BGR,Bulgaria,BGR.NGDP_RPCH.pcent_change,Real GDP growth (IMF WEO),2017,2.746
BGR,Bulgaria,BGR.NGDP_RPCH.pcent_change,Real GDP growth (IMF WEO),2018,2.549
BGR,Bulgaria,BGR.NGDP_RPCH.pcent_change,Real GDP growth (IMF WEO),2019,3.789
BGR,Bulgaria,BGR.NGDP_RPCH.pcent_change,Real GDP growth (IMF WEO),2020,-3.216
BGR,Bulgaria,BGR.NGDP_RPCH.pcent_change,Real GDP growth (IMF WEO),2021,7.781
BGR,Bulgaria,BGR.NGDP_RPCH.pcent_change,Real GDP growth (IMF WEO),2022,4.039
BGR,Bulgaria,BGR.NGDP_RPCH.pcent_change,Real GDP growth (IMF WEO),2023,1.887
BGR,Bulgaria,BGR.NGDP_RPCH.pcent_change,Real GDP growth (IMF WEO),2024,2.811
BGR,Bulgaria,BGR.NGDP_RPCH.pcent_change,Real GDP growth (IMF WEO),2025,2.458
BGR,Bulgaria,BGR.NGDP_RPCH.pcent_change,Real GDP growth (IMF WEO),2026,2.653
BGR,Bulgaria,BGR.NGDP_RPCH.pcent_change,Real GDP growth (IMF WEO),2027,2.706
BGR,Bulgaria,BGR.NGDP_RPCH.pcent_change,Real GDP growth (IMF WEO),2028,2.607
BGR,Bulgaria,BGR.NGDP_RPCH.pcent_change,Real GDP growth (IMF WEO),2029,2.543
BGR,Bulgaria,BGR.NGDP_RPCH.pcent_change,Real GDP growth (IMF WEO),2030,2.46
BHR,Bahrain,BHR.NGDP_RPCH.pcent_change,Real GDP growth (IMF WEO),2015,2.508
BHR,Bahrain,BHR.NGDP_RPCH.pcent_change,Real GDP growth (IMF WEO),2016,3.815
BHR,Bahrain,BHR.NGDP_RPCH.pcent_change,Real GDP growth (IMF WEO),2017,4.954
BHR,Bahrain,BHR.NGDP_RPCH.pcent_change,Real GDP growth (IMF WEO),2018,2.053
BHR,Bahrain,BHR.NGDP_RPCH.pcent_change,Real GDP growth (IMF WEO),2019,2.053
BHR,Bahrain,BHR.NGDP_RPCH.pcent_change,Real GDP growth (IMF WEO),2020,-5.911
BHR,Bahrain,BHR.NGDP_RPCH.pcent_change,Real GDP growth (IMF WEO),2021,4.35
BHR,Bahrain,BHR.NGDP_RPCH.pcent_change,Real GDP growth (IMF WEO),2022,6.18
BHR,Bahrain,BHR.NGDP_RPCH.pcent_change,Real GDP growth (IMF WEO),2023,3.878
BHR,Bahrain,BHR.NGDP_RPCH.pcent_change,Real GDP growth (IMF WEO),2024,2.776
BHR,Bahrain,BHR.NGDP_RPCH.pcent_change,Real GDP growth (IMF WEO),2025,2.753
BHR,Bahrain,BHR.NGDP_RPCH.pcent_change,Real GDP growth (IMF WEO),2026,2.994
BHR,Bahrain,BHR.NGDP_RPCH.pcent_change,Real GDP growth (IMF WEO),2027,3.046
BHR,Bahrain,BHR.NGDP_RPCH.pcent_change,Real GDP growth (IMF WEO),2028,2.988
BHR,Bahrain,BHR.NGDP_RPCH.pcent_change,Real GDP growth (IMF WEO),2029,3.067
BHR,Bahrain,BHR.NGDP_RPCH.pcent_change,Real GDP growth (IMF WEO),2030,3.155
CAN,Canada,CAN.NGDP_RPCH.pcent_change,Real GDP growth (IMF WEO),2015,0.65
CAN,Canada,CAN.NGDP_RPCH.pcent_change,Real GDP growth (IMF WEO),2016,1.039
CAN,Canada,CAN.NGDP_RPCH.pcent_change,Real GDP growth (IMF WEO),2017,3.034
CAN,Canada,CAN.NGDP_RPCH.pcent_change,Real GDP growth (IMF WEO),2018,2.743
CAN,Canada,CAN.NGDP_RPCH.pcent_change,Real GDP growth (IMF WEO),2019,1.908
CAN,Canada,CAN.NGDP_RPCH.pcent_change,Real GDP growth (IMF WEO),2020,-5.038
CAN,Canada,CAN.NGDP_RPCH.pcent_change,Real GDP growth (IMF WEO),2021,5.951
CAN,Canada,CAN.NGDP_RPCH.pcent_change,Real GDP growth (IMF WEO),2022,4.189
CAN,Canada,CAN.NGDP_RPCH.pcent_change,Real GDP growth (IMF WEO),2023,1.529
CAN,Canada,CAN.NGDP_RPCH.pcent_change,Real GDP growth (IMF WEO),2024,1.528
CAN,Canada,CAN.NGDP_RPCH.pcent_change,Real GDP growth (IMF WEO),2025,1.376
CAN,Canada,CAN.NGDP_RPCH.pcent_change,Real GDP growth (IMF WEO),2026,1.558
CAN,Canada,CAN.NGDP_RPCH.pcent_change,Real GDP growth (IMF WEO),2027,1.711
CAN,Canada,CAN.NGDP_RPCH.pcent_change,Real GDP growth (IMF WEO),2028,1.575
CAN,Canada,CAN.NGDP_RPCH.pcent_change,Real GDP growth (IMF WEO),2029,1.64
CAN,Canada,CAN.NGDP_RPCH.pcent_change,Real GDP growth (IMF WEO),2030,1.517
CHN,China,CHN.NGDP_RPCH.pcent_change,Real GDP growth (IMF WEO),2015,7.018
CHN,China,CHN.NGDP_RPCH.pcent_change,Real GDP growth (IMF WEO),2016,6.776
CHN,China,CHN.NGDP_RPCH.pcent_change,Real GDP growth (IMF WEO),2017,6.891
CHN,China,CHN.NGDP_RPCH.pcent_change,Real GDP growth (IMF WEO),2018,6.759
CHN,China,CHN.NGDP_RPCH.pcent_change,Real GDP growth (IMF WEO),2019,6.065
CHN,China,CHN.NGDP_RPCH.pcent_change,Real GDP growth (IMF WEO),2020,2.337
CHN,China,CHN.NGDP_RPCH.pcent_change,Real GDP growth (IMF WEO),2021,8.556
CHN,China,CHN.NGDP_RPCH.pcent_change,Real GDP growth (IMF WEO),2022,3.112
CHN,China,CHN.NGDP_RPCH.pcent_change,Real GDP growth (IMF WEO),2023,5.377
CHN,China,CHN.NGDP_RPCH.pcent_change,Real GDP growth (IMF WEO),2024,5.003
CHN,China,CHN.NGDP_RPCH.pcent_change,Real GDP growth (IMF WEO),2025,3.954
CHN,China,CHN.NGDP_RPCH.pcent_change,Real GDP growth (IMF WEO),2026,3.957
CHN,China,CHN.NGDP_RPCH.pcent_change,Real GDP growth (IMF WEO),2027,4.215
CHN,China,CHN.NGDP_RPCH.pcent_change,Real GDP growth (IMF WEO),2028,4.055
CHN,China,CHN.NGDP_RPCH.pcent_change,Real GDP growth (IMF WEO),2029,3.696
CHN,China,CHN.NGDP_RPCH.pcent_change,Real GDP growth (IMF WEO),2030,3.378
CYP,Cyprus,CYP.NGDP_RPCH.pcent_change,Real GDP growth (IMF WEO),2015,3.418
CYP,Cyprus,CYP.NGDP_RPCH.pcent_change,Real GDP growth (IMF WEO),2016,6.574
CYP,Cyprus,CYP.NGDP_RPCH.pcent_change,Real GDP growth (IMF WEO),2017,5.752
CYP,Cyprus,CYP.NGDP_RPCH.pcent_change,Real GDP growth (IMF WEO),2018,6.272
CYP,Cyprus,CYP.NGDP_RPCH.pcent_change,Real GDP growth (IMF WEO),2019,5.877
CYP,Cyprus,CYP.NGDP_RPCH.pcent_change,Real GDP growth (IMF WEO),2020,-3.219
CYP,Cyprus,CYP.NGDP_RPCH.pcent_change,Real GDP growth (IMF WEO),2021,11.385
CYP,Cyprus,CYP.NGDP_RPCH.pcent_change,Real GDP growth (IMF WEO),2022,7.367
CYP,Cyprus,CYP.NGDP_RPCH.pcent_change,Real GDP growth (IMF WEO),2023,2.611
CYP,Cyprus,CYP.NGDP_RPCH.pcent_change,Real GDP growth (IMF WEO),2024,3.43
CYP,Cyprus,CYP.NGDP_RPCH.pcent_change,Real GDP growth (IMF WEO),2025,2.545
CYP,Cyprus,CYP.NGDP_RPCH.pcent_change,Real GDP growth (IMF WEO),2026,2.663
CYP,Cyprus,CYP.NGDP_RPCH.pcent_change,Real GDP growth (IMF WEO),2027,2.961
CYP,Cyprus,CYP.NGDP_RPCH.pcent_change,Real GDP growth (IMF WEO),2028,2.992
CYP,Cyprus,CYP.NGDP_RPCH.pcent_change,Real GDP growth (IMF WEO),2029,3.019
CYP,Cyprus,CYP.NGDP_RPCH.pcent_change,Real GDP growth (IMF WEO),2030,2.958
CZE,Czechia,CZE.NGDP_RPCH.pcent_change,Real GDP growth (IMF WEO),2015,4.959
CZE,Czechia,CZE.NGDP_RPCH.pcent_change,Real GDP growth (IMF WEO),2016,2.581
CZE,Czechia,CZE.NGDP_RPCH.pcent_change,Real GDP growth (IMF WEO),2017,5.174
CZE,Czechia,CZE.NGDP_RPCH.pcent_change,Real GDP growth (IMF WEO),2018,2.83
CZE,Czechia,CZE.NGDP_RPCH.pcent_change,Real GDP growth (IMF WEO),2019,3.566
CZE,Czechia,CZE.NGDP_RPCH.pcent_change,Real GDP growth (IMF WEO),2020,-5.305
CZE,Czechia,CZE.NGDP_RPCH.pcent_change,Real GDP growth (IMF WEO),2021,4.029
CZE,Czechia,CZE.NGDP_RPCH.pcent_change,Real GDP growth (IMF WEO),2022,2.847
CZE,Czechia,CZE.NGDP_RPCH.pcent_change,Real GDP growth (IMF WEO),2023,-0.055
CZE,Czechia,CZE.NGDP_RPCH.pcent_change,Real GDP growth (IMF WEO),2024,1.112
CZE,Czechia,CZE.NGDP_RPCH.pcent_change,Real GDP growth (IMF WEO),2025,1.62
CZE,Czechia,CZE.NGDP_RPCH.pcent_change,Real GDP growth (IMF WEO),2026,1.792
CZE,Czechia,CZE.NGDP_RPCH.pcent_change,Real GDP growth (IMF WEO),2027,1.902
CZE,Czechia,CZE.NGDP_RPCH.pcent_change,Real GDP growth (IMF WEO),2028,2.0
CZE,Czechia,CZE.NGDP_RPCH.pcent_change,Real GDP growth (IMF WEO),2029,2.0
CZE,Czechia,CZE.NGDP_RPCH.pcent_change,Real GDP growth (IMF WEO),2030,2.0
DEU,Germany,DEU.NGDP_RPCH.pcent_change,Real GDP growth (IMF WEO),2015,1.656
DEU,Germany,DEU.NGDP_RPCH.pcent_change,Real GDP growth (IMF WEO),2016,2.289
DEU,Germany,DEU.NGDP_RPCH.pcent_change,Real GDP growth (IMF WEO),2017,2.713
DEU,Germany,DEU.NGDP_RPCH.pcent_change,Real GDP growth (IMF WEO),2018,1.116
DEU,Germany,DEU.NGDP_RPCH.pcent_change,Real GDP growth (IMF WEO),2019,0.993
DEU,Germany,DEU.NGDP_RPCH.pcent_change,Real GDP growth (IMF WEO),2020,-4.1
DEU,Germany,DEU.NGDP_RPCH.pcent_change,Real GDP growth (IMF WEO),2021,3.67
DEU,Germany,DEU.NGDP_RPCH.pcent_change,Real GDP growth (IMF WEO),2022,1.367
DEU,Germany,DEU.NGDP_RPCH.pcent_change,Real GDP growth (IMF WEO),2023,-0.264
DEU,Germany,DEU.NGDP_RPCH.pcent_change,Real GDP growth (IMF WEO),2024,-0.232
DEU,Germany,DEU.NGDP_RPCH.pcent_change,Real GDP growth (IMF WEO),2025,-0.05
DEU,Germany,DEU.NGDP_RPCH.pcent_change,Real GDP growth (IMF WEO),2026,0.922
DEU,Germany,DEU.NGDP_RPCH.pcent_change,Real GDP growth (IMF WEO),2027,1.452
DEU,Germany,DEU.NGDP_RPCH.pcent_change,Real GDP growth (IMF WEO),2028,1.201
DEU,Germany,DEU.NGDP_RPCH.pcent_change,Real GDP growth (IMF WEO),2029,0.954
DEU,Germany,DEU.NGDP_RPCH.pcent_change,Real GDP growth (IMF WEO),2030,0.694
DNK,Denmark,DNK.NGDP_RPCH.pcent_change,Real GDP growth (IMF WEO),2015,2.101
DNK,Denmark,DNK.NGDP_RPCH.pcent_change,Real GDP growth (IMF WEO),2016,3.076
DNK,Denmark,DNK.NGDP_RPCH.pcent_change,Real GDP growth (IMF WEO),2017,3.056
DNK,Denmark,DNK.NGDP_RPCH.pcent_change,Real GDP growth (IMF WEO),2018,1.859
DNK,Denmark,DNK.NGDP_RPCH.pcent_change,Real GDP growth (IMF WEO),2019,1.713
DNK,Denmark,DNK.NGDP_RPCH.pcent_change,Real GDP growth (IMF WEO),2020,-1.781
DNK,Denmark,DNK.NGDP_RPCH.pcent_change,Real GDP growth (IMF WEO),2021,7.38
DNK,Denmark,DNK.NGDP_RPCH.pcent_change,Real GDP growth (IMF WEO),2022,1.541
DNK,Denmark,DNK.NGDP_RPCH.pcent_change,Real GDP growth (IMF WEO),2023,2.495
DNK,Denmark,DNK.NGDP_RPCH.pcent_change,Real GDP growth (IMF WEO),2024,3.677
DNK,Denmark,DNK.NGDP_RPCH.pcent_change,Real GDP growth (IMF WEO),2025,2.9
DNK,Denmark,DNK.NGDP_RPCH.pcent_change,Real GDP growth (IMF WEO),2026,1.845
DNK,Denmark,DNK.NGDP_RPCH.pcent_change,Real GDP growth (IMF WEO),2027,1.64
DNK,Denmark,DNK.NGDP_RPCH.pcent_change,Real GDP growth (IMF WEO),2028,1.45
DNK,Denmark,DNK.NGDP_RPCH.pcent_change,Real GDP growth (IMF WEO),2029,1.45
DNK,Denmark,DNK.NGDP_RPCH.pcent_change,Real GDP growth (IMF WEO),2030,1.45
EGY,Egypt,EGY.NGDP_RPCH.pcent_change,Real GDP growth (IMF WEO),2015,4.36
EGY,Egypt,EGY.NGDP_RPCH.pcent_change,Real GDP growth (IMF WEO),2016,4.34
EGY,Egypt,EGY.NGDP_RPCH.pcent_change,Real GDP growth (IMF WEO),2017,4.19
EGY,Egypt,EGY.NGDP_RPCH.pcent_change,Real GDP growth (IMF WEO),2018,5.327
EGY,Egypt,EGY.NGDP_RPCH.pcent_change,Real GDP growth (IMF WEO),2019,5.549
EGY,Egypt,EGY.NGDP_RPCH.pcent_change,Real GDP growth (IMF WEO),2020,3.576
EGY,Egypt,EGY.NGDP_RPCH.pcent_change,Real GDP growth (IMF WEO),2021,3.252
EGY,Egypt,EGY.NGDP_RPCH.pcent_change,Real GDP growth (IMF WEO),2022,6.651
EGY,Egypt,EGY.NGDP_RPCH.pcent_change,Real GDP growth (IMF WEO),2023,3.76
EGY,Egypt,EGY.NGDP_RPCH.pcent_change,Real GDP growth (IMF WEO),2024,2.399
EGY,Egypt,EGY.NGDP_RPCH.pcent_change,Real GDP growth (IMF WEO),2025,3.757
EGY,Egypt,EGY.NGDP_RPCH.pcent_change,Real GDP growth (IMF WEO),2026,4.288
EGY,Egypt,EGY.NGDP_RPCH.pcent_change,Real GDP growth (IMF WEO),2027,4.792
EGY,Egypt,EGY.NGDP_RPCH.pcent_change,Real GDP growth (IMF WEO),2028,5.079
EGY,Egypt,EGY.NGDP_RPCH.pcent_change,Real GDP growth (IMF WEO),2029,5.267
EGY,Egypt,EGY.NGDP_RPCH.pcent_change,Real GDP growth (IMF WEO),2030,5.482
EST,Estonia,EST.NGDP_RPCH.pcent_change,Real GDP growth (IMF WEO),2015,1.838
EST,Estonia,EST.NGDP_RPCH.pcent_change,Real GDP growth (IMF WEO),2016,3.093
EST,Estonia,EST.NGDP_RPCH.pcent_change,Real GDP growth (IMF WEO),2017,5.635
EST,Estonia,EST.NGDP_RPCH.pcent_change,Real GDP growth (IMF WEO),2018,3.7
EST,Estonia,EST.NGDP_RPCH.pcent_change,Real GDP growth (IMF WEO),2019,3.727
EST,Estonia,EST.NGDP_RPCH.pcent_change,Real GDP growth (IMF WEO),2020,-2.884
EST,Estonia,EST.NGDP_RPCH.pcent_change,Real GDP growth (IMF WEO),2021,7.154
EST,Estonia,EST.NGDP_RPCH.pcent_change,Real GDP growth (IMF WEO),2022,0.06
EST,Estonia,EST.NGDP_RPCH.pcent_change,Real GDP growth (IMF WEO),2023,-3.023
EST,Estonia,EST.NGDP_RPCH.pcent_change,Real GDP growth (IMF WEO),2024,-0.261
EST,Estonia,EST.NGDP_RPCH.pcent_change,Real GDP growth (IMF WEO),2025,0.74
EST,Estonia,EST.NGDP_RPCH.pcent_change,Real GDP growth (IMF WEO),2026,1.825
EST,Estonia,EST.NGDP_RPCH.pcent_change,Real GDP growth (IMF WEO),2027,1.849
EST,Estonia,EST.NGDP_RPCH.pcent_change,Real GDP growth (IMF WEO),2028,1.902
EST,Estonia,EST.NGDP_RPCH.pcent_change,Real GDP growth (IMF WEO),2029,1.776
EST,Estonia,EST.NGDP_RPCH.pcent_change,Real GDP growth (IMF WEO),2030,1.728
FIN,Finland,FIN.NGDP_RPCH.pcent_change,Real GDP growth (IMF WEO),2015,0.467
FIN,Finland,FIN.NGDP_RPCH.pcent_change,Real GDP growth (IMF WEO),2016,2.572
FIN,Finland,FIN.NGDP_RPCH.pcent_change,Real GDP growth (IMF WEO),2017,3.303
FIN,Finland,FIN.NGDP_RPCH.pcent_change,Real GDP growth (IMF WEO),2018,1.193
FIN,Finland,FIN.NGDP_RPCH.pcent_change,Real GDP growth (IMF WEO),2019,1.35
FIN,Finland,FIN.NGDP_RPCH.pcent_change,Real GDP growth (IMF WEO),2020,-2.491
FIN,Finland,FIN.NGDP_RPCH.pcent_change,Real GDP growth (IMF WEO),2021,2.676
FIN,Finland,FIN.NGDP_RPCH.pcent_change,Real GDP growth (IMF WEO),2022,0.763
FIN,Finland,FIN.NGDP_RPCH.pcent_change,Real GDP growth (IMF WEO),2023,-0.947
FIN,Finland,FIN.NGDP_RPCH.pcent_change,Real GDP growth (IMF WEO),2024,-0.134
FIN,Finland,FIN.NGDP_RPCH.pcent_change,Real GDP growth (IMF WEO),2025,0.96
FIN,Finland,FIN.NGDP_RPCH.pcent_change,Real GDP growth (IMF WEO),2026,1.405
FIN,Finland,FIN.NGDP_RPCH.pcent_change,Real GDP growth (IMF WEO),2027,1.379
FIN,Finland,FIN.NGDP_RPCH.pcent_change,Real GDP growth (IMF WEO),2028,1.328
FIN,Finland,FIN.NGDP_RPCH.pcent_change,Real GDP growth (IMF WEO),2029,1.225
FIN,Finland,FIN.NGDP_RPCH.pcent_change,Real GDP growth (IMF WEO),2030,1.175
FRA,France,FRA.NGDP_RPCH.pcent_change,Real GDP growth (IMF WEO),2015,0.986
FRA,France,FRA.NGDP_RPCH.pcent_change,Real GDP growth (IMF WEO),2016,0.728
FRA,France,FRA.NGDP_RPCH.pcent_change,Real GDP growth (IMF WEO),2017,2.286
FRA,France,FRA.NGDP_RPCH.pcent_change,Real GDP growth (IMF WEO),2018,1.587
FRA,France,FRA.NGDP_RPCH.pcent_change,Real GDP growth (IMF WEO),2019,2.076
FRA,France,FRA.NGDP_RPCH.pcent_change,Real GDP growth (IMF WEO),2020,-7.593
FRA,France,FRA.NGDP_RPCH.pcent_change,Real GDP growth (IMF WEO),2021,6.827
FRA,France,FRA.NGDP_RPCH.pcent_change,Real GDP growth (IMF WEO),2022,2.624
FRA,France,FRA.NGDP_RPCH.pcent_change,Real GDP growth (IMF WEO),2023,1.116
FRA,France,FRA.NGDP_RPCH.pcent_change,Real GDP growth (IMF WEO),2024,1.067
FRA,France,FRA.NGDP_RPCH.pcent_change,Real GDP growth (IMF WEO),2025,0.641
FRA,France,FRA.NGDP_RPCH.pcent_change,Real GDP growth (IMF WEO),2026,1.015
FRA,France,FRA.NGDP_RPCH.pcent_change,Real GDP growth (IMF WEO),2027,1.189
FRA,France,FRA.NGDP_RPCH.pcent_change,Real GDP growth (IMF WEO),2028,1.259
FRA,France,FRA.NGDP_RPCH.pcent_change,Real GDP growth (IMF WEO),2029,1.209
FRA,France,FRA.NGDP_RPCH.pcent_change,Real GDP growth (IMF WEO),2030,1.21
GBR,United Kingdom,GBR.NGDP_RPCH.pcent_change,Real GDP growth (IMF WEO),2015,2.223
GBR,United Kingdom,GBR.NGDP_RPCH.pcent_change,Real GDP growth (IMF WEO),2016,1.922
GBR,United Kingdom,GBR.NGDP_RPCH.pcent_change,Real GDP growth (IMF WEO),2017,2.657
GBR,United Kingdom,GBR.NGDP_RPCH.pcent_change,Real GDP growth (IMF WEO),2018,1.405
GBR,United Kingdom,GBR.NGDP_RPCH.pcent_change,Real GDP growth (IMF WEO),2019,1.624
GBR,United Kingdom,GBR.NGDP_RPCH.pcent_change,Real GDP growth (IMF WEO),2020,-10.297
GBR,United Kingdom,GBR.NGDP_RPCH.pcent_change,Real GDP growth (IMF WEO),2021,8.576
GBR,United Kingdom,GBR.NGDP_RPCH.pcent_change,Real GDP growth (IMF WEO),2022,4.839
GBR,United Kingdom,GBR.NGDP_RPCH.pcent_change,Real GDP growth (IMF WEO),2023,0.397
GBR,United Kingdom,GBR.NGDP_RPCH.pcent_change,Real GDP growth (IMF WEO),2024,1.101
GBR,United Kingdom,GBR.NGDP_RPCH.pcent_change,Real GDP growth (IMF WEO),2025,1.077
GBR,United Kingdom,GBR.NGDP_RPCH.pcent_change,Real GDP growth (IMF WEO),2026,1.407
GBR,United Kingdom,GBR.NGDP_RPCH.pcent_change,Real GDP growth (IMF WEO),2027,1.538
GBR,United Kingdom,GBR.NGDP_RPCH.pcent_change,Real GDP growth (IMF WEO),2028,1.457
GBR,United Kingdom,GBR.NGDP_RPCH.pcent_change,Real GDP growth (IMF WEO),2029,1.442
GBR,United Kingdom,GBR.NGDP_RPCH.pcent_change,Real GDP growth (IMF WEO),2030,1.436
HKG,Hong Kong,HKG.NGDP_RPCH.pcent_change,Real GDP growth (IMF WEO),2015,2.388
HKG,Hong Kong,HKG.NGDP_RPCH.pcent_change,Real GDP growth (IMF WEO),2016,2.175
HKG,Hong Kong,HKG.NGDP_RPCH.pcent_change,Real GDP growth (IMF WEO),2017,3.796
HKG,Hong Kong,HKG.NGDP_RPCH.pcent_change,Real GDP growth (IMF WEO),2018,2.847
HKG,Hong Kong,HKG.NGDP_RPCH.pcent_change,Real GDP growth (IMF WEO),2019,-1.672
HKG,Hong Kong,HKG.NGDP_RPCH.pcent_change,Real GDP growth (IMF WEO),2020,-6.545
HKG,Hong Kong,HKG.NGDP_RPCH.pcent_change,Real GDP growth (IMF WEO),2021,6.454
HKG,Hong Kong,HKG.NGDP_RPCH.pcent_change,Real GDP growth (IMF WEO),2022,-3.684
HKG,Hong Kong,HKG.NGDP_RPCH.pcent_change,Real GDP growth (IMF WEO),2023,3.214
HKG,Hong Kong,HKG.NGDP_RPCH.pcent_change,Real GDP growth (IMF WEO),2024,2.541
HKG,Hong Kong,HKG.NGDP_RPCH.pcent_change,Real GDP growth (IMF WEO),2025,1.522
HKG,Hong Kong,HKG.NGDP_RPCH.pcent_change,Real GDP growth (IMF WEO),2026,1.863
HKG,Hong Kong,HKG.NGDP_RPCH.pcent_change,Real GDP growth (IMF WEO),2027,2.81
HKG,Hong Kong,HKG.NGDP_RPCH.pcent_change,Real GDP growth (IMF WEO),2028,2.491
HKG,Hong Kong,HKG.NGDP_RPCH.pcent_change,Real GDP growth (IMF WEO),2029,2.367
HKG,Hong Kong,HKG.NGDP_RPCH.pcent_change,Real GDP growth (IMF WEO),2030,2.312
HUN,Hungary,HUN.NGDP_RPCH.pcent_change,Real GDP growth (IMF WEO),2015,3.66
HUN,Hungary,HUN.NGDP_RPCH.pcent_change,Real GDP growth (IMF WEO),2016,2.439
HUN,Hungary,HUN.NGDP_RPCH.pcent_change,Real GDP growth (IMF WEO),2017,4.124
HUN,Hungary,HUN.NGDP_RPCH.pcent_change,Real GDP growth (IMF WEO),2018,5.606
HUN,Hungary,HUN.NGDP_RPCH.pcent_change,Real GDP growth (IMF WEO),2019,5.077
HUN,Hungary,HUN.NGDP_RPCH.pcent_change,Real GDP growth (IMF WEO),2020,-4.339
HUN,Hungary,HUN.NGDP_RPCH.pcent_change,Real GDP growth (IMF WEO),2021,7.223
HUN,Hungary,HUN.NGDP_RPCH.pcent_change,Real GDP growth (IMF WEO),2022,4.27
HUN,Hungary,HUN.NGDP_RPCH.pcent_change,Real GDP growth (IMF WEO),2023,-0.843
HUN,Hungary,HUN.NGDP_RPCH.pcent_change,Real GDP growth (IMF WEO),2024,0.512
HUN,Hungary,HUN.NGDP_RPCH.pcent_change,Real GDP growth (IMF WEO),2025,1.403
HUN,Hungary,HUN.NGDP_RPCH.pcent_change,Real GDP growth (IMF WEO),2026,2.55
HUN,Hungary,HUN.NGDP_RPCH.pcent_change,Real GDP growth (IMF WEO),2027,2.759
HUN,Hungary,HUN.NGDP_RPCH.pcent_change,Real GDP growth (IMF WEO),2028,2.957
HUN,Hungary,HUN.NGDP_RPCH.pcent_change,Real GDP growth (IMF WEO),2029,3.0
HUN,Hungary,HUN.NGDP_RPCH.pcent_change,Real GDP growth (IMF WEO),2030,3.0
IDN,Indonesia,IDN.NGDP_RPCH.pcent_change,Real GDP growth (IMF WEO),2015,4.876
IDN,Indonesia,IDN.NGDP_RPCH.pcent_change,Real GDP growth (IMF WEO),2016,5.033
IDN,Indonesia,IDN.NGDP_RPCH.pcent_change,Real GDP growth (IMF WEO),2017,5.07
IDN,Indonesia,IDN.NGDP_RPCH.pcent_change,Real GDP growth (IMF WEO),2018,5.174
IDN,Indonesia,IDN.NGDP_RPCH.pcent_change,Real GDP growth (IMF WEO),2019,5.019
IDN,Indonesia,IDN.NGDP_RPCH.pcent_change,Real GDP growth (IMF WEO),2020,-2.066
IDN,Indonesia,IDN.NGDP_RPCH.pcent_change,Real GDP growth (IMF WEO),2021,3.703
IDN,Indonesia,IDN.NGDP_RPCH.pcent_change,Real GDP growth (IMF WEO),2022,5.307
IDN,Indonesia,IDN.NGDP_RPCH.pcent_change,Real GDP growth (IMF WEO),2023,5.049
IDN,Indonesia,IDN.NGDP_RPCH.pcent_change,Real GDP growth (IMF WEO),2024,5.03
IDN,Indonesia,IDN.NGDP_RPCH.pcent_change,Real GDP growth (IMF WEO),2025,4.653
IDN,Indonesia,IDN.NGDP_RPCH.pcent_change,Real GDP growth (IMF WEO),2026,4.674
IDN,Indonesia,IDN.NGDP_RPCH.pcent_change,Real GDP growth (IMF WEO),2027,4.852
IDN,Indonesia,IDN.NGDP_RPCH.pcent_change,Real GDP growth (IMF WEO),2028,4.951
IDN,Indonesia,IDN.NGDP_RPCH.pcent_change,Real GDP growth (IMF WEO),2029,5.107
IDN,Indonesia,IDN.NGDP_RPCH.pcent_change,Real GDP growth (IMF WEO),2030,5.134
IND,India,IND.NGDP_RPCH.pcent_change,Real GDP growth (IMF WEO),2015,7.996
IND,India,IND.NGDP_RPCH.pcent_change,Real GDP growth (IMF WEO),2016,8.256
IND,India,IND.NGDP_RPCH.pcent_change,Real GDP growth (IMF WEO),2017,6.795
IND,India,IND.NGDP_RPCH.pcent_change,Real GDP growth (IMF WEO),2018,6.454
IND,India,IND.NGDP_RPCH.pcent_change,Real GDP growth (IMF WEO),2019,3.871
IND,India,IND.NGDP_RPCH.pcent_change,Real GDP growth (IMF WEO),2020,-5.778
IND,India,IND.NGDP_RPCH.pcent_change,Real GDP growth (IMF WEO),2021,9.69
IND,India,IND.NGDP_RPCH.pcent_change,Real GDP growth (IMF WEO),2022,7.609
IND,India,IND.NGDP_RPCH.pcent_change,Real GDP growth (IMF WEO),2023,9.191
IND,India,IND.NGDP_RPCH.pcent_change,Real GDP growth (IMF WEO),2024,6.46
IND,India,IND.NGDP_RPCH.pcent_change,Real GDP growth (IMF WEO),2025,6.198
IND,India,IND.NGDP_RPCH.pcent_change,Real GDP growth (IMF WEO),2026,6.265
IND,India,IND.NGDP_RPCH.pcent_change,Real GDP growth (IMF WEO),2027,6.471
IND,India,IND.NGDP_RPCH.pcent_change,Real GDP growth (IMF WEO),2028,6.48
IND,India,IND.NGDP_RPCH.pcent_change,Real GDP growth (IMF WEO),2029,6.49
IND,India,IND.NGDP_RPCH.pcent_change,Real GDP growth (IMF WEO),2030,6.499
IRL,Ireland,IRL.NGDP_RPCH.pcent_change,Real GDP growth (IMF WEO),2015,24.616
IRL,Ireland,IRL.NGDP_RPCH.pcent_change,Real GDP growth (IMF WEO),2016,1.223
IRL,Ireland,IRL.NGDP_RPCH.pcent_change,Real GDP growth (IMF WEO),2017,10.049
IRL,Ireland,IRL.NGDP_RPCH.pcent_change,Real GDP growth (IMF WEO),2018,7.545
IRL,Ireland,IRL.NGDP_RPCH.pcent_change,Real GDP growth (IMF WEO),2019,5.041
IRL,Ireland,IRL.NGDP_RPCH.pcent_change,Real GDP growth (IMF WEO),2020,7.158
IRL,Ireland,IRL.NGDP_RPCH.pcent_change,Real GDP growth (IMF WEO),2021,16.255
IRL,Ireland,IRL.NGDP_RPCH.pcent_change,Real GDP growth (IMF WEO),2022,8.62
IRL,Ireland,IRL.NGDP_RPCH.pcent_change,Real GDP growth (IMF WEO),2023,-5.53
IRL,Ireland,IRL.NGDP_RPCH.pcent_change,Real GDP growth (IMF WEO),2024,1.221
IRL,Ireland,IRL.NGDP_RPCH.pcent_change,Real GDP growth (IMF WEO),2025,2.261
IRL,Ireland,IRL.NGDP_RPCH.pcent_change,Real GDP growth (IMF WEO),2026,2.113
IRL,Ireland,IRL.NGDP_RPCH.pcent_change,Real GDP growth (IMF WEO),2027,2.126
IRL,Ireland,IRL.NGDP_RPCH.pcent_change,Real GDP growth (IMF WEO),2028,2.234
IRL,Ireland,IRL.NGDP_RPCH.pcent_change,Real GDP growth (IMF WEO),2029,2.153
IRL,Ireland,IRL.NGDP_RPCH.pcent_change,Real GDP growth (IMF WEO),2030,2.263
ISL,Iceland,ISL.NGDP_RPCH.pcent_change,Real GDP growth (IMF WEO),2015,4.437
ISL,Iceland,ISL.NGDP_RPCH.pcent_change,Real GDP growth (IMF WEO),2016,6.304
ISL,Iceland,ISL.NGDP_RPCH.pcent_change,Real GDP growth (IMF WEO),2017,4.195
ISL,Iceland,ISL.NGDP_RPCH.pcent_change,Real GDP growth (IMF WEO),2018,4.889
ISL,Iceland,ISL.NGDP_RPCH.pcent_change,Real GDP growth (IMF WEO),2019,1.861
ISL,Iceland,ISL.NGDP_RPCH.pcent_change,Real GDP growth (IMF WEO),2020,-6.94
ISL,Iceland,ISL.NGDP_RPCH.pcent_change,Real GDP growth (IMF WEO),2021,5.033
ISL,Iceland,ISL.NGDP_RPCH.pcent_change,Real GDP growth (IMF WEO),2022,8.979
ISL,Iceland,ISL.NGDP_RPCH.pcent_change,Real GDP growth (IMF WEO),2023,5.646
ISL,Iceland,ISL.NGDP_RPCH.pcent_change,Real GDP growth (IMF WEO),2024,0.517
ISL,Iceland,ISL.NGDP_RPCH.pcent_change,Real GDP growth (IMF WEO),2025,2.003
ISL,Iceland,ISL.NGDP_RPCH.pcent_change,Real GDP growth (IMF WEO),2026,2.4
ISL,Iceland,ISL.NGDP_RPCH.pcent_change,Real GDP growth (IMF WEO),2027,2.522
ISL,Iceland,ISL.NGDP_RPCH.pcent_change,Real GDP growth (IMF WEO),2028,2.486
ISL,Iceland,ISL.NGDP_RPCH.pcent_change,Real GDP growth (IMF WEO),2029,2.493
ISL,Iceland,ISL.NGDP_RPCH.pcent_change,Real GDP growth (IMF WEO),2030,2.496
ISR,Israel,ISR.NGDP_RPCH.pcent_change,Real GDP growth (IMF WEO),2015,2.238
ISR,Israel,ISR.NGDP_RPCH.pcent_change,Real GDP growth (IMF WEO),2016,4.46
ISR,Israel,ISR.NGDP_RPCH.pcent_change,Real GDP growth (IMF WEO),2017,4.347
ISR,Israel,ISR.NGDP_RPCH.pcent_change,Real GDP growth (IMF WEO),2018,4.004
ISR,Israel,ISR.NGDP_RPCH.pcent_change,Real GDP growth (IMF WEO),2019,3.71
ISR,Israel,ISR.NGDP_RPCH.pcent_change,Real GDP growth (IMF WEO),2020,-2.022
ISR,Israel,ISR.NGDP_RPCH.pcent_change,Real GDP growth (IMF WEO),2021,9.388
ISR,Israel,ISR.NGDP_RPCH.pcent_change,Real GDP growth (IMF WEO),2022,6.263
ISR,Israel,ISR.NGDP_RPCH.pcent_change,Real GDP growth (IMF WEO),2023,1.827
ISR,Israel,ISR.NGDP_RPCH.pcent_change,Real GDP growth (IMF WEO),2024,0.872
ISR,Israel,ISR.NGDP_RPCH.pcent_change,Real GDP growth (IMF WEO),2025,3.25
ISR,Israel,ISR.NGDP_RPCH.pcent_change,Real GDP growth (IMF WEO),2026,3.6
ISR,Israel,ISR.NGDP_RPCH.pcent_change,Real GDP growth (IMF WEO),2027,3.34
ISR,Israel,ISR.NGDP_RPCH.pcent_change,Real GDP growth (IMF WEO),2028,3.368
ISR,Israel,ISR.NGDP_RPCH.pcent_change,Real GDP growth (IMF WEO),2029,3.387
ISR,Israel,ISR.NGDP_RPCH.pcent_change,Real GDP growth (IMF WEO),2030,3.387
ITA,Italy,ITA.NGDP_RPCH.pcent_change,Real GDP growth (IMF WEO),2015,0.886
ITA,Italy,ITA.NGDP_RPCH.pcent_change,Real GDP growth (IMF WEO),2016,1.236
ITA,Italy,ITA.NGDP_RPCH.pcent_change,Real GDP growth (IMF WEO),2017,1.604
ITA,Italy,ITA.NGDP_RPCH.pcent_change,Real GDP growth (IMF WEO),2018,0.827
ITA,Italy,ITA.NGDP_RPCH.pcent_change,Real GDP growth (IMF WEO),2019,0.429
ITA,Italy,ITA.NGDP_RPCH.pcent_change,Real GDP growth (IMF WEO),2020,-8.868
ITA,Italy,ITA.NGDP_RPCH.pcent_change,Real GDP growth (IMF WEO),2021,8.931
ITA,Italy,ITA.NGDP_RPCH.pcent_change,Real GDP growth (IMF WEO),2022,4.821
ITA,Italy,ITA.NGDP_RPCH.pcent_change,Real GDP growth (IMF WEO),2023,0.715
ITA,Italy,ITA.NGDP_RPCH.pcent_change,Real GDP growth (IMF WEO),2024,0.726
ITA,Italy,ITA.NGDP_RPCH.pcent_change,Real GDP growth (IMF WEO),2025,0.44
ITA,Italy,ITA.NGDP_RPCH.pcent_change,Real GDP growth (IMF WEO),2026,0.835
ITA,Italy,ITA.NGDP_RPCH.pcent_change,Real GDP growth (IMF WEO),2027,0.569
ITA,Italy,ITA.NGDP_RPCH.pcent_change,Real GDP growth (IMF WEO),2028,0.68
ITA,Italy,ITA.NGDP_RPCH.pcent_change,Real GDP growth (IMF WEO),2029,0.7
ITA,Italy,ITA.NGDP_RPCH.pcent_change,Real GDP growth (IMF WEO),2030,0.7
KAZ,Kazakhstan,KAZ.NGDP_RPCH.pcent_change,Real GDP growth (IMF WEO),2015,1.0
KAZ,Kazakhstan,KAZ.NGDP_RPCH.pcent_change,Real GDP growth (IMF WEO),2016,0.9
KAZ,Kazakhstan,KAZ.NGDP_RPCH.pcent_change,Real GDP growth (IMF WEO),2017,3.9
KAZ,Kazakhstan,KAZ.NGDP_RPCH.pcent_change,Real GDP growth (IMF WEO),2018,4.1
KAZ,Kazakhstan,KAZ.NGDP_RPCH.pcent_change,Real GDP growth (IMF WEO),2019,4.5
KAZ,Kazakhstan,KAZ.NGDP_RPCH.pcent_change,Real GDP growth (IMF WEO),2020,-2.6
KAZ,Kazakhstan,KAZ.NGDP_RPCH.pcent_change,Real GDP growth (IMF WEO),2021,4.1
KAZ,Kazakhstan,KAZ.NGDP_RPCH.pcent_change,Real GDP growth (IMF WEO),2022,3.2
KAZ,Kazakhstan,KAZ.NGDP_RPCH.pcent_change,Real GDP growth (IMF WEO),2023,5.1
KAZ,Kazakhstan,KAZ.NGDP_RPCH.pcent_change,Real GDP growth (IMF WEO),2024,4.756
KAZ,Kazakhstan,KAZ.NGDP_RPCH.pcent_change,Real GDP growth (IMF WEO),2025,4.881
KAZ,Kazakhstan,KAZ.NGDP_RPCH.pcent_change,Real GDP growth (IMF WEO),2026,4.257
KAZ,Kazakhstan,KAZ.NGDP_RPCH.pcent_change,Real GDP growth (IMF WEO),2027,3.848
KAZ,Kazakhstan,KAZ.NGDP_RPCH.pcent_change,Real GDP growth (IMF WEO),2028,2.607
KAZ,Kazakhstan,KAZ.NGDP_RPCH.pcent_change,Real GDP growth (IMF WEO),2029,3.058
KAZ,Kazakhstan,KAZ.NGDP_RPCH.pcent_change,Real GDP growth (IMF WEO),2030,3.096
KEN,Kenya,KEN.NGDP_RPCH.pcent_change,Real GDP growth (IMF WEO),2015,4.968
KEN,Kenya,KEN.NGDP_RPCH.pcent_change,Real GDP growth (IMF WEO),2016,4.214
KEN,Kenya,KEN.NGDP_RPCH.pcent_change,Real GDP growth (IMF WEO),2017,3.816
KEN,Kenya,KEN.NGDP_RPCH.pcent_change,Real GDP growth (IMF WEO),2018,5.671
KEN,Kenya,KEN.NGDP_RPCH.pcent_change,Real GDP growth (IMF WEO),2019,5.114
KEN,Kenya,KEN.NGDP_RPCH.pcent_change,Real GDP growth (IMF WEO),2020,-0.273
KEN,Kenya,KEN.NGDP_RPCH.pcent_change,Real GDP growth (IMF WEO),2021,7.59
KEN,Kenya,KEN.NGDP_RPCH.pcent_change,Real GDP growth (IMF WEO),2022,4.86
KEN,Kenya,KEN.NGDP_RPCH.pcent_change,Real GDP growth (IMF WEO),2023,5.556
KEN,Kenya,KEN.NGDP_RPCH.pcent_change,Real GDP growth (IMF WEO),2024,4.509
KEN,Kenya,KEN.NGDP_RPCH.pcent_change,Real GDP growth (IMF WEO),2025,4.81
KEN,Kenya,KEN.NGDP_RPCH.pcent_change,Real GDP growth (IMF WEO),2026,4.889
KEN,Kenya,KEN.NGDP_RPCH.pcent_change,Real GDP growth (IMF WEO),2027,5.02
KEN,Kenya,KEN.NGDP_RPCH.pcent_change,Real GDP growth (IMF WEO),2028,5.031
KEN,Kenya,KEN.NGDP_RPCH.pcent_change,Real GDP growth (IMF WEO),2029,5.006
KEN,Kenya,KEN.NGDP_RPCH.pcent_change,Real GDP growth (IMF WEO),2030,5.034
KWT,Kuwait,KWT.NGDP_RPCH.pcent_change,Real GDP growth (IMF WEO),2015,0.593
KWT,Kuwait,KWT.NGDP_RPCH.pcent_change,Real GDP growth (IMF WEO),2016,2.926
KWT,Kuwait,KWT.NGDP_RPCH.pcent_change,Real GDP growth (IMF WEO),2017,-4.712
KWT,Kuwait,KWT.NGDP_RPCH.pcent_change,Real GDP growth (IMF WEO),2018,2.743
KWT,Kuwait,KWT.NGDP_RPCH.pcent_change,Real GDP growth (IMF WEO),2019,2.264
KWT,Kuwait,KWT.NGDP_RPCH.pcent_change,Real GDP growth (IMF WEO),2020,-4.817
KWT,Kuwait,KWT.NGDP_RPCH.pcent_change,Real GDP growth (IMF WEO),2021,2.261
KWT,Kuwait,KWT.NGDP_RPCH.pcent_change,Real GDP growth (IMF WEO),2022,5.859
KWT,Kuwait,KWT.NGDP_RPCH.pcent_change,Real GDP growth (IMF WEO),2023,-3.641
KWT,Kuwait,KWT.NGDP_RPCH.pcent_change,Real GDP growth (IMF WEO),2024,-2.804
KWT,Kuwait,KWT.NGDP_RPCH.pcent_change,Real GDP growth (IMF WEO),2025,1.866
KWT,Kuwait,KWT.NGDP_RPCH.pcent_change,Real GDP growth (IMF WEO),2026,3.129
KWT,Kuwait,KWT.NGDP_RPCH.pcent_change,Real GDP growth (IMF WEO),2027,2.324
KWT,Kuwait,KWT.NGDP_RPCH.pcent_change,Real GDP growth (IMF WEO),2028,2.242
KWT,Kuwait,KWT.NGDP_RPCH.pcent_change,Real GDP growth (IMF WEO),2029,2.27
KWT,Kuwait,KWT.NGDP_RPCH.pcent_change,Real GDP growth (IMF WEO),2030,2.241
LTU,Lithuania,LTU.NGDP_RPCH.pcent_change,Real GDP growth (IMF WEO),2015,2.845
LTU,Lithuania,LTU.NGDP_RPCH.pcent_change,Real GDP growth (IMF WEO),2016,2.614
LTU,Lithuania,LTU.NGDP_RPCH.pcent_change,Real GDP growth (IMF WEO),2017,4.705
LTU,Lithuania,LTU.NGDP_RPCH.pcent_change,Real GDP growth (IMF WEO),2018,4.832
LTU,Lithuania,LTU.NGDP_RPCH.pcent_change,Real GDP growth (IMF WEO),2019,4.723
LTU,Lithuania,LTU.NGDP_RPCH.pcent_change,Real GDP growth (IMF WEO),2020,0.048
LTU,Lithuania,LTU.NGDP_RPCH.pcent_change,Real GDP growth (IMF WEO),2021,6.361
LTU,Lithuania,LTU.NGDP_RPCH.pcent_change,Real GDP growth (IMF WEO),2022,2.516
LTU,Lithuania,LTU.NGDP_RPCH.pcent_change,Real GDP growth (IMF WEO),2023,0.428
LTU,Lithuania,LTU.NGDP_RPCH.pcent_change,Real GDP growth (IMF WEO),2024,2.726
LTU,Lithuania,LTU.NGDP_RPCH.pcent_change,Real GDP growth (IMF WEO),2025,2.787
LTU,Lithuania,LTU.NGDP_RPCH.pcent_change,Real GDP growth (IMF WEO),2026,2.459
LTU,Lithuania,LTU.NGDP_RPCH.pcent_change,Real GDP growth (IMF WEO),2027,2.546
LTU,Lithuania,LTU.NGDP_RPCH.pcent_change,Real GDP growth (IMF WEO),2028,2.407
LTU,Lithuania,LTU.NGDP_RPCH.pcent_change,Real GDP growth (IMF WEO),2029,2.366
LTU,Lithuania,LTU.NGDP_RPCH.pcent_change,Real GDP growth (IMF WEO),2030,2.355
LVA,Latvia,LVA.NGDP_RPCH.pcent_change,Real GDP growth (IMF WEO),2015,3.783
LVA,Latvia,LVA.NGDP_RPCH.pcent_change,Real GDP growth (IMF WEO),2016,2.552
LVA,Latvia,LVA.NGDP_RPCH.pcent_change,Real GDP growth (IMF WEO),2017,3.399
LVA,Latvia,LVA.NGDP_RPCH.pcent_change,Real GDP growth (IMF WEO),2018,4.31
LVA,Latvia,LVA.NGDP_RPCH.pcent_change,Real GDP growth (IMF WEO),2019,0.675
LVA,Latvia,LVA.NGDP_RPCH.pcent_change,Real GDP growth (IMF WEO),2020,-3.469
LVA,Latvia,LVA.NGDP_RPCH.pcent_change,Real GDP growth (IMF WEO),2021,6.943
LVA,Latvia,LVA.NGDP_RPCH.pcent_change,Real GDP growth (IMF WEO),2022,1.807
LVA,Latvia,LVA.NGDP_RPCH.pcent_change,Real GDP growth (IMF WEO),2023,2.854
LVA,Latvia,LVA.NGDP_RPCH.pcent_change,Real GDP growth (IMF WEO),2024,-0.442
LVA,Latvia,LVA.NGDP_RPCH.pcent_change,Real GDP growth (IMF WEO),2025,2.002
LVA,Latvia,LVA.NGDP_RPCH.pcent_change,Real GDP growth (IMF WEO),2026,2.482
LVA,Latvia,LVA.NGDP_RPCH.pcent_change,Real GDP growth (IMF WEO),2027,2.456
LVA,Latvia,LVA.NGDP_RPCH.pcent_change,Real GDP growth (IMF WEO),2028,2.457
LVA,Latvia,LVA.NGDP_RPCH.pcent_change,Real GDP growth (IMF WEO),2029,2.458
LVA,Latvia,LVA.NGDP_RPCH.pcent_change,Real GDP growth (IMF WEO),2030,2.459
MAC,Macao,MAC.NGDP_RPCH.pcent_change,Real GDP growth (IMF WEO),2015,-21.515
MAC,Macao,MAC.NGDP_RPCH.pcent_change,Real GDP growth (IMF WEO),2016,-0.679
MAC,Macao,MAC.NGDP_RPCH.pcent_change,Real GDP growth (IMF WEO),2017,9.86
MAC,Macao,MAC.NGDP_RPCH.pcent_change,Real GDP growth (IMF WEO),2018,6.406
MAC,Macao,MAC.NGDP_RPCH.pcent_change,Real GDP growth (IMF WEO),2019,-2.563
MAC,Macao,MAC.NGDP_RPCH.pcent_change,Real GDP growth (IMF WEO),2020,-54.336
MAC,Macao,MAC.NGDP_RPCH.pcent_change,Real GDP growth (IMF WEO),2021,23.535
MAC,Macao,MAC.NGDP_RPCH.pcent_change,Real GDP growth (IMF WEO),2022,-19.609
MAC,Macao,MAC.NGDP_RPCH.pcent_change,Real GDP growth (IMF WEO),2023,75.062
MAC,Macao,MAC.NGDP_RPCH.pcent_change,Real GDP growth (IMF WEO),2024,8.808
MAC,Macao,MAC.NGDP_RPCH.pcent_change,Real GDP growth (IMF WEO),2025,3.594
MAC,Macao,MAC.NGDP_RPCH.pcent_change,Real GDP growth (IMF WEO),2026,3.522
MAC,Macao,MAC.NGDP_RPCH.pcent_change,Real GDP growth (IMF WEO),2027,3.708
MAC,Macao,MAC.NGDP_RPCH.pcent_change,Real GDP growth (IMF WEO),2028,3.403
MAC,Macao,MAC.NGDP_RPCH.pcent_change,Real GDP growth (IMF WEO),2029,3.094
MAC,Macao,MAC.NGDP_RPCH.pcent_change,Real GDP growth (IMF WEO),2030,3.022
MAR,Morocco,MAR.NGDP_RPCH.pcent_change,Real GDP growth (IMF WEO),2015,4.345
MAR,Morocco,MAR.NGDP_RPCH.pcent_change,Real GDP growth (IMF WEO),2016,0.521
MAR,Morocco,MAR.NGDP_RPCH.pcent_change,Real GDP growth (IMF WEO),2017,5.058
MAR,Morocco,MAR.NGDP_RPCH.pcent_change,Real GDP growth (IMF WEO),2018,3.066
MAR,Morocco,MAR.NGDP_RPCH.pcent_change,Real GDP growth (IMF WEO),2019,2.891
MAR,Morocco,MAR.NGDP_RPCH.pcent_change,Real GDP growth (IMF WEO),2020,-7.178
MAR,Morocco,MAR.NGDP_RPCH.pcent_change,Real GDP growth (IMF WEO),2021,8.155
MAR,Morocco,MAR.NGDP_RPCH.pcent_change,Real GDP growth (IMF WEO),2022,1.527
MAR,Morocco,MAR.NGDP_RPCH.pcent_change,Real GDP growth (IMF WEO),2023,3.403
MAR,Morocco,MAR.NGDP_RPCH.pcent_change,Real GDP growth (IMF WEO),2024,3.186
MAR,Morocco,MAR.NGDP_RPCH.pcent_change,Real GDP growth (IMF WEO),2025,3.905
MAR,Morocco,MAR.NGDP_RPCH.pcent_change,Real GDP growth (IMF WEO),2026,3.746
MAR,Morocco,MAR.NGDP_RPCH.pcent_change,Real GDP growth (IMF WEO),2027,3.597
MAR,Morocco,MAR.NGDP_RPCH.pcent_change,Real GDP growth (IMF WEO),2028,3.597
MAR,Morocco,MAR.NGDP_RPCH.pcent_change,Real GDP growth (IMF WEO),2029,3.57
MAR,Morocco,MAR.NGDP_RPCH.pcent_change,Real GDP growth (IMF WEO),2030,3.565
MEX,Mexico,MEX.NGDP_RPCH.pcent_change,Real GDP growth (IMF WEO),2015,2.702
MEX,Mexico,MEX.NGDP_RPCH.pcent_change,Real GDP growth (IMF WEO),2016,1.772
MEX,Mexico,MEX.NGDP_RPCH.pcent_change,Real GDP growth (IMF WEO),2017,1.872
MEX,Mexico,MEX.NGDP_RPCH.pcent_change,Real GDP growth (IMF WEO),2018,1.972
MEX,Mexico,MEX.NGDP_RPCH.pcent_change,Real GDP growth (IMF WEO),2019,-0.393
MEX,Mexico,MEX.NGDP_RPCH.pcent_change,Real GDP growth (IMF WEO),2020,-8.354
MEX,Mexico,MEX.NGDP_RPCH.pcent_change,Real GDP growth (IMF WEO),2021,6.048
MEX,Mexico,MEX.NGDP_RPCH.pcent_change,Real GDP growth (IMF WEO),2022,3.711
MEX,Mexico,MEX.NGDP_RPCH.pcent_change,Real GDP growth (IMF WEO),2023,3.295
MEX,Mexico,MEX.NGDP_RPCH.pcent_change,Real GDP growth (IMF WEO),2024,1.454
MEX,Mexico,MEX.NGDP_RPCH.pcent_change,Real GDP growth (IMF WEO),2025,-0.26
MEX,Mexico,MEX.NGDP_RPCH.pcent_change,Real GDP growth (IMF WEO),2026,1.37
MEX,Mexico,MEX.NGDP_RPCH.pcent_change,Real GDP growth (IMF WEO),2027,2.143
MEX,Mexico,MEX.NGDP_RPCH.pcent_change,Real GDP growth (IMF WEO),2028,2.203
MEX,Mexico,MEX.NGDP_RPCH.pcent_change,Real GDP growth (IMF WEO),2029,2.175
MEX,Mexico,MEX.NGDP_RPCH.pcent_change,Real GDP growth (IMF WEO),2030,2.104
MKD,North Macedonia,MKD.NGDP_RPCH.pcent_change,Real GDP growth (IMF WEO),2015,3.856
MKD,North Macedonia,MKD.NGDP_RPCH.pcent_change,Real GDP growth (IMF WEO),2016,2.848
MKD,North Macedonia,MKD.NGDP_RPCH.pcent_change,Real GDP growth (IMF WEO),2017,1.082
MKD,North Macedonia,MKD.NGDP_RPCH.pcent_change,Real GDP growth (IMF WEO),2018,2.881
MKD,North Macedonia,MKD.NGDP_RPCH.pcent_change,Real GDP growth (IMF WEO),2019,3.91
MKD,North Macedonia,MKD.NGDP_RPCH.pcent_change,Real GDP growth (IMF WEO),2020,-4.688
MKD,North Macedonia,MKD.NGDP_RPCH.pcent_change,Real GDP growth (IMF WEO),2021,4.511
MKD,North Macedonia,MKD.NGDP_RPCH.pcent_change,Real GDP growth (IMF WEO),2022,2.758
MKD,North Macedonia,MKD.NGDP_RPCH.pcent_change,Real GDP growth (IMF WEO),2023,2.073
MKD,North Macedonia,MKD.NGDP_RPCH.pcent_change,Real GDP growth (IMF WEO),2024,2.756
MKD,North Macedonia,MKD.NGDP_RPCH.pcent_change,Real GDP growth (IMF WEO),2025,3.2
MKD,North Macedonia,MKD.NGDP_RPCH.pcent_change,Real GDP growth (IMF WEO),2026,3.2
MKD,North Macedonia,MKD.NGDP_RPCH.pcent_change,Real GDP growth (IMF WEO),2027,3.2
MKD,North Macedonia,MKD.NGDP_RPCH.pcent_change,Real GDP growth (IMF WEO),2028,3.1
MKD,North Macedonia,MKD.NGDP_RPCH.pcent_change,Real GDP growth (IMF WEO),2029,3.1
MKD,North Macedonia,MKD.NGDP_RPCH.pcent_change,Real GDP growth (IMF WEO),2030,3.0
MNE,Montenegro,MNE.NGDP_RPCH.pcent_change,Real GDP growth (IMF WEO),2015,3.39
MNE,Montenegro,MNE.NGDP_RPCH.pcent_change,Real GDP growth (IMF WEO),2016,2.949
MNE,Montenegro,MNE.NGDP_RPCH.pcent_change,Real GDP growth (IMF WEO),2017,4.716
MNE,Montenegro,MNE.NGDP_RPCH.pcent_change,Real GDP growth (IMF WEO),2018,5.078
MNE,Montenegro,MNE.NGDP_RPCH.pcent_change,Real GDP growth (IMF WEO),2019,4.063
MNE,Montenegro,MNE.NGDP_RPCH.pcent_change,Real GDP growth (IMF WEO),2020,-15.307
MNE,Montenegro,MNE.NGDP_RPCH.pcent_change,Real GDP growth (IMF WEO),2021,13.043
MNE,Montenegro,MNE.NGDP_RPCH.pcent_change,Real GDP growth (IMF WEO),2022,6.407
MNE,Montenegro,MNE.NGDP_RPCH.pcent_change,Real GDP growth (IMF WEO),2023,6.338
MNE,Montenegro,MNE.NGDP_RPCH.pcent_change,Real GDP growth (IMF WEO),2024,3.04
MNE,Montenegro,MNE.NGDP_RPCH.pcent_change,Real GDP growth (IMF WEO),2025,3.2
MNE,Montenegro,MNE.NGDP_RPCH.pcent_change,Real GDP growth (IMF WEO),2026,3.2
MNE,Montenegro,MNE.NGDP_RPCH.pcent_change,Real GDP growth (IMF WEO),2027,3.0
MNE,Montenegro,MNE.NGDP_RPCH.pcent_change,Real GDP growth (IMF WEO),2028,3.0
MNE,Montenegro,MNE.NGDP_RPCH.pcent_change,Real GDP growth (IMF WEO),2029,3.0
MNE,Montenegro,MNE.NGDP_RPCH.pcent_change,Real GDP growth (IMF WEO),2030,3.0
MYS,Malaysia,MYS.NGDP_RPCH.pcent_change,Real GDP growth (IMF WEO),2015,5.007
MYS,Malaysia,MYS.NGDP_RPCH.pcent_change,Real GDP growth (IMF WEO),2016,4.45
MYS,Malaysia,MYS.NGDP_RPCH.pcent_change,Real GDP growth (IMF WEO),2017,5.813
MYS,Malaysia,MYS.NGDP_RPCH.pcent_change,Real GDP growth (IMF WEO),2018,4.843
MYS,Malaysia,MYS.NGDP_RPCH.pcent_change,Real GDP growth (IMF WEO),2019,4.413
MYS,Malaysia,MYS.NGDP_RPCH.pcent_change,Real GDP growth (IMF WEO),2020,-5.457
MYS,Malaysia,MYS.NGDP_RPCH.pcent_change,Real GDP growth (IMF WEO),2021,3.315
MYS,Malaysia,MYS.NGDP_RPCH.pcent_change,Real GDP growth (IMF WEO),2022,8.862
MYS,Malaysia,MYS.NGDP_RPCH.pcent_change,Real GDP growth (IMF WEO),2023,3.555
MYS,Malaysia,MYS.NGDP_RPCH.pcent_change,Real GDP growth (IMF WEO),2024,5.114
MYS,Malaysia,MYS.NGDP_RPCH.pcent_change,Real GDP growth (IMF WEO),2025,4.1
MYS,Malaysia,MYS.NGDP_RPCH.pcent_change,Real GDP growth (IMF WEO),2026,3.8
MYS,Malaysia,MYS.NGDP_RPCH.pcent_change,Real GDP growth (IMF WEO),2027,4.0
MYS,Malaysia,MYS.NGDP_RPCH.pcent_change,Real GDP growth (IMF WEO),2028,4.0
MYS,Malaysia,MYS.NGDP_RPCH.pcent_change,Real GDP growth (IMF WEO),2029,4.0
MYS,Malaysia,MYS.NGDP_RPCH.pcent_change,Real GDP growth (IMF WEO),2030,4.0
NLD,Netherlands,NLD.NGDP_RPCH.pcent_change,Real GDP growth (IMF WEO),2015,2.121
NLD,Netherlands,NLD.NGDP_RPCH.pcent_change,Real GDP growth (IMF WEO),2016,2.425
NLD,Netherlands,NLD.NGDP_RPCH.pcent_change,Real GDP growth (IMF WEO),2017,2.783
NLD,Netherlands,NLD.NGDP_RPCH.pcent_change,Real GDP growth (IMF WEO),2018,2.26
NLD,Netherlands,NLD.NGDP_RPCH.pcent_change,Real GDP growth (IMF WEO),2019,2.3
NLD,Netherlands,NLD.NGDP_RPCH.pcent_change,Real GDP growth (IMF WEO),2020,-3.877
NLD,Netherlands,NLD.NGDP_RPCH.pcent_change,Real GDP growth (IMF WEO),2021,6.278
NLD,Netherlands,NLD.NGDP_RPCH.pcent_change,Real GDP growth (IMF WEO),2022,5.007
NLD,Netherlands,NLD.NGDP_RPCH.pcent_change,Real GDP growth (IMF WEO),2023,0.073
NLD,Netherlands,NLD.NGDP_RPCH.pcent_change,Real GDP growth (IMF WEO),2024,0.98
NLD,Netherlands,NLD.NGDP_RPCH.pcent_change,Real GDP growth (IMF WEO),2025,1.413
NLD,Netherlands,NLD.NGDP_RPCH.pcent_change,Real GDP growth (IMF WEO),2026,1.416
NLD,Netherlands,NLD.NGDP_RPCH.pcent_change,Real GDP growth (IMF WEO),2027,1.398
NLD,Netherlands,NLD.NGDP_RPCH.pcent_change,Real GDP growth (IMF WEO),2028,1.363
NLD,Netherlands,NLD.NGDP_RPCH.pcent_change,Real GDP growth (IMF WEO),2029,1.295
NLD,Netherlands,NLD.NGDP_RPCH.pcent_change,Real GDP growth (IMF WEO),2030,1.245
NOR,Norway,NOR.NGDP_RPCH.pcent_change,Real GDP growth (IMF WEO),2015,1.857
NOR,Norway,NOR.NGDP_RPCH.pcent_change,Real GDP growth (IMF WEO),2016,1.165
NOR,Norway,NOR.NGDP_RPCH.pcent_change,Real GDP growth (IMF WEO),2017,2.464
NOR,Norway,NOR.NGDP_RPCH.pcent_change,Real GDP growth (IMF WEO),2018,0.829
NOR,Norway,NOR.NGDP_RPCH.pcent_change,Real GDP growth (IMF WEO),2019,1.124
NOR,Norway,NOR.NGDP_RPCH.pcent_change,Real GDP growth (IMF WEO),2020,-1.278
NOR,Norway,NOR.NGDP_RPCH.pcent_change,Real GDP growth (IMF WEO),2021,3.909
NOR,Norway,NOR.NGDP_RPCH.pcent_change,Real GDP growth (IMF WEO),2022,3.246
NOR,Norway,NOR.NGDP_RPCH.pcent_change,Real GDP growth (IMF WEO),2023,0.072
NOR,Norway,NOR.NGDP_RPCH.pcent_change,Real GDP growth (IMF WEO),2024,2.1
NOR,Norway,NOR.NGDP_RPCH.pcent_change,Real GDP growth (IMF WEO),2025,2.137
NOR,Norway,NOR.NGDP_RPCH.pcent_change,Real GDP growth (IMF WEO),2026,1.72
NOR,Norway,NOR.NGDP_RPCH.pcent_change,Real GDP growth (IMF WEO),2027,1.553
NOR,Norway,NOR.NGDP_RPCH.pcent_change,Real GDP growth (IMF WEO),2028,1.349
NOR,Norway,NOR.NGDP_RPCH.pcent_change,Real GDP growth (IMF WEO),2029,1.33
NOR,Norway,NOR.NGDP_RPCH.pcent_change,Real GDP growth (IMF WEO),2030,1.33
NZL,New Zealand,NZL.NGDP_RPCH.pcent_change,Real GDP growth (IMF WEO),2015,3.606
NZL,New Zealand,NZL.NGDP_RPCH.pcent_change,Real GDP growth (IMF WEO),2016,3.969
NZL,New Zealand,NZL.NGDP_RPCH.pcent_change,Real GDP growth (IMF WEO),2017,3.341
NZL,New Zealand,NZL.NGDP_RPCH.pcent_change,Real GDP growth (IMF WEO),2018,3.477
NZL,New Zealand,NZL.NGDP_RPCH.pcent_change,Real GDP growth (IMF WEO),2019,3.021
NZL,New Zealand,NZL.NGDP_RPCH.pcent_change,Real GDP growth (IMF WEO),2020,-1.311
NZL,New Zealand,NZL.NGDP_RPCH.pcent_change,Real GDP growth (IMF WEO),2021,5.69
NZL,New Zealand,NZL.NGDP_RPCH.pcent_change,Real GDP growth (IMF WEO),2022,2.856
NZL,New Zealand,NZL.NGDP_RPCH.pcent_change,Real GDP growth (IMF WEO),2023,1.811
NZL,New Zealand,NZL.NGDP_RPCH.pcent_change,Real GDP growth (IMF WEO),2024,-0.483
NZL,New Zealand,NZL.NGDP_RPCH.pcent_change,Real GDP growth (IMF WEO),2025,1.372
NZL,New Zealand,NZL.NGDP_RPCH.pcent_change,Real GDP growth (IMF WEO),2026,2.722
NZL,New Zealand,NZL.NGDP_RPCH.pcent_change,Real GDP growth (IMF WEO),2027,2.653
NZL,New Zealand,NZL.NGDP_RPCH.pcent_change,Real GDP growth (IMF WEO),2028,2.281
NZL,New Zealand,NZL.NGDP_RPCH.pcent_change,Real GDP growth (IMF WEO),2029,2.238
NZL,New Zealand,NZL.NGDP_RPCH.pcent_change,Real GDP growth (IMF WEO),2030,2.196
OMN,Oman,OMN.NGDP_RPCH.pcent_change,Real GDP growth (IMF WEO),2015,5.017
OMN,Oman,OMN.NGDP_RPCH.pcent_change,Real GDP growth (IMF WEO),2016,5.046
OMN,Oman,OMN.NGDP_RPCH.pcent_change,Real GDP growth (IMF WEO),2017,0.304
OMN,Oman,OMN.NGDP_RPCH.pcent_change,Real GDP growth (IMF WEO),2018,1.288
OMN,Oman,OMN.NGDP_RPCH.pcent_change,Real GDP growth (IMF WEO),2019,-1.129
OMN,Oman,OMN.NGDP_RPCH.pcent_change,Real GDP growth (IMF WEO),2020,-3.38
OMN,Oman,OMN.NGDP_RPCH.pcent_change,Real GDP growth (IMF WEO),2021,2.582
OMN,Oman,OMN.NGDP_RPCH.pcent_change,Real GDP growth (IMF WEO),2022,7.986
OMN,Oman,OMN.NGDP_RPCH.pcent_change,Real GDP growth (IMF WEO),2023,1.187
OMN,Oman,OMN.NGDP_RPCH.pcent_change,Real GDP growth (IMF WEO),2024,1.674
OMN,Oman,OMN.NGDP_RPCH.pcent_change,Real GDP growth (IMF WEO),2025,2.33
OMN,Oman,OMN.NGDP_RPCH.pcent_change,Real GDP growth (IMF WEO),2026,3.645
OMN,Oman,OMN.NGDP_RPCH.pcent_change,Real GDP growth (IMF WEO),2027,4.443
OMN,Oman,OMN.NGDP_RPCH.pcent_change,Real GDP growth (IMF WEO),2028,4.073
OMN,Oman,OMN.NGDP_RPCH.pcent_change,Real GDP growth (IMF WEO),2029,3.83
OMN,Oman,OMN.NGDP_RPCH.pcent_change,Real GDP growth (IMF WEO),2030,3.823
PHL,Philippines,PHL.NGDP_RPCH.pcent_change,Real GDP growth (IMF WEO),2015,6.348
PHL,Philippines,PHL.NGDP_RPCH.pcent_change,Real GDP growth (IMF WEO),2016,7.149
PHL,Philippines,PHL.NGDP_RPCH.pcent_change,Real GDP growth (IMF WEO),2017,6.931
PHL,Philippines,PHL.NGDP_RPCH.pcent_change,Real GDP growth (IMF WEO),2018,6.341
PHL,Philippines,PHL.NGDP_RPCH.pcent_change,Real GDP growth (IMF WEO),2019,6.119
PHL,Philippines,PHL.NGDP_RPCH.pcent_change,Real GDP growth (IMF WEO),2020,-9.518
PHL,Philippines,PHL.NGDP_RPCH.pcent_change,Real GDP growth (IMF WEO),2021,5.715
PHL,Philippines,PHL.NGDP_RPCH.pcent_change,Real GDP growth (IMF WEO),2022,7.581
PHL,Philippines,PHL.NGDP_RPCH.pcent_change,Real GDP growth (IMF WEO),2023,5.519
PHL,Philippines,PHL.NGDP_RPCH.pcent_change,Real GDP growth (IMF WEO),2024,5.692
PHL,Philippines,PHL.NGDP_RPCH.pcent_change,Real GDP growth (IMF WEO),2025,5.476
PHL,Philippines,PHL.NGDP_RPCH.pcent_change,Real GDP growth (IMF WEO),2026,5.76
PHL,Philippines,PHL.NGDP_RPCH.pcent_change,Real GDP growth (IMF WEO),2027,6.113
PHL,Philippines,PHL.NGDP_RPCH.pcent_change,Real GDP growth (IMF WEO),2028,6.219
PHL,Philippines,PHL.NGDP_RPCH.pcent_change,Real GDP growth (IMF WEO),2029,6.282
PHL,Philippines,PHL.NGDP_RPCH.pcent_change,Real GDP growth (IMF WEO),2030,6.298
POL,Poland,POL.NGDP_RPCH.pcent_change,Real GDP growth (IMF WEO),2015,4.432
POL,Poland,POL.NGDP_RPCH.pcent_change,Real GDP growth (IMF WEO),2016,3.031
POL,Poland,POL.NGDP_RPCH.pcent_change,Real GDP growth (IMF WEO),2017,5.152
POL,Poland,POL.NGDP_RPCH.pcent_change,Real GDP growth (IMF WEO),2018,6.246
POL,Poland,POL.NGDP_RPCH.pcent_change,Real GDP growth (IMF WEO),2019,4.581
POL,Poland,POL.NGDP_RPCH.pcent_change,Real GDP growth (IMF WEO),2020,-2.036
POL,Poland,POL.NGDP_RPCH.pcent_change,Real GDP growth (IMF WEO),2021,6.927
POL,Poland,POL.NGDP_RPCH.pcent_change,Real GDP growth (IMF WEO),2022,5.255
POL,Poland,POL.NGDP_RPCH.pcent_change,Real GDP growth (IMF WEO),2023,0.139
POL,Poland,POL.NGDP_RPCH.pcent_change,Real GDP growth (IMF WEO),2024,2.852
POL,Poland,POL.NGDP_RPCH.pcent_change,Real GDP growth (IMF WEO),2025,3.237
POL,Poland,POL.NGDP_RPCH.pcent_change,Real GDP growth (IMF WEO),2026,3.101
POL,Poland,POL.NGDP_RPCH.pcent_change,Real GDP growth (IMF WEO),2027,3.041
POL,Poland,POL.NGDP_RPCH.pcent_change,Real GDP growth (IMF WEO),2028,2.936
POL,Poland,POL.NGDP_RPCH.pcent_change,Real GDP growth (IMF WEO),2029,2.825
POL,Poland,POL.NGDP_RPCH.pcent_change,Real GDP growth (IMF WEO),2030,2.738
QAT,Qatar,QAT.NGDP_RPCH.pcent_change,Real GDP growth (IMF WEO),2015,4.753
QAT,Qatar,QAT.NGDP_RPCH.pcent_change,Real GDP growth (IMF WEO),2016,3.064
QAT,Qatar,QAT.NGDP_RPCH.pcent_change,Real GDP growth (IMF WEO),2017,-1.498
QAT,Qatar,QAT.NGDP_RPCH.pcent_change,Real GDP growth (IMF WEO),2018,1.235
QAT,Qatar,QAT.NGDP_RPCH.pcent_change,Real GDP growth (IMF WEO),2019,0.688
QAT,Qatar,QAT.NGDP_RPCH.pcent_change,Real GDP growth (IMF WEO),2020,-3.558
QAT,Qatar,QAT.NGDP_RPCH.pcent_change,Real GDP growth (IMF WEO),2021,1.627
QAT,Qatar,QAT.NGDP_RPCH.pcent_change,Real GDP growth (IMF WEO),2022,4.185
QAT,Qatar,QAT.NGDP_RPCH.pcent_change,Real GDP growth (IMF WEO),2023,1.369
QAT,Qatar,QAT.NGDP_RPCH.pcent_change,Real GDP growth (IMF WEO),2024,2.366
QAT,Qatar,QAT.NGDP_RPCH.pcent_change,Real GDP growth (IMF WEO),2025,2.41
QAT,Qatar,QAT.NGDP_RPCH.pcent_change,Real GDP growth (IMF WEO),2026,5.618
QAT,Qatar,QAT.NGDP_RPCH.pcent_change,Real GDP growth (IMF WEO),2027,7.926
QAT,Qatar,QAT.NGDP_RPCH.pcent_change,Real GDP growth (IMF WEO),2028,3.539
QAT,Qatar,QAT.NGDP_RPCH.pcent_change,Real GDP growth (IMF WEO),2029,1.609
QAT,Qatar,QAT.NGDP_RPCH.pcent_change,Real GDP growth (IMF WEO),2030,3.397
ROU,Romania,ROU.NGDP_RPCH.pcent_change,Real GDP growth (IMF WEO),2015,3.157
ROU,Romania,ROU.NGDP_RPCH.pcent_change,Real GDP growth (IMF WEO),2016,2.86
ROU,Romania,ROU.NGDP_RPCH.pcent_change,Real GDP growth (IMF WEO),2017,8.195
ROU,Romania,ROU.NGDP_RPCH.pcent_change,Real GDP growth (IMF WEO),2018,6.121
ROU,Romania,ROU.NGDP_RPCH.pcent_change,Real GDP growth (IMF WEO),2019,3.923
ROU,Romania,ROU.NGDP_RPCH.pcent_change,Real GDP growth (IMF WEO),2020,-3.674
ROU,Romania,ROU.NGDP_RPCH.pcent_change,Real GDP growth (IMF WEO),2021,5.546
ROU,Romania,ROU.NGDP_RPCH.pcent_change,Real GDP growth (IMF WEO),2022,3.965
ROU,Romania,ROU.NGDP_RPCH.pcent_change,Real GDP growth (IMF WEO),2023,2.404
ROU,Romania,ROU.NGDP_RPCH.pcent_change,Real GDP growth (IMF WEO),2024,0.856
ROU,Romania,ROU.NGDP_RPCH.pcent_change,Real GDP growth (IMF WEO),2025,1.597
ROU,Romania,ROU.NGDP_RPCH.pcent_change,Real GDP growth (IMF WEO),2026,2.759
ROU,Romania,ROU.NGDP_RPCH.pcent_change,Real GDP growth (IMF WEO),2027,3.2
ROU,Romania,ROU.NGDP_RPCH.pcent_change,Real GDP growth (IMF WEO),2028,3.3
ROU,Romania,ROU.NGDP_RPCH.pcent_change,Real GDP growth (IMF WEO),2029,3.4
ROU,Romania,ROU.NGDP_RPCH.pcent_change,Real GDP growth (IMF WEO),2030,3.5
RUS,Russia,RUS.NGDP_RPCH.pcent_change,Real GDP growth (IMF WEO),2015,-1.973
RUS,Russia,RUS.NGDP_RPCH.pcent_change,Real GDP growth (IMF WEO),2016,0.194
RUS,Russia,RUS.NGDP_RPCH.pcent_change,Real GDP growth (IMF WEO),2017,1.827
RUS,Russia,RUS.NGDP_RPCH.pcent_change,Real GDP growth (IMF WEO),2018,2.806
RUS,Russia,RUS.NGDP_RPCH.pcent_change,Real GDP growth (IMF WEO),2019,2.198
RUS,Russia,RUS.NGDP_RPCH.pcent_change,Real GDP growth (IMF WEO),2020,-2.654
RUS,Russia,RUS.NGDP_RPCH.pcent_change,Real GDP growth (IMF WEO),2021,5.866
RUS,Russia,RUS.NGDP_RPCH.pcent_change,Real GDP growth (IMF WEO),2022,-1.436
RUS,Russia,RUS.NGDP_RPCH.pcent_change,Real GDP growth (IMF WEO),2023,4.083
RUS,Russia,RUS.NGDP_RPCH.pcent_change,Real GDP growth (IMF WEO),2024,4.1
RUS,Russia,RUS.NGDP_RPCH.pcent_change,Real GDP growth (IMF WEO),2025,1.456
RUS,Russia,RUS.NGDP_RPCH.pcent_change,Real GDP growth (IMF WEO),2026,0.865
RUS,Russia,RUS.NGDP_RPCH.pcent_change,Real GDP growth (IMF WEO),2027,1.1
RUS,Russia,RUS.NGDP_RPCH.pcent_change,Real GDP growth (IMF WEO),2028,1.14
RUS,Russia,RUS.NGDP_RPCH.pcent_change,Real GDP growth (IMF WEO),2029,1.2
RUS,Russia,RUS.NGDP_RPCH.pcent_change,Real GDP growth (IMF WEO),2030,1.2
SAU,Saudi Arabia,SAU.NGDP_RPCH.pcent_change,Real GDP growth (IMF WEO),2015,4.509
SAU,Saudi Arabia,SAU.NGDP_RPCH.pcent_change,Real GDP growth (IMF WEO),2016,1.884
SAU,Saudi Arabia,SAU.NGDP_RPCH.pcent_change,Real GDP growth (IMF WEO),2017,0.911
SAU,Saudi Arabia,SAU.NGDP_RPCH.pcent_change,Real GDP growth (IMF WEO),2018,3.199
SAU,Saudi Arabia,SAU.NGDP_RPCH.pcent_change,Real GDP growth (IMF WEO),2019,1.098
SAU,Saudi Arabia,SAU.NGDP_RPCH.pcent_change,Real GDP growth (IMF WEO),2020,-3.582
SAU,Saudi Arabia,SAU.NGDP_RPCH.pcent_change,Real GDP growth (IMF WEO),2021,5.075
SAU,Saudi Arabia,SAU.NGDP_RPCH.pcent_change,Real GDP growth (IMF WEO),2022,7.486
SAU,Saudi Arabia,SAU.NGDP_RPCH.pcent_change,Real GDP growth (IMF WEO),2023,-0.755
SAU,Saudi Arabia,SAU.NGDP_RPCH.pcent_change,Real GDP growth (IMF WEO),2024,1.306
SAU,Saudi Arabia,SAU.NGDP_RPCH.pcent_change,Real GDP growth (IMF WEO),2025,2.989
SAU,Saudi Arabia,SAU.NGDP_RPCH.pcent_change,Real GDP growth (IMF WEO),2026,3.742
SAU,Saudi Arabia,SAU.NGDP_RPCH.pcent_change,Real GDP growth (IMF WEO),2027,3.556
SAU,Saudi Arabia,SAU.NGDP_RPCH.pcent_change,Real GDP growth (IMF WEO),2028,3.175
SAU,Saudi Arabia,SAU.NGDP_RPCH.pcent_change,Real GDP growth (IMF WEO),2029,3.175
SAU,Saudi Arabia,SAU.NGDP_RPCH.pcent_change,Real GDP growth (IMF WEO),2030,3.282
SGP,Singapore,SGP.NGDP_RPCH.pcent_change,Real GDP growth (IMF WEO),2015,2.977
SGP,Singapore,SGP.NGDP_RPCH.pcent_change,Real GDP growth (IMF WEO),2016,3.748
SGP,Singapore,SGP.NGDP_RPCH.pcent_change,Real GDP growth (IMF WEO),2017,4.477
SGP,Singapore,SGP.NGDP_RPCH.pcent_change,Real GDP growth (IMF WEO),2018,3.452
SGP,Singapore,SGP.NGDP_RPCH.pcent_change,Real GDP growth (IMF WEO),2019,1.308
SGP,Singapore,SGP.NGDP_RPCH.pcent_change,Real GDP growth (IMF WEO),2020,-3.815
SGP,Singapore,SGP.NGDP_RPCH.pcent_change,Real GDP growth (IMF WEO),2021,9.757
SGP,Singapore,SGP.NGDP_RPCH.pcent_change,Real GDP growth (IMF WEO),2022,4.108
SGP,Singapore,SGP.NGDP_RPCH.pcent_change,Real GDP growth (IMF WEO),2023,1.821
SGP,Singapore,SGP.NGDP_RPCH.pcent_change,Real GDP growth (IMF WEO),2024,4.388
SGP,Singapore,SGP.NGDP_RPCH.pcent_change,Real GDP growth (IMF WEO),2025,2.012
SGP,Singapore,SGP.NGDP_RPCH.pcent_change,Real GDP growth (IMF WEO),2026,1.879
SGP,Singapore,SGP.NGDP_RPCH.pcent_change,Real GDP growth (IMF WEO),2027,2.333
SGP,Singapore,SGP.NGDP_RPCH.pcent_change,Real GDP growth (IMF WEO),2028,2.499
SGP,Singapore,SGP.NGDP_RPCH.pcent_change,Real GDP growth (IMF WEO),2029,2.46
SGP,Singapore,SGP.NGDP_RPCH.pcent_change,Real GDP growth (IMF WEO),2030,2.507
SRB,Serbia,SRB.NGDP_RPCH.pcent_change,Real GDP growth (IMF WEO),2015,1.296
SRB,Serbia,SRB.NGDP_RPCH.pcent_change,Real GDP growth (IMF WEO),2016,2.975
SRB,Serbia,SRB.NGDP_RPCH.pcent_change,Real GDP growth (IMF WEO),2017,2.363
SRB,Serbia,SRB.NGDP_RPCH.pcent_change,Real GDP growth (IMF WEO),2018,4.649
SRB,Serbia,SRB.NGDP_RPCH.pcent_change,Real GDP growth (IMF WEO),2019,4.75
SRB,Serbia,SRB.NGDP_RPCH.pcent_change,Real GDP growth (IMF WEO),2020,-0.95
SRB,Serbia,SRB.NGDP_RPCH.pcent_change,Real GDP growth (IMF WEO),2021,7.949
SRB,Serbia,SRB.NGDP_RPCH.pcent_change,Real GDP growth (IMF WEO),2022,2.631
SRB,Serbia,SRB.NGDP_RPCH.pcent_change,Real GDP growth (IMF WEO),2023,3.847
SRB,Serbia,SRB.NGDP_RPCH.pcent_change,Real GDP growth (IMF WEO),2024,3.878
SRB,Serbia,SRB.NGDP_RPCH.pcent_change,Real GDP growth (IMF WEO),2025,3.463
SRB,Serbia,SRB.NGDP_RPCH.pcent_change,Real GDP growth (IMF WEO),2026,4.234
SRB,Serbia,SRB.NGDP_RPCH.pcent_change,Real GDP growth (IMF WEO),2027,4.451
SRB,Serbia,SRB.NGDP_RPCH.pcent_change,Real GDP growth (IMF WEO),2028,3.533
SRB,Serbia,SRB.NGDP_RPCH.pcent_change,Real GDP growth (IMF WEO),2029,3.979
SRB,Serbia,SRB.NGDP_RPCH.pcent_change,Real GDP growth (IMF WEO),2030,4.0
SWE,Sweden,SWE.NGDP_RPCH.pcent_change,Real GDP growth (IMF WEO),2015,4.41
SWE,Sweden,SWE.NGDP_RPCH.pcent_change,Real GDP growth (IMF WEO),2016,2.35
SWE,Sweden,SWE.NGDP_RPCH.pcent_change,Real GDP growth (IMF WEO),2017,1.825
SWE,Sweden,SWE.NGDP_RPCH.pcent_change,Real GDP growth (IMF WEO),2018,1.903
SWE,Sweden,SWE.NGDP_RPCH.pcent_change,Real GDP growth (IMF WEO),2019,2.55
SWE,Sweden,SWE.NGDP_RPCH.pcent_change,Real GDP growth (IMF WEO),2020,-2.005
SWE,Sweden,SWE.NGDP_RPCH.pcent_change,Real GDP growth (IMF WEO),2021,5.938
SWE,Sweden,SWE.NGDP_RPCH.pcent_change,Real GDP growth (IMF WEO),2022,1.459
SWE,Sweden,SWE.NGDP_RPCH.pcent_change,Real GDP growth (IMF WEO),2023,-0.114
SWE,Sweden,SWE.NGDP_RPCH.pcent_change,Real GDP growth (IMF WEO),2024,0.974
SWE,Sweden,SWE.NGDP_RPCH.pcent_change,Real GDP growth (IMF WEO),2025,1.858
SWE,Sweden,SWE.NGDP_RPCH.pcent_change,Real GDP growth (IMF WEO),2026,2.168
SWE,Sweden,SWE.NGDP_RPCH.pcent_change,Real GDP growth (IMF WEO),2027,1.88
SWE,Sweden,SWE.NGDP_RPCH.pcent_change,Real GDP growth (IMF WEO),2028,1.712
SWE,Sweden,SWE.NGDP_RPCH.pcent_change,Real GDP growth (IMF WEO),2029,1.698
SWE,Sweden,SWE.NGDP_RPCH.pcent_change,Real GDP growth (IMF WEO),2030,1.693
THA,Thailand,THA.NGDP_RPCH.pcent_change,Real GDP growth (IMF WEO),2015,3.134
THA,Thailand,THA.NGDP_RPCH.pcent_change,Real GDP growth (IMF WEO),2016,3.435
THA,Thailand,THA.NGDP_RPCH.pcent_change,Real GDP growth (IMF WEO),2017,4.178
THA,Thailand,THA.NGDP_RPCH.pcent_change,Real GDP growth (IMF WEO),2018,4.223
THA,Thailand,THA.NGDP_RPCH.pcent_change,Real GDP growth (IMF WEO),2019,2.115
THA,Thailand,THA.NGDP_RPCH.pcent_change,Real GDP growth (IMF WEO),2020,-6.05
THA,Thailand,THA.NGDP_RPCH.pcent_change,Real GDP growth (IMF WEO),2021,1.543
THA,Thailand,THA.NGDP_RPCH.pcent_change,Real GDP growth (IMF WEO),2022,2.627
THA,Thailand,THA.NGDP_RPCH.pcent_change,Real GDP growth (IMF WEO),2023,2.006
THA,Thailand,THA.NGDP_RPCH.pcent_change,Real GDP growth (IMF WEO),2024,2.53
THA,Thailand,THA.NGDP_RPCH.pcent_change,Real GDP growth (IMF WEO),2025,1.8
THA,Thailand,THA.NGDP_RPCH.pcent_change,Real GDP growth (IMF WEO),2026,1.6
THA,Thailand,THA.NGDP_RPCH.pcent_change,Real GDP growth (IMF WEO),2027,1.905
THA,Thailand,THA.NGDP_RPCH.pcent_change,Real GDP growth (IMF WEO),2028,2.101
THA,Thailand,THA.NGDP_RPCH.pcent_change,Real GDP growth (IMF WEO),2029,2.292
THA,Thailand,THA.NGDP_RPCH.pcent_change,Real GDP growth (IMF WEO),2030,2.404
TUN,Tunisia,TUN.NGDP_RPCH.pcent_change,Real GDP growth (IMF WEO),2015,0.968
TUN,Tunisia,TUN.NGDP_RPCH.pcent_change,Real GDP growth (IMF WEO),2016,1.117
TUN,Tunisia,TUN.NGDP_RPCH.pcent_change,Real GDP growth (IMF WEO),2017,2.252
TUN,Tunisia,TUN.NGDP_RPCH.pcent_change,Real GDP growth (IMF WEO),2018,2.607
TUN,Tunisia,TUN.NGDP_RPCH.pcent_change,Real GDP growth (IMF WEO),2019,1.55
TUN,Tunisia,TUN.NGDP_RPCH.pcent_change,Real GDP growth (IMF WEO),2020,-8.975
TUN,Tunisia,TUN.NGDP_RPCH.pcent_change,Real GDP growth (IMF WEO),2021,4.736
TUN,Tunisia,TUN.NGDP_RPCH.pcent_change,Real GDP growth (IMF WEO),2022,2.674
TUN,Tunisia,TUN.NGDP_RPCH.pcent_change,Real GDP growth (IMF WEO),2023,0.039
TUN,Tunisia,TUN.NGDP_RPCH.pcent_change,Real GDP growth (IMF WEO),2024,1.357
TUN,Tunisia,TUN.NGDP_RPCH.pcent_change,Real GDP growth (IMF WEO),2025,1.43
TUN,Tunisia,TUN.NGDP_RPCH.pcent_change,Real GDP growth (IMF WEO),2026,1.417
TUN,Tunisia,TUN.NGDP_RPCH.pcent_change,Real GDP growth (IMF WEO),2027,1.431
TUN,Tunisia,TUN.NGDP_RPCH.pcent_change,Real GDP growth (IMF WEO),2028,1.265
TUN,Tunisia,TUN.NGDP_RPCH.pcent_change,Real GDP growth (IMF WEO),2029,1.251
TUN,Tunisia,TUN.NGDP_RPCH.pcent_change,Real GDP growth (IMF WEO),2030,1.239
TUR,Türkiye,TUR.NGDP_RPCH.pcent_change,Real GDP growth (IMF WEO),2015,6.084
TUR,Türkiye,TUR.NGDP_RPCH.pcent_change,Real GDP growth (IMF WEO),2016,3.323
TUR,Türkiye,TUR.NGDP_RPCH.pcent_change,Real GDP growth (IMF WEO),2017,7.502
TUR,Türkiye,TUR.NGDP_RPCH.pcent_change,Real GDP growth (IMF WEO),2018,3.013
TUR,Türkiye,TUR.NGDP_RPCH.pcent_change,Real GDP growth (IMF WEO),2019,0.819
TUR,Türkiye,TUR.NGDP_RPCH.pcent_change,Real GDP growth (IMF WEO),2020,1.86
TUR,Türkiye,TUR.NGDP_RPCH.pcent_change,Real GDP growth (IMF WEO),2021,11.439
TUR,Türkiye,TUR.NGDP_RPCH.pcent_change,Real GDP growth (IMF WEO),2022,5.533
TUR,Türkiye,TUR.NGDP_RPCH.pcent_change,Real GDP growth (IMF WEO),2023,5.111
TUR,Türkiye,TUR.NGDP_RPCH.pcent_change,Real GDP growth (IMF WEO),2024,3.184
TUR,Türkiye,TUR.NGDP_RPCH.pcent_change,Real GDP growth (IMF WEO),2025,2.706
TUR,Türkiye,TUR.NGDP_RPCH.pcent_change,Real GDP growth (IMF WEO),2026,3.191
TUR,Türkiye,TUR.NGDP_RPCH.pcent_change,Real GDP growth (IMF WEO),2027,3.373
TUR,Türkiye,TUR.NGDP_RPCH.pcent_change,Real GDP growth (IMF WEO),2028,3.697
TUR,Türkiye,TUR.NGDP_RPCH.pcent_change,Real GDP growth (IMF WEO),2029,3.861
TUR,Türkiye,TUR.NGDP_RPCH.pcent_change,Real GDP growth (IMF WEO),2030,4.102
TWN,Taiwan,TWN.NGDP_RPCH.pcent_change,Real GDP growth (IMF WEO),2015,1.465
TWN,Taiwan,TWN.NGDP_RPCH.pcent_change,Real GDP growth (IMF WEO),2016,2.165
TWN,Taiwan,TWN.NGDP_RPCH.pcent_change,Real GDP growth (IMF WEO),2017,3.662
TWN,Taiwan,TWN.NGDP_RPCH.pcent_change,Real GDP growth (IMF WEO),2018,2.905
TWN,Taiwan,TWN.NGDP_RPCH.pcent_change,Real GDP growth (IMF WEO),2019,3.055
TWN,Taiwan,TWN.NGDP_RPCH.pcent_change,Real GDP growth (IMF WEO),2020,3.42
TWN,Taiwan,TWN.NGDP_RPCH.pcent_change,Real GDP growth (IMF WEO),2021,6.72
TWN,Taiwan,TWN.NGDP_RPCH.pcent_change,Real GDP growth (IMF WEO),2022,2.684
TWN,Taiwan,TWN.NGDP_RPCH.pcent_change,Real GDP growth (IMF WEO),2023,1.122
TWN,Taiwan,TWN.NGDP_RPCH.pcent_change,Real GDP growth (IMF WEO),2024,4.299
TWN,Taiwan,TWN.NGDP_RPCH.pcent_change,Real GDP growth (IMF WEO),2025,2.854
TWN,Taiwan,TWN.NGDP_RPCH.pcent_change,Real GDP growth (IMF WEO),2026,2.499
TWN,Taiwan,TWN.NGDP_RPCH.pcent_change,Real GDP growth (IMF WEO),2027,2.36
TWN,Taiwan,TWN.NGDP_RPCH.pcent_change,Real GDP growth (IMF WEO),2028,2.257
TWN,Taiwan,TWN.NGDP_RPCH.pcent_change,Real GDP growth (IMF WEO),2029,2.239
TWN,Taiwan,TWN.NGDP_RPCH.pcent_change,Real GDP growth (IMF WEO),2030,2.082
UGA,Uganda,UGA.NGDP_RPCH.pcent_change,Real GDP growth (IMF WEO),2015,8.005
UGA,Uganda,UGA.NGDP_RPCH.pcent_change,Real GDP growth (IMF WEO),2016,0.167
UGA,Uganda,UGA.NGDP_RPCH.pcent_change,Real GDP growth (IMF WEO),2017,6.795
UGA,Uganda,UGA.NGDP_RPCH.pcent_change,Real GDP growth (IMF WEO),2018,5.568
UGA,Uganda,UGA.NGDP_RPCH.pcent_change,Real GDP growth (IMF WEO),2019,7.626
UGA,Uganda,UGA.NGDP_RPCH.pcent_change,Real GDP growth (IMF WEO),2020,-1.15
UGA,Uganda,UGA.NGDP_RPCH.pcent_change,Real GDP growth (IMF WEO),2021,5.515
UGA,Uganda,UGA.NGDP_RPCH.pcent_change,Real GDP growth (IMF WEO),2022,6.186
UGA,Uganda,UGA.NGDP_RPCH.pcent_change,Real GDP growth (IMF WEO),2023,4.905
UGA,Uganda,UGA.NGDP_RPCH.pcent_change,Real GDP growth (IMF WEO),2024,6.293
UGA,Uganda,UGA.NGDP_RPCH.pcent_change,Real GDP growth (IMF WEO),2025,6.119
UGA,Uganda,UGA.NGDP_RPCH.pcent_change,Real GDP growth (IMF WEO),2026,7.632
UGA,Uganda,UGA.NGDP_RPCH.pcent_change,Real GDP growth (IMF WEO),2027,8.242
UGA,Uganda,UGA.NGDP_RPCH.pcent_change,Real GDP growth (IMF WEO),2028,6.764
UGA,Uganda,UGA.NGDP_RPCH.pcent_change,Real GDP growth (IMF WEO),2029,6.41
UGA,Uganda,UGA.NGDP_RPCH.pcent_change,Real GDP growth (IMF WEO),2030,5.998
USA,United States,USA.NGDP_RPCH.pcent_change,Real GDP growth (IMF WEO),2015,2.946
USA,United States,USA.NGDP_RPCH.pcent_change,Real GDP growth (IMF WEO),2016,1.82
USA,United States,USA.NGDP_RPCH.pcent_change,Real GDP growth (IMF WEO),2017,2.458
USA,United States,USA.NGDP_RPCH.pcent_change,Real GDP growth (IMF WEO),2018,2.967
USA,United States,USA.NGDP_RPCH.pcent_change,Real GDP growth (IMF WEO),2019,2.584
USA,United States,USA.NGDP_RPCH.pcent_change,Real GDP growth (IMF WEO),2020,-2.163
USA,United States,USA.NGDP_RPCH.pcent_change,Real GDP growth (IMF WEO),2021,6.055
USA,United States,USA.NGDP_RPCH.pcent_change,Real GDP growth (IMF WEO),2022,2.512
USA,United States,USA.NGDP_RPCH.pcent_change,Real GDP growth (IMF WEO),2023,2.887
USA,United States,USA.NGDP_RPCH.pcent_change,Real GDP growth (IMF WEO),2024,2.796
USA,United States,USA.NGDP_RPCH.pcent_change,Real GDP growth (IMF WEO),2025,1.826
USA,United States,USA.NGDP_RPCH.pcent_change,Real GDP growth (IMF WEO),2026,1.744
USA,United States,USA.NGDP_RPCH.pcent_change,Real GDP growth (IMF WEO),2027,1.983
USA,United States,USA.NGDP_RPCH.pcent_change,Real GDP growth (IMF WEO),2028,2.122
USA,United States,USA.NGDP_RPCH.pcent_change,Real GDP growth (IMF WEO),2029,2.122
USA,United States,USA.NGDP_RPCH.pcent_change,Real GDP growth (IMF WEO),2030,2.122
VNM,Vietnam,VNM.NGDP_RPCH.pcent_change,Real GDP growth (IMF WEO),2015,6.987
VNM,Vietnam,VNM.NGDP_RPCH.pcent_change,Real GDP growth (IMF WEO),2016,6.69
VNM,Vietnam,VNM.NGDP_RPCH.pcent_change,Real GDP growth (IMF WEO),2017,6.94
VNM,Vietnam,VNM.NGDP_RPCH.pcent_change,Real GDP growth (IMF WEO),2018,7.465
VNM,Vietnam,VNM.NGDP_RPCH.pcent_change,Real GDP growth (IMF WEO),2019,7.359
VNM,Vietnam,VNM.NGDP_RPCH.pcent_change,Real GDP growth (IMF WEO),2020,2.865
VNM,Vietnam,VNM.NGDP_RPCH.pcent_change,Real GDP growth (IMF WEO),2021,2.554
VNM,Vietnam,VNM.NGDP_RPCH.pcent_change,Real GDP growth (IMF WEO),2022,8.538
VNM,Vietnam,VNM.NGDP_RPCH.pcent_change,Real GDP growth (IMF WEO),2023,5.065
VNM,Vietnam,VNM.NGDP_RPCH.pcent_change,Real GDP growth (IMF WEO),2024,7.091
VNM,Vietnam,VNM.NGDP_RPCH.pcent_change,Real GDP growth (IMF WEO),2025,5.152
VNM,Vietnam,VNM.NGDP_RPCH.pcent_change,Real GDP growth (IMF WEO),2026,4.047
VNM,Vietnam,VNM.NGDP_RPCH.pcent_change,Real GDP growth (IMF WEO),2027,5.2
VNM,Vietnam,VNM.NGDP_RPCH.pcent_change,Real GDP growth (IMF WEO),2028,5.25
VNM,Vietnam,VNM.NGDP_RPCH.pcent_change,Real GDP growth (IMF WEO),2029,5.3
VNM,Vietnam,VNM.NGDP_RPCH.pcent_change,Real GDP growth (IMF WEO),2030,5.3
ZAF,South Africa,ZAF.NGDP_RPCH.pcent_change,Real GDP growth (IMF WEO),2015,1.322
ZAF,South Africa,ZAF.NGDP_RPCH.pcent_change,Real GDP growth (IMF WEO),2016,0.665
ZAF,South Africa,ZAF.NGDP_RPCH.pcent_change,Real GDP growth (IMF WEO),2017,1.158
ZAF,South Africa,ZAF.NGDP_RPCH.pcent_change,Real GDP growth (IMF WEO),2018,1.557
ZAF,South Africa,ZAF.NGDP_RPCH.pcent_change,Real GDP growth (IMF WEO),2019,0.26
ZAF,South Africa,ZAF.NGDP_RPCH.pcent_change,Real GDP growth (IMF WEO),2020,-6.169
ZAF,South Africa,ZAF.NGDP_RPCH.pcent_change,Real GDP growth (IMF WEO),2021,4.955
ZAF,South Africa,ZAF.NGDP_RPCH.pcent_change,Real GDP growth (IMF WEO),2022,1.911
ZAF,South Africa,ZAF.NGDP_RPCH.pcent_change,Real GDP growth (IMF WEO),2023,0.698
ZAF,South Africa,ZAF.NGDP_RPCH.pcent_change,Real GDP growth (IMF WEO),2024,0.58
ZAF,South Africa,ZAF.NGDP_RPCH.pcent_change,Real GDP growth (IMF WEO),2025,0.979
ZAF,South Africa,ZAF.NGDP_RPCH.pcent_change,Real GDP growth (IMF WEO),2026,1.289
ZAF,South Africa,ZAF.NGDP_RPCH.pcent_change,Real GDP growth (IMF WEO),2027,1.64
ZAF,South Africa,ZAF.NGDP_RPCH.pcent_change,Real GDP growth (IMF WEO),2028,1.711
ZAF,South Africa,ZAF.NGDP_RPCH.pcent_change,Real GDP growth (IMF WEO),2029,1.797
ZAF,South Africa,ZAF.NGDP_RPCH.pcent_change,Real GDP growth (IMF WEO),2030,1.812
ARE,United Arab Emirates,ARE.PCPIPCH.pcent_change,"Inflation, avg consumer prices (IMF WEO)",2015,4.068
ARE,United Arab Emirates,ARE.PCPIPCH.pcent_change,"Inflation, avg consumer prices (IMF WEO)",2016,1.619
ARE,United Arab Emirates,ARE.PCPIPCH.pcent_change,"Inflation, avg consumer prices (IMF WEO)",2017,1.966
ARE,United Arab Emirates,ARE.PCPIPCH.pcent_change,"Inflation, avg consumer prices (IMF WEO)",2018,3.071
ARE,United Arab Emirates,ARE.PCPIPCH.pcent_change,"Inflation, avg consumer prices (IMF WEO)",2019,-1.934
ARE,United Arab Emirates,ARE.PCPIPCH.pcent_change,"Inflation, avg consumer prices (IMF WEO)",2020,-2.076
ARE,United Arab Emirates,ARE.PCPIPCH.pcent_change,"Inflation, avg consumer prices (IMF WEO)",2021,-0.113
ARE,United Arab Emirates,ARE.PCPIPCH.pcent_change,"Inflation, avg consumer prices (IMF WEO)",2022,4.827
ARE,United Arab Emirates,ARE.PCPIPCH.pcent_change,"Inflation, avg consumer prices (IMF WEO)",2023,1.624
ARE,United Arab Emirates,ARE.PCPIPCH.pcent_change,"Inflation, avg consumer prices (IMF WEO)",2024,1.742
ARE,United Arab Emirates,ARE.PCPIPCH.pcent_change,"Inflation, avg consumer prices (IMF WEO)",2025,2.1
ARE,United Arab Emirates,ARE.PCPIPCH.pcent_change,"Inflation, avg consumer prices (IMF WEO)",2026,2.0
ARE,United Arab Emirates,ARE.PCPIPCH.pcent_change,"Inflation, avg consumer prices (IMF WEO)",2027,2.0
ARE,United Arab Emirates,ARE.PCPIPCH.pcent_change,"Inflation, avg consumer prices (IMF WEO)",2028,2.0
ARE,United Arab Emirates,ARE.PCPIPCH.pcent_change,"Inflation, avg consumer prices (IMF WEO)",2029,2.0
ARE,United Arab Emirates,ARE.PCPIPCH.pcent_change,"Inflation, avg consumer prices (IMF WEO)",2030,2.0
AUS,Australia,AUS.PCPIPCH.pcent_change,"Inflation, avg consumer prices (IMF WEO)",2015,1.485
AUS,Australia,AUS.PCPIPCH.pcent_change,"Inflation, avg consumer prices (IMF WEO)",2016,1.277
AUS,Australia,AUS.PCPIPCH.pcent_change,"Inflation, avg consumer prices (IMF WEO)",2017,1.995
AUS,Australia,AUS.PCPIPCH.pcent_change,"Inflation, avg consumer prices (IMF WEO)",2018,1.933
AUS,Australia,AUS.PCPIPCH.pcent_change,"Inflation, avg consumer prices (IMF WEO)",2019,1.566
AUS,Australia,AUS.PCPIPCH.pcent_change,"Inflation, avg consumer prices (IMF WEO)",2020,0.869
AUS,Australia,AUS.PCPIPCH.pcent_change,"Inflation, avg consumer prices (IMF WEO)",2021,2.842
AUS,Australia,AUS.PCPIPCH.pcent_change,"Inflation, avg consumer prices (IMF WEO)",2022,6.615
AUS,Australia,AUS.PCPIPCH.pcent_change,"Inflation, avg consumer prices (IMF WEO)",2023,5.616
AUS,Australia,AUS.PCPIPCH.pcent_change,"Inflation, avg consumer prices (IMF WEO)",2024,3.198
AUS,Australia,AUS.PCPIPCH.pcent_change,"Inflation, avg consumer prices (IMF WEO)",2025,2.55
AUS,Australia,AUS.PCPIPCH.pcent_change,"Inflation, avg consumer prices (IMF WEO)",2026,3.53
AUS,Australia,AUS.PCPIPCH.pcent_change,"Inflation, avg consumer prices (IMF WEO)",2027,2.648
AUS,Australia,AUS.PCPIPCH.pcent_change,"Inflation, avg consumer prices (IMF WEO)",2028,2.549
AUS,Australia,AUS.PCPIPCH.pcent_change,"Inflation, avg consumer prices (IMF WEO)",2029,2.526
AUS,Australia,AUS.PCPIPCH.pcent_change,"Inflation, avg consumer prices (IMF WEO)",2030,2.498
BEL,Belgium,BEL.PCPIPCH.pcent_change,"Inflation, avg consumer prices (IMF WEO)",2015,0.623
BEL,Belgium,BEL.PCPIPCH.pcent_change,"Inflation, avg consumer prices (IMF WEO)",2016,1.772
BEL,Belgium,BEL.PCPIPCH.pcent_change,"Inflation, avg consumer prices (IMF WEO)",2017,2.225
BEL,Belgium,BEL.PCPIPCH.pcent_change,"Inflation, avg consumer prices (IMF WEO)",2018,2.308
BEL,Belgium,BEL.PCPIPCH.pcent_change,"Inflation, avg consumer prices (IMF WEO)",2019,1.25
BEL,Belgium,BEL.PCPIPCH.pcent_change,"Inflation, avg consumer prices (IMF WEO)",2020,0.424
BEL,Belgium,BEL.PCPIPCH.pcent_change,"Inflation, avg consumer prices (IMF WEO)",2021,3.217
BEL,Belgium,BEL.PCPIPCH.pcent_change,"Inflation, avg consumer prices (IMF WEO)",2022,10.331
BEL,Belgium,BEL.PCPIPCH.pcent_change,"Inflation, avg consumer prices (IMF WEO)",2023,2.294
BEL,Belgium,BEL.PCPIPCH.pcent_change,"Inflation, avg consumer prices (IMF WEO)",2024,4.322
BEL,Belgium,BEL.PCPIPCH.pcent_change,"Inflation, avg consumer prices (IMF WEO)",2025,3.203
BEL,Belgium,BEL.PCPIPCH.pcent_change,"Inflation, avg consumer prices (IMF WEO)",2026,2.123
BEL,Belgium,BEL.PCPIPCH.pcent_change,"Inflation, avg consumer prices (IMF WEO)",2027,2.119
BEL,Belgium,BEL.PCPIPCH.pcent_change,"Inflation, avg consumer prices (IMF WEO)",2028,2.0
BEL,Belgium,BEL.PCPIPCH.pcent_change,"Inflation, avg consumer prices (IMF WEO)",2029,1.925
BEL,Belgium,BEL.PCPIPCH.pcent_change,"Inflation, avg consumer prices (IMF WEO)",2030,1.885
BGR,Bulgaria,BGR.PCPIPCH.pcent_change,"Inflation, avg consumer prices (IMF WEO)",2015,-1.067
BGR,Bulgaria,BGR.PCPIPCH.pcent_change,"Inflation, avg consumer prices (IMF WEO)",2016,-1.323
BGR,Bulgaria,BGR.PCPIPCH.pcent_change,"Inflation, avg consumer prices (IMF WEO)",2017,1.188
BGR,Bulgaria,BGR.PCPIPCH.pcent_change,"Inflation, avg consumer prices (IMF WEO)",2018,2.631
BGR,Bulgaria,BGR.PCPIPCH.pcent_change,"Inflation, avg consumer prices (IMF WEO)",2019,2.457
BGR,Bulgaria,BGR.PCPIPCH.pcent_change,"Inflation, avg consumer prices (IMF WEO)",2020,1.219
BGR,Bulgaria,BGR.PCPIPCH.pcent_change,"Inflation, avg consumer prices (IMF WEO)",2021,2.842
BGR,Bulgaria,BGR.PCPIPCH.pcent_change,"Inflation, avg consumer prices (IMF WEO)",2022,13.019
BGR,Bulgaria,BGR.PCPIPCH.pcent_change,"Inflation, avg consumer prices (IMF WEO)",2023,8.599
BGR,Bulgaria,BGR.PCPIPCH.pcent_change,"Inflation, avg consumer prices (IMF WEO)",2024,2.597
BGR,Bulgaria,BGR.PCPIPCH.pcent_change,"Inflation, avg consumer prices (IMF WEO)",2025,3.728
BGR,Bulgaria,BGR.PCPIPCH.pcent_change,"Inflation, avg consumer prices (IMF WEO)",2026,2.254
BGR,Bulgaria,BGR.PCPIPCH.pcent_change,"Inflation, avg consumer prices (IMF WEO)",2027,2.237
BGR,Bulgaria,BGR.PCPIPCH.pcent_change,"Inflation, avg consumer prices (IMF WEO)",2028,2.023
BGR,Bulgaria,BGR.PCPIPCH.pcent_change,"Inflation, avg consumer prices (IMF WEO)",2029,2.0
BGR,Bulgaria,BGR.PCPIPCH.pcent_change,"Inflation, avg consumer prices (IMF WEO)",2030,2.0
BHR,Bahrain,BHR.PCPIPCH.pcent_change,"Inflation, avg consumer prices (IMF WEO)",2015,1.849
BHR,Bahrain,BHR.PCPIPCH.pcent_change,"Inflation, avg consumer prices (IMF WEO)",2016,2.789
BHR,Bahrain,BHR.PCPIPCH.pcent_change,"Inflation, avg consumer prices (IMF WEO)",2017,1.386
BHR,Bahrain,BHR.PCPIPCH.pcent_change,"Inflation, avg consumer prices (IMF WEO)",2018,2.091
BHR,Bahrain,BHR.PCPIPCH.pcent_change,"Inflation, avg consumer prices (IMF WEO)",2019,1.007
BHR,Bahrain,BHR.PCPIPCH.pcent_change,"Inflation, avg consumer prices (IMF WEO)",2020,-2.325
BHR,Bahrain,BHR.PCPIPCH.pcent_change,"Inflation, avg consumer prices (IMF WEO)",2021,-0.611
BHR,Bahrain,BHR.PCPIPCH.pcent_change,"Inflation, avg consumer prices (IMF WEO)",2022,3.635
BHR,Bahrain,BHR.PCPIPCH.pcent_change,"Inflation, avg consumer prices (IMF WEO)",2023,0.075
BHR,Bahrain,BHR.PCPIPCH.pcent_change,"Inflation, avg consumer prices (IMF WEO)",2024,0.92
BHR,Bahrain,BHR.PCPIPCH.pcent_change,"Inflation, avg consumer prices (IMF WEO)",2025,1.0
BHR,Bahrain,BHR.PCPIPCH.pcent_change,"Inflation, avg consumer prices (IMF WEO)",2026,1.5
BHR,Bahrain,BHR.PCPIPCH.pcent_change,"Inflation, avg consumer prices (IMF WEO)",2027,1.9
BHR,Bahrain,BHR.PCPIPCH.pcent_change,"Inflation, avg consumer prices (IMF WEO)",2028,2.034
BHR,Bahrain,BHR.PCPIPCH.pcent_change,"Inflation, avg consumer prices (IMF WEO)",2029,2.034
BHR,Bahrain,BHR.PCPIPCH.pcent_change,"Inflation, avg consumer prices (IMF WEO)",2030,2.034
CAN,Canada,CAN.PCPIPCH.pcent_change,"Inflation, avg consumer prices (IMF WEO)",2015,1.125
CAN,Canada,CAN.PCPIPCH.pcent_change,"Inflation, avg consumer prices (IMF WEO)",2016,1.429
CAN,Canada,CAN.PCPIPCH.pcent_change,"Inflation, avg consumer prices (IMF WEO)",2017,1.597
CAN,Canada,CAN.PCPIPCH.pcent_change,"Inflation, avg consumer prices (IMF WEO)",2018,2.268
CAN,Canada,CAN.PCPIPCH.pcent_change,"Inflation, avg consumer prices (IMF WEO)",2019,1.949
CAN,Canada,CAN.PCPIPCH.pcent_change,"Inflation, avg consumer prices (IMF WEO)",2020,0.717
CAN,Canada,CAN.PCPIPCH.pcent_change,"Inflation, avg consumer prices (IMF WEO)",2021,3.395
CAN,Canada,CAN.PCPIPCH.pcent_change,"Inflation, avg consumer prices (IMF WEO)",2022,6.779
CAN,Canada,CAN.PCPIPCH.pcent_change,"Inflation, avg consumer prices (IMF WEO)",2023,3.885
CAN,Canada,CAN.PCPIPCH.pcent_change,"Inflation, avg consumer prices (IMF WEO)",2024,2.398
CAN,Canada,CAN.PCPIPCH.pcent_change,"Inflation, avg consumer prices (IMF WEO)",2025,1.982
CAN,Canada,CAN.PCPIPCH.pcent_change,"Inflation, avg consumer prices (IMF WEO)",2026,2.127
CAN,Canada,CAN.PCPIPCH.pcent_change,"Inflation, avg consumer prices (IMF WEO)",2027,2.005
CAN,Canada,CAN.PCPIPCH.pcent_change,"Inflation, avg consumer prices (IMF WEO)",2028,2.003
CAN,Canada,CAN.PCPIPCH.pcent_change,"Inflation, avg consumer prices (IMF WEO)",2029,2.029
CAN,Canada,CAN.PCPIPCH.pcent_change,"Inflation, avg consumer prices (IMF WEO)",2030,2.004
CHN,China,CHN.PCPIPCH.pcent_change,"Inflation, avg consumer prices (IMF WEO)",2015,1.442
CHN,China,CHN.PCPIPCH.pcent_change,"Inflation, avg consumer prices (IMF WEO)",2016,1.996
CHN,China,CHN.PCPIPCH.pcent_change,"Inflation, avg consumer prices (IMF WEO)",2017,1.579
CHN,China,CHN.PCPIPCH.pcent_change,"Inflation, avg consumer prices (IMF WEO)",2018,2.092
CHN,China,CHN.PCPIPCH.pcent_change,"Inflation, avg consumer prices (IMF WEO)",2019,2.905
CHN,China,CHN.PCPIPCH.pcent_change,"Inflation, avg consumer prices (IMF WEO)",2020,2.49
CHN,China,CHN.PCPIPCH.pcent_change,"Inflation, avg consumer prices (IMF WEO)",2021,0.918
CHN,China,CHN.PCPIPCH.pcent_change,"Inflation, avg consumer prices (IMF WEO)",2022,1.976
CHN,China,CHN.PCPIPCH.pcent_change,"Inflation, avg consumer prices (IMF WEO)",2023,0.228
CHN,China,CHN.PCPIPCH.pcent_change,"Inflation, avg consumer prices (IMF WEO)",2024,0.212
CHN,China,CHN.PCPIPCH.pcent_change,"Inflation, avg consumer prices (IMF WEO)",2025,-0.026
CHN,China,CHN.PCPIPCH.pcent_change,"Inflation, avg consumer prices (IMF WEO)",2026,0.634
CHN,China,CHN.PCPIPCH.pcent_change,"Inflation, avg consumer prices (IMF WEO)",2027,1.415
CHN,China,CHN.PCPIPCH.pcent_change,"Inflation, avg consumer prices (IMF WEO)",2028,1.809
CHN,China,CHN.PCPIPCH.pcent_change,"Inflation, avg consumer prices (IMF WEO)",2029,1.878
CHN,China,CHN.PCPIPCH.pcent_change,"Inflation, avg consumer prices (IMF WEO)",2030,1.974
CYP,Cyprus,CYP.PCPIPCH.pcent_change,"Inflation, avg consumer prices (IMF WEO)",2015,-1.541
CYP,Cyprus,CYP.PCPIPCH.pcent_change,"Inflation, avg consumer prices (IMF WEO)",2016,-1.216
CYP,Cyprus,CYP.PCPIPCH.pcent_change,"Inflation, avg consumer prices (IMF WEO)",2017,0.683
CYP,Cyprus,CYP.PCPIPCH.pcent_change,"Inflation, avg consumer prices (IMF WEO)",2018,0.78
CYP,Cyprus,CYP.PCPIPCH.pcent_change,"Inflation, avg consumer prices (IMF WEO)",2019,0.547
CYP,Cyprus,CYP.PCPIPCH.pcent_change,"Inflation, avg consumer prices (IMF WEO)",2020,-1.102
CYP,Cyprus,CYP.PCPIPCH.pcent_change,"Inflation, avg consumer prices (IMF WEO)",2021,2.248
CYP,Cyprus,CYP.PCPIPCH.pcent_change,"Inflation, avg consumer prices (IMF WEO)",2022,8.079
CYP,Cyprus,CYP.PCPIPCH.pcent_change,"Inflation, avg consumer prices (IMF WEO)",2023,3.942
CYP,Cyprus,CYP.PCPIPCH.pcent_change,"Inflation, avg consumer prices (IMF WEO)",2024,2.265
CYP,Cyprus,CYP.PCPIPCH.pcent_change,"Inflation, avg consumer prices (IMF WEO)",2025,2.272
CYP,Cyprus,CYP.PCPIPCH.pcent_change,"Inflation, avg consumer prices (IMF WEO)",2026,2.0
CYP,Cyprus,CYP.PCPIPCH.pcent_change,"Inflation, avg consumer prices (IMF WEO)",2027,2.0
CYP,Cyprus,CYP.PCPIPCH.pcent_change,"Inflation, avg consumer prices (IMF WEO)",2028,2.0
CYP,Cyprus,CYP.PCPIPCH.pcent_change,"Inflation, avg consumer prices (IMF WEO)",2029,2.0
CYP,Cyprus,CYP.PCPIPCH.pcent_change,"Inflation, avg consumer prices (IMF WEO)",2030,2.0
CZE,Czechia,CZE.PCPIPCH.pcent_change,"Inflation, avg consumer prices (IMF WEO)",2015,0.309
CZE,Czechia,CZE.PCPIPCH.pcent_change,"Inflation, avg consumer prices (IMF WEO)",2016,0.684
CZE,Czechia,CZE.PCPIPCH.pcent_change,"Inflation, avg consumer prices (IMF WEO)",2017,2.451
CZE,Czechia,CZE.PCPIPCH.pcent_change,"Inflation, avg consumer prices (IMF WEO)",2018,2.149
CZE,Czechia,CZE.PCPIPCH.pcent_change,"Inflation, avg consumer prices (IMF WEO)",2019,2.848
CZE,Czechia,CZE.PCPIPCH.pcent_change,"Inflation, avg consumer prices (IMF WEO)",2020,3.161
CZE,Czechia,CZE.PCPIPCH.pcent_change,"Inflation, avg consumer prices (IMF WEO)",2021,3.84
CZE,Czechia,CZE.PCPIPCH.pcent_change,"Inflation, avg consumer prices (IMF WEO)",2022,15.1
CZE,Czechia,CZE.PCPIPCH.pcent_change,"Inflation, avg consumer prices (IMF WEO)",2023,10.661
CZE,Czechia,CZE.PCPIPCH.pcent_change,"Inflation, avg consumer prices (IMF WEO)",2024,2.435
CZE,Czechia,CZE.PCPIPCH.pcent_change,"Inflation, avg consumer prices (IMF WEO)",2025,2.481
CZE,Czechia,CZE.PCPIPCH.pcent_change,"Inflation, avg consumer prices (IMF WEO)",2026,2.0
CZE,Czechia,CZE.PCPIPCH.pcent_change,"Inflation, avg consumer prices (IMF WEO)",2027,2.0
CZE,Czechia,CZE.PCPIPCH.pcent_change,"Inflation, avg consumer prices (IMF WEO)",2028,2.0
CZE,Czechia,CZE.PCPIPCH.pcent_change,"Inflation, avg consumer prices (IMF WEO)",2029,2.0
CZE,Czechia,CZE.PCPIPCH.pcent_change,"Inflation, avg consumer prices (IMF WEO)",2030,2.0
DEU,Germany,DEU.PCPIPCH.pcent_change,"Inflation, avg consumer prices (IMF WEO)",2015,0.68
DEU,Germany,DEU.PCPIPCH.pcent_change,"Inflation, avg consumer prices (IMF WEO)",2016,0.367
DEU,Germany,DEU.PCPIPCH.pcent_change,"Inflation, avg consumer prices (IMF WEO)",2017,1.702
DEU,Germany,DEU.PCPIPCH.pcent_change,"Inflation, avg consumer prices (IMF WEO)",2018,1.935
DEU,Germany,DEU.PCPIPCH.pcent_change,"Inflation, avg consumer prices (IMF WEO)",2019,1.354
DEU,Germany,DEU.PCPIPCH.pcent_change,"Inflation, avg consumer prices (IMF WEO)",2020,0.371
DEU,Germany,DEU.PCPIPCH.pcent_change,"Inflation, avg consumer prices (IMF WEO)",2021,3.212
DEU,Germany,DEU.PCPIPCH.pcent_change,"Inflation, avg consumer prices (IMF WEO)",2022,8.666
DEU,Germany,DEU.PCPIPCH.pcent_change,"Inflation, avg consumer prices (IMF WEO)",2023,6.03
DEU,Germany,DEU.PCPIPCH.pcent_change,"Inflation, avg consumer prices (IMF WEO)",2024,2.489
DEU,Germany,DEU.PCPIPCH.pcent_change,"Inflation, avg consumer prices (IMF WEO)",2025,2.086
DEU,Germany,DEU.PCPIPCH.pcent_change,"Inflation, avg consumer prices (IMF WEO)",2026,1.946
DEU,Germany,DEU.PCPIPCH.pcent_change,"Inflation, avg consumer prices (IMF WEO)",2027,2.109
DEU,Germany,DEU.PCPIPCH.pcent_change,"Inflation, avg consumer prices (IMF WEO)",2028,2.18
DEU,Germany,DEU.PCPIPCH.pcent_change,"Inflation, avg consumer prices (IMF WEO)",2029,2.177
DEU,Germany,DEU.PCPIPCH.pcent_change,"Inflation, avg consumer prices (IMF WEO)",2030,2.179
DNK,Denmark,DNK.PCPIPCH.pcent_change,"Inflation, avg consumer prices (IMF WEO)",2015,0.226
DNK,Denmark,DNK.PCPIPCH.pcent_change,"Inflation, avg consumer prices (IMF WEO)",2016,0.017
DNK,Denmark,DNK.PCPIPCH.pcent_change,"Inflation, avg consumer prices (IMF WEO)",2017,1.058
DNK,Denmark,DNK.PCPIPCH.pcent_change,"Inflation, avg consumer prices (IMF WEO)",2018,0.709
DNK,Denmark,DNK.PCPIPCH.pcent_change,"Inflation, avg consumer prices (IMF WEO)",2019,0.729
DNK,Denmark,DNK.PCPIPCH.pcent_change,"Inflation, avg consumer prices (IMF WEO)",2020,0.333
DNK,Denmark,DNK.PCPIPCH.pcent_change,"Inflation, avg consumer prices (IMF WEO)",2021,1.944
DNK,Denmark,DNK.PCPIPCH.pcent_change,"Inflation, avg consumer prices (IMF WEO)",2022,8.534
DNK,Denmark,DNK.PCPIPCH.pcent_change,"Inflation, avg consumer prices (IMF WEO)",2023,3.353
DNK,Denmark,DNK.PCPIPCH.pcent_change,"Inflation, avg consumer prices (IMF WEO)",2024,1.268
DNK,Denmark,DNK.PCPIPCH.pcent_change,"Inflation, avg consumer prices (IMF WEO)",2025,1.936
DNK,Denmark,DNK.PCPIPCH.pcent_change,"Inflation, avg consumer prices (IMF WEO)",2026,2.1
DNK,Denmark,DNK.PCPIPCH.pcent_change,"Inflation, avg consumer prices (IMF WEO)",2027,2.0
DNK,Denmark,DNK.PCPIPCH.pcent_change,"Inflation, avg consumer prices (IMF WEO)",2028,2.0
DNK,Denmark,DNK.PCPIPCH.pcent_change,"Inflation, avg consumer prices (IMF WEO)",2029,2.0
DNK,Denmark,DNK.PCPIPCH.pcent_change,"Inflation, avg consumer prices (IMF WEO)",2030,2.0
EGY,Egypt,EGY.PCPIPCH.pcent_change,"Inflation, avg consumer prices (IMF WEO)",2015,10.988
EGY,Egypt,EGY.PCPIPCH.pcent_change,"Inflation, avg consumer prices (IMF WEO)",2016,10.212
EGY,Egypt,EGY.PCPIPCH.pcent_change,"Inflation, avg consumer prices (IMF WEO)",2017,23.534
EGY,Egypt,EGY.PCPIPCH.pcent_change,"Inflation, avg consumer prices (IMF WEO)",2018,20.851
EGY,Egypt,EGY.PCPIPCH.pcent_change,"Inflation, avg consumer prices (IMF WEO)",2019,13.875
EGY,Egypt,EGY.PCPIPCH.pcent_change,"Inflation, avg consumer prices (IMF WEO)",2020,5.7
EGY,Egypt,EGY.PCPIPCH.pcent_change,"Inflation, avg consumer prices (IMF WEO)",2021,4.5
EGY,Egypt,EGY.PCPIPCH.pcent_change,"Inflation, avg consumer prices (IMF WEO)",2022,8.5
EGY,Egypt,EGY.PCPIPCH.pcent_change,"Inflation, avg consumer prices (IMF WEO)",2023,24.392
EGY,Egypt,EGY.PCPIPCH.pcent_change,"Inflation, avg consumer prices (IMF WEO)",2024,33.302
EGY,Egypt,EGY.PCPIPCH.pcent_change,"Inflation, avg consumer prices (IMF WEO)",2025,19.651
EGY,Egypt,EGY.PCPIPCH.pcent_change,"Inflation, avg consumer prices (IMF WEO)",2026,12.472
EGY,Egypt,EGY.PCPIPCH.pcent_change,"Inflation, avg consumer prices (IMF WEO)",2027,9.985
EGY,Egypt,EGY.PCPIPCH.pcent_change,"Inflation, avg consumer prices (IMF WEO)",2028,6.655
EGY,Egypt,EGY.PCPIPCH.pcent_change,"Inflation, avg consumer prices (IMF WEO)",2029,5.337
EGY,Egypt,EGY.PCPIPCH.pcent_change,"Inflation, avg consumer prices (IMF WEO)",2030,5.182
EST,Estonia,EST.PCPIPCH.pcent_change,"Inflation, avg consumer prices (IMF WEO)",2015,0.068
EST,Estonia,EST.PCPIPCH.pcent_change,"Inflation, avg consumer prices (IMF WEO)",2016,0.8
EST,Estonia,EST.PCPIPCH.pcent_change,"Inflation, avg consumer prices (IMF WEO)",2017,3.651
EST,Estonia,EST.PCPIPCH.pcent_change,"Inflation, avg consumer prices (IMF WEO)",2018,3.412
EST,Estonia,EST.PCPIPCH.pcent_change,"Inflation, avg consumer prices (IMF WEO)",2019,2.268
EST,Estonia,EST.PCPIPCH.pcent_change,"Inflation, avg consumer prices (IMF WEO)",2020,-0.634
EST,Estonia,EST.PCPIPCH.pcent_change,"Inflation, avg consumer prices (IMF WEO)",2021,4.487
EST,Estonia,EST.PCPIPCH.pcent_change,"Inflation, avg consumer prices (IMF WEO)",2022,19.447
EST,Estonia,EST.PCPIPCH.pcent_change,"Inflation, avg consumer prices (IMF WEO)",2023,9.116
EST,Estonia,EST.PCPIPCH.pcent_change,"Inflation, avg consumer prices (IMF WEO)",2024,3.733
EST,Estonia,EST.PCPIPCH.pcent_change,"Inflation, avg consumer prices (IMF WEO)",2025,5.769
EST,Estonia,EST.PCPIPCH.pcent_change,"Inflation, avg consumer prices (IMF WEO)",2026,3.871
EST,Estonia,EST.PCPIPCH.pcent_change,"Inflation, avg consumer prices (IMF WEO)",2027,3.174
EST,Estonia,EST.PCPIPCH.pcent_change,"Inflation, avg consumer prices (IMF WEO)",2028,2.576
EST,Estonia,EST.PCPIPCH.pcent_change,"Inflation, avg consumer prices (IMF WEO)",2029,2.372
EST,Estonia,EST.PCPIPCH.pcent_change,"Inflation, avg consumer prices (IMF WEO)",2030,2.275
FIN,Finland,FIN.PCPIPCH.pcent_change,"Inflation, avg consumer prices (IMF WEO)",2015,-0.156
FIN,Finland,FIN.PCPIPCH.pcent_change,"Inflation, avg consumer prices (IMF WEO)",2016,0.389
FIN,Finland,FIN.PCPIPCH.pcent_change,"Inflation, avg consumer prices (IMF WEO)",2017,0.839
FIN,Finland,FIN.PCPIPCH.pcent_change,"Inflation, avg consumer prices (IMF WEO)",2018,1.169
FIN,Finland,FIN.PCPIPCH.pcent_change,"Inflation, avg consumer prices (IMF WEO)",2019,1.137
FIN,Finland,FIN.PCPIPCH.pcent_change,"Inflation, avg consumer prices (IMF WEO)",2020,0.383
FIN,Finland,FIN.PCPIPCH.pcent_change,"Inflation, avg consumer prices (IMF WEO)",2021,2.066
FIN,Finland,FIN.PCPIPCH.pcent_change,"Inflation, avg consumer prices (IMF WEO)",2022,7.172
FIN,Finland,FIN.PCPIPCH.pcent_change,"Inflation, avg consumer prices (IMF WEO)",2023,4.34
FIN,Finland,FIN.PCPIPCH.pcent_change,"Inflation, avg consumer prices (IMF WEO)",2024,0.975
FIN,Finland,FIN.PCPIPCH.pcent_change,"Inflation, avg consumer prices (IMF WEO)",2025,1.974
FIN,Finland,FIN.PCPIPCH.pcent_change,"Inflation, avg consumer prices (IMF WEO)",2026,2.0
FIN,Finland,FIN.PCPIPCH.pcent_change,"Inflation, avg consumer prices (IMF WEO)",2027,2.0
FIN,Finland,FIN.PCPIPCH.pcent_change,"Inflation, avg consumer prices (IMF WEO)",2028,2.0
FIN,Finland,FIN.PCPIPCH.pcent_change,"Inflation, avg consumer prices (IMF WEO)",2029,2.0
FIN,Finland,FIN.PCPIPCH.pcent_change,"Inflation, avg consumer prices (IMF WEO)",2030,2.0
FRA,France,FRA.PCPIPCH.pcent_change,"Inflation, avg consumer prices (IMF WEO)",2015,0.089
FRA,France,FRA.PCPIPCH.pcent_change,"Inflation, avg consumer prices (IMF WEO)",2016,0.307
FRA,France,FRA.PCPIPCH.pcent_change,"Inflation, avg consumer prices (IMF WEO)",2017,1.166
FRA,France,FRA.PCPIPCH.pcent_change,"Inflation, avg consumer prices (IMF WEO)",2018,2.099
FRA,France,FRA.PCPIPCH.pcent_change,"Inflation, avg consumer prices (IMF WEO)",2019,1.298
FRA,France,FRA.PCPIPCH.pcent_change,"Inflation, avg consumer prices (IMF WEO)",2020,0.527
FRA,France,FRA.PCPIPCH.pcent_change,"Inflation, avg consumer prices (IMF WEO)",2021,2.066
FRA,France,FRA.PCPIPCH.pcent_change,"Inflation, avg consumer prices (IMF WEO)",2022,5.904
FRA,France,FRA.PCPIPCH.pcent_change,"Inflation, avg consumer prices (IMF WEO)",2023,5.663
FRA,France,FRA.PCPIPCH.pcent_change,"Inflation, avg consumer prices (IMF WEO)",2024,2.317
FRA,France,FRA.PCPIPCH.pcent_change,"Inflation, avg consumer prices (IMF WEO)",2025,1.299
FRA,France,FRA.PCPIPCH.pcent_change,"Inflation, avg consumer prices (IMF WEO)",2026,1.641
FRA,France,FRA.PCPIPCH.pcent_change,"Inflation, avg consumer prices (IMF WEO)",2027,1.866
FRA,France,FRA.PCPIPCH.pcent_change,"Inflation, avg consumer prices (IMF WEO)",2028,1.933
FRA,France,FRA.PCPIPCH.pcent_change,"Inflation, avg consumer prices (IMF WEO)",2029,1.893
FRA,France,FRA.PCPIPCH.pcent_change,"Inflation, avg consumer prices (IMF WEO)",2030,1.941
GBR,United Kingdom,GBR.PCPIPCH.pcent_change,"Inflation, avg consumer prices (IMF WEO)",2015,0.04
GBR,United Kingdom,GBR.PCPIPCH.pcent_change,"Inflation, avg consumer prices (IMF WEO)",2016,0.66
GBR,United Kingdom,GBR.PCPIPCH.pcent_change,"Inflation, avg consumer prices (IMF WEO)",2017,2.683
GBR,United Kingdom,GBR.PCPIPCH.pcent_change,"Inflation, avg consumer prices (IMF WEO)",2018,2.478
GBR,United Kingdom,GBR.PCPIPCH.pcent_change,"Inflation, avg consumer prices (IMF WEO)",2019,1.791
GBR,United Kingdom,GBR.PCPIPCH.pcent_change,"Inflation, avg consumer prices (IMF WEO)",2020,0.851
GBR,United Kingdom,GBR.PCPIPCH.pcent_change,"Inflation, avg consumer prices (IMF WEO)",2021,2.588
GBR,United Kingdom,GBR.PCPIPCH.pcent_change,"Inflation, avg consumer prices (IMF WEO)",2022,9.067
GBR,United Kingdom,GBR.PCPIPCH.pcent_change,"Inflation, avg consumer prices (IMF WEO)",2023,7.303
GBR,United Kingdom,GBR.PCPIPCH.pcent_change,"Inflation, avg consumer prices (IMF WEO)",2024,2.53
GBR,United Kingdom,GBR.PCPIPCH.pcent_change,"Inflation, avg consumer prices (IMF WEO)",2025,3.125
GBR,United Kingdom,GBR.PCPIPCH.pcent_change,"Inflation, avg consumer prices (IMF WEO)",2026,2.248
GBR,United Kingdom,GBR.PCPIPCH.pcent_change,"Inflation, avg consumer prices (IMF WEO)",2027,2.0
GBR,United Kingdom,GBR.PCPIPCH.pcent_change,"Inflation, avg consumer prices (IMF WEO)",2028,2.0
GBR,United Kingdom,GBR.PCPIPCH.pcent_change,"Inflation, avg consumer prices (IMF WEO)",2029,2.0
GBR,United Kingdom,GBR.PCPIPCH.pcent_change,"Inflation, avg consumer prices (IMF WEO)",2030,2.0
HKG,Hong Kong,HKG.PCPIPCH.pcent_change,"Inflation, avg consumer prices (IMF WEO)",2015,2.991
HKG,Hong Kong,HKG.PCPIPCH.pcent_change,"Inflation, avg consumer prices (IMF WEO)",2016,2.409
HKG,Hong Kong,HKG.PCPIPCH.pcent_change,"Inflation, avg consumer prices (IMF WEO)",2017,1.494
HKG,Hong Kong,HKG.PCPIPCH.pcent_change,"Inflation, avg consumer prices (IMF WEO)",2018,2.406
HKG,Hong Kong,HKG.PCPIPCH.pcent_change,"Inflation, avg consumer prices (IMF WEO)",2019,2.883
HKG,Hong Kong,HKG.PCPIPCH.pcent_change,"Inflation, avg consumer prices (IMF WEO)",2020,0.251
HKG,Hong Kong,HKG.PCPIPCH.pcent_change,"Inflation, avg consumer prices (IMF WEO)",2021,1.569
HKG,Hong Kong,HKG.PCPIPCH.pcent_change,"Inflation, avg consumer prices (IMF WEO)",2022,1.881
HKG,Hong Kong,HKG.PCPIPCH.pcent_change,"Inflation, avg consumer prices (IMF WEO)",2023,2.097
HKG,Hong Kong,HKG.PCPIPCH.pcent_change,"Inflation, avg consumer prices (IMF WEO)",2024,1.73
HKG,Hong Kong,HKG.PCPIPCH.pcent_change,"Inflation, avg consumer prices (IMF WEO)",2025,1.9
HKG,Hong Kong,HKG.PCPIPCH.pcent_change,"Inflation, avg consumer prices (IMF WEO)",2026,2.2
HKG,Hong Kong,HKG.PCPIPCH.pcent_change,"Inflation, avg consumer prices (IMF WEO)",2027,2.25
HKG,Hong Kong,HKG.PCPIPCH.pcent_change,"Inflation, avg consumer prices (IMF WEO)",2028,2.4
HKG,Hong Kong,HKG.PCPIPCH.pcent_change,"Inflation, avg consumer prices (IMF WEO)",2029,2.5
HKG,Hong Kong,HKG.PCPIPCH.pcent_change,"Inflation, avg consumer prices (IMF WEO)",2030,2.5
HUN,Hungary,HUN.PCPIPCH.pcent_change,"Inflation, avg consumer prices (IMF WEO)",2015,-0.066
HUN,Hungary,HUN.PCPIPCH.pcent_change,"Inflation, avg consumer prices (IMF WEO)",2016,0.397
HUN,Hungary,HUN.PCPIPCH.pcent_change,"Inflation, avg consumer prices (IMF WEO)",2017,2.354
HUN,Hungary,HUN.PCPIPCH.pcent_change,"Inflation, avg consumer prices (IMF WEO)",2018,2.839
HUN,Hungary,HUN.PCPIPCH.pcent_change,"Inflation, avg consumer prices (IMF WEO)",2019,3.373
HUN,Hungary,HUN.PCPIPCH.pcent_change,"Inflation, avg consumer prices (IMF WEO)",2020,3.305
HUN,Hungary,HUN.PCPIPCH.pcent_change,"Inflation, avg consumer prices (IMF WEO)",2021,5.105
HUN,Hungary,HUN.PCPIPCH.pcent_change,"Inflation, avg consumer prices (IMF WEO)",2022,14.62
HUN,Hungary,HUN.PCPIPCH.pcent_change,"Inflation, avg consumer prices (IMF WEO)",2023,17.14
HUN,Hungary,HUN.PCPIPCH.pcent_change,"Inflation, avg consumer prices (IMF WEO)",2024,3.707
HUN,Hungary,HUN.PCPIPCH.pcent_change,"Inflation, avg consumer prices (IMF WEO)",2025,4.92
HUN,Hungary,HUN.PCPIPCH.pcent_change,"Inflation, avg consumer prices (IMF WEO)",2026,3.551
HUN,Hungary,HUN.PCPIPCH.pcent_change,"Inflation, avg consumer prices (IMF WEO)",2027,3.172
HUN,Hungary,HUN.PCPIPCH.pcent_change,"Inflation, avg consumer prices (IMF WEO)",2028,3.027
HUN,Hungary,HUN.PCPIPCH.pcent_change,"Inflation, avg consumer prices (IMF WEO)",2029,3.003
HUN,Hungary,HUN.PCPIPCH.pcent_change,"Inflation, avg consumer prices (IMF WEO)",2030,3.01
IDN,Indonesia,IDN.PCPIPCH.pcent_change,"Inflation, avg consumer prices (IMF WEO)",2015,6.36
IDN,Indonesia,IDN.PCPIPCH.pcent_change,"Inflation, avg consumer prices (IMF WEO)",2016,3.53
IDN,Indonesia,IDN.PCPIPCH.pcent_change,"Inflation, avg consumer prices (IMF WEO)",2017,3.807
IDN,Indonesia,IDN.PCPIPCH.pcent_change,"Inflation, avg consumer prices (IMF WEO)",2018,3.291
IDN,Indonesia,IDN.PCPIPCH.pcent_change,"Inflation, avg consumer prices (IMF WEO)",2019,2.822
IDN,Indonesia,IDN.PCPIPCH.pcent_change,"Inflation, avg consumer prices (IMF WEO)",2020,2.031
IDN,Indonesia,IDN.PCPIPCH.pcent_change,"Inflation, avg consumer prices (IMF WEO)",2021,1.561
IDN,Indonesia,IDN.PCPIPCH.pcent_change,"Inflation, avg consumer prices (IMF WEO)",2022,4.139
IDN,Indonesia,IDN.PCPIPCH.pcent_change,"Inflation, avg consumer prices (IMF WEO)",2023,3.713
IDN,Indonesia,IDN.PCPIPCH.pcent_change,"Inflation, avg consumer prices (IMF WEO)",2024,2.3
IDN,Indonesia,IDN.PCPIPCH.pcent_change,"Inflation, avg consumer prices (IMF WEO)",2025,1.683
IDN,Indonesia,IDN.PCPIPCH.pcent_change,"Inflation, avg consumer prices (IMF WEO)",2026,2.512
IDN,Indonesia,IDN.PCPIPCH.pcent_change,"Inflation, avg consumer prices (IMF WEO)",2027,2.5
IDN,Indonesia,IDN.PCPIPCH.pcent_change,"Inflation, avg consumer prices (IMF WEO)",2028,2.519
IDN,Indonesia,IDN.PCPIPCH.pcent_change,"Inflation, avg consumer prices (IMF WEO)",2029,2.519
IDN,Indonesia,IDN.PCPIPCH.pcent_change,"Inflation, avg consumer prices (IMF WEO)",2030,2.519
IND,India,IND.PCPIPCH.pcent_change,"Inflation, avg consumer prices (IMF WEO)",2015,4.908
IND,India,IND.PCPIPCH.pcent_change,"Inflation, avg consumer prices (IMF WEO)",2016,4.525
IND,India,IND.PCPIPCH.pcent_change,"Inflation, avg consumer prices (IMF WEO)",2017,3.587
IND,India,IND.PCPIPCH.pcent_change,"Inflation, avg consumer prices (IMF WEO)",2018,3.414
IND,India,IND.PCPIPCH.pcent_change,"Inflation, avg consumer prices (IMF WEO)",2019,4.769
IND,India,IND.PCPIPCH.pcent_change,"Inflation, avg consumer prices (IMF WEO)",2020,6.165
IND,India,IND.PCPIPCH.pcent_change,"Inflation, avg consumer prices (IMF WEO)",2021,5.506
IND,India,IND.PCPIPCH.pcent_change,"Inflation, avg consumer prices (IMF WEO)",2022,6.653
IND,India,IND.PCPIPCH.pcent_change,"Inflation, avg consumer prices (IMF WEO)",2023,5.361
IND,India,IND.PCPIPCH.pcent_change,"Inflation, avg consumer prices (IMF WEO)",2024,4.668
IND,India,IND.PCPIPCH.pcent_change,"Inflation, avg consumer prices (IMF WEO)",2025,4.238
IND,India,IND.PCPIPCH.pcent_change,"Inflation, avg consumer prices (IMF WEO)",2026,4.092
IND,India,IND.PCPIPCH.pcent_change,"Inflation, avg consumer prices (IMF WEO)",2027,4.0
IND,India,IND.PCPIPCH.pcent_change,"Inflation, avg consumer prices (IMF WEO)",2028,4.0
IND,India,IND.PCPIPCH.pcent_change,"Inflation, avg consumer prices (IMF WEO)",2029,4.0
IND,India,IND.PCPIPCH.pcent_change,"Inflation, avg consumer prices (IMF WEO)",2030,4.0
IRL,Ireland,IRL.PCPIPCH.pcent_change,"Inflation, avg consumer prices (IMF WEO)",2015,-0.05
IRL,Ireland,IRL.PCPIPCH.pcent_change,"Inflation, avg consumer prices (IMF WEO)",2016,-0.183
IRL,Ireland,IRL.PCPIPCH.pcent_change,"Inflation, avg consumer prices (IMF WEO)",2017,0.259
IRL,Ireland,IRL.PCPIPCH.pcent_change,"Inflation, avg consumer prices (IMF WEO)",2018,0.7
IRL,Ireland,IRL.PCPIPCH.pcent_change,"Inflation, avg consumer prices (IMF WEO)",2019,0.885
IRL,Ireland,IRL.PCPIPCH.pcent_change,"Inflation, avg consumer prices (IMF WEO)",2020,-0.459
IRL,Ireland,IRL.PCPIPCH.pcent_change,"Inflation, avg consumer prices (IMF WEO)",2021,2.413
IRL,Ireland,IRL.PCPIPCH.pcent_change,"Inflation, avg consumer prices (IMF WEO)",2022,8.074
IRL,Ireland,IRL.PCPIPCH.pcent_change,"Inflation, avg consumer prices (IMF WEO)",2023,5.201
IRL,Ireland,IRL.PCPIPCH.pcent_change,"Inflation, avg consumer prices (IMF WEO)",2024,1.323
IRL,Ireland,IRL.PCPIPCH.pcent_change,"Inflation, avg consumer prices (IMF WEO)",2025,1.908
IRL,Ireland,IRL.PCPIPCH.pcent_change,"Inflation, avg consumer prices (IMF WEO)",2026,1.662
IRL,Ireland,IRL.PCPIPCH.pcent_change,"Inflation, avg consumer prices (IMF WEO)",2027,1.758
IRL,Ireland,IRL.PCPIPCH.pcent_change,"Inflation, avg consumer prices (IMF WEO)",2028,1.936
IRL,Ireland,IRL.PCPIPCH.pcent_change,"Inflation, avg consumer prices (IMF WEO)",2029,2.03
IRL,Ireland,IRL.PCPIPCH.pcent_change,"Inflation, avg consumer prices (IMF WEO)",2030,2.03
ISL,Iceland,ISL.PCPIPCH.pcent_change,"Inflation, avg consumer prices (IMF WEO)",2015,1.631
ISL,Iceland,ISL.PCPIPCH.pcent_change,"Inflation, avg consumer prices (IMF WEO)",2016,1.693
ISL,Iceland,ISL.PCPIPCH.pcent_change,"Inflation, avg consumer prices (IMF WEO)",2017,1.768
ISL,Iceland,ISL.PCPIPCH.pcent_change,"Inflation, avg consumer prices (IMF WEO)",2018,2.677
ISL,Iceland,ISL.PCPIPCH.pcent_change,"Inflation, avg consumer prices (IMF WEO)",2019,3.006
ISL,Iceland,ISL.PCPIPCH.pcent_change,"Inflation, avg consumer prices (IMF WEO)",2020,2.848
ISL,Iceland,ISL.PCPIPCH.pcent_change,"Inflation, avg consumer prices (IMF WEO)",2021,4.458
ISL,Iceland,ISL.PCPIPCH.pcent_change,"Inflation, avg consumer prices (IMF WEO)",2022,8.307
ISL,Iceland,ISL.PCPIPCH.pcent_change,"Inflation, avg consumer prices (IMF WEO)",2023,8.74
ISL,Iceland,ISL.PCPIPCH.pcent_change,"Inflation, avg consumer prices (IMF WEO)",2024,5.859
ISL,Iceland,ISL.PCPIPCH.pcent_change,"Inflation, avg consumer prices (IMF WEO)",2025,3.489
ISL,Iceland,ISL.PCPIPCH.pcent_change,"Inflation, avg consumer prices (IMF WEO)",2026,2.654
ISL,Iceland,ISL.PCPIPCH.pcent_change,"Inflation, avg consumer prices (IMF WEO)",2027,2.5
ISL,Iceland,ISL.PCPIPCH.pcent_change,"Inflation, avg consumer prices (IMF WEO)",2028,2.5
ISL,Iceland,ISL.PCPIPCH.pcent_change,"Inflation, avg consumer prices (IMF WEO)",2029,2.5
ISL,Iceland,ISL.PCPIPCH.pcent_change,"Inflation, avg consumer prices (IMF WEO)",2030,2.5
ISR,Israel,ISR.PCPIPCH.pcent_change,"Inflation, avg consumer prices (IMF WEO)",2015,-0.632
ISR,Israel,ISR.PCPIPCH.pcent_change,"Inflation, avg consumer prices (IMF WEO)",2016,-0.545
ISR,Israel,ISR.PCPIPCH.pcent_change,"Inflation, avg consumer prices (IMF WEO)",2017,0.242
ISR,Israel,ISR.PCPIPCH.pcent_change,"Inflation, avg consumer prices (IMF WEO)",2018,0.807
ISR,Israel,ISR.PCPIPCH.pcent_change,"Inflation, avg consumer prices (IMF WEO)",2019,0.842
ISR,Israel,ISR.PCPIPCH.pcent_change,"Inflation, avg consumer prices (IMF WEO)",2020,-0.587
ISR,Israel,ISR.PCPIPCH.pcent_change,"Inflation, avg consumer prices (IMF WEO)",2021,1.492
ISR,Israel,ISR.PCPIPCH.pcent_change,"Inflation, avg consumer prices (IMF WEO)",2022,4.395
ISR,Israel,ISR.PCPIPCH.pcent_change,"Inflation, avg consumer prices (IMF WEO)",2023,4.208
ISR,Israel,ISR.PCPIPCH.pcent_change,"Inflation, avg consumer prices (IMF WEO)",2024,3.071
ISR,Israel,ISR.PCPIPCH.pcent_change,"Inflation, avg consumer prices (IMF WEO)",2025,2.693
ISR,Israel,ISR.PCPIPCH.pcent_change,"Inflation, avg consumer prices (IMF WEO)",2026,1.982
ISR,Israel,ISR.PCPIPCH.pcent_change,"Inflation, avg consumer prices (IMF WEO)",2027,2.075
ISR,Israel,ISR.PCPIPCH.pcent_change,"Inflation, avg consumer prices (IMF WEO)",2028,2.096
ISR,Israel,ISR.PCPIPCH.pcent_change,"Inflation, avg consumer prices (IMF WEO)",2029,2.044
ISR,Israel,ISR.PCPIPCH.pcent_change,"Inflation, avg consumer prices (IMF WEO)",2030,2.045
ITA,Italy,ITA.PCPIPCH.pcent_change,"Inflation, avg consumer prices (IMF WEO)",2015,0.108
ITA,Italy,ITA.PCPIPCH.pcent_change,"Inflation, avg consumer prices (IMF WEO)",2016,-0.05
ITA,Italy,ITA.PCPIPCH.pcent_change,"Inflation, avg consumer prices (IMF WEO)",2017,1.326
ITA,Italy,ITA.PCPIPCH.pcent_change,"Inflation, avg consumer prices (IMF WEO)",2018,1.243
ITA,Italy,ITA.PCPIPCH.pcent_change,"Inflation, avg consumer prices (IMF WEO)",2019,0.634
ITA,Italy,ITA.PCPIPCH.pcent_change,"Inflation, avg consumer prices (IMF WEO)",2020,-0.145
ITA,Italy,ITA.PCPIPCH.pcent_change,"Inflation, avg consumer prices (IMF WEO)",2021,1.941
ITA,Italy,ITA.PCPIPCH.pcent_change,"Inflation, avg consumer prices (IMF WEO)",2022,8.736
ITA,Italy,ITA.PCPIPCH.pcent_change,"Inflation, avg consumer prices (IMF WEO)",2023,5.903
ITA,Italy,ITA.PCPIPCH.pcent_change,"Inflation, avg consumer prices (IMF WEO)",2024,1.089
ITA,Italy,ITA.PCPIPCH.pcent_change,"Inflation, avg consumer prices (IMF WEO)",2025,1.707
ITA,Italy,ITA.PCPIPCH.pcent_change,"Inflation, avg consumer prices (IMF WEO)",2026,1.959
ITA,Italy,ITA.PCPIPCH.pcent_change,"Inflation, avg consumer prices (IMF WEO)",2027,2.0
ITA,Italy,ITA.PCPIPCH.pcent_change,"Inflation, avg consumer prices (IMF WEO)",2028,2.0
ITA,Italy,ITA.PCPIPCH.pcent_change,"Inflation, avg consumer prices (IMF WEO)",2029,2.0
ITA,Italy,ITA.PCPIPCH.pcent_change,"Inflation, avg consumer prices (IMF WEO)",2030,2.0
KAZ,Kazakhstan,KAZ.PCPIPCH.pcent_change,"Inflation, avg consumer prices (IMF WEO)",2015,6.75
KAZ,Kazakhstan,KAZ.PCPIPCH.pcent_change,"Inflation, avg consumer prices (IMF WEO)",2016,14.565
KAZ,Kazakhstan,KAZ.PCPIPCH.pcent_change,"Inflation, avg consumer prices (IMF WEO)",2017,7.458
KAZ,Kazakhstan,KAZ.PCPIPCH.pcent_change,"Inflation, avg consumer prices (IMF WEO)",2018,6.008
KAZ,Kazakhstan,KAZ.PCPIPCH.pcent_change,"Inflation, avg consumer prices (IMF WEO)",2019,5.28
KAZ,Kazakhstan,KAZ.PCPIPCH.pcent_change,"Inflation, avg consumer prices (IMF WEO)",2020,6.761
KAZ,Kazakhstan,KAZ.PCPIPCH.pcent_change,"Inflation, avg consumer prices (IMF WEO)",2021,8.002
KAZ,Kazakhstan,KAZ.PCPIPCH.pcent_change,"Inflation, avg consumer prices (IMF WEO)",2022,14.986
KAZ,Kazakhstan,KAZ.PCPIPCH.pcent_change,"Inflation, avg consumer prices (IMF WEO)",2023,14.522
KAZ,Kazakhstan,KAZ.PCPIPCH.pcent_change,"Inflation, avg consumer prices (IMF WEO)",2024,8.676
KAZ,Kazakhstan,KAZ.PCPIPCH.pcent_change,"Inflation, avg consumer prices (IMF WEO)",2025,9.922
KAZ,Kazakhstan,KAZ.PCPIPCH.pcent_change,"Inflation, avg consumer prices (IMF WEO)",2026,9.378
KAZ,Kazakhstan,KAZ.PCPIPCH.pcent_change,"Inflation, avg consumer prices (IMF WEO)",2027,9.207
KAZ,Kazakhstan,KAZ.PCPIPCH.pcent_change,"Inflation, avg consumer prices (IMF WEO)",2028,7.444
KAZ,Kazakhstan,KAZ.PCPIPCH.pcent_change,"Inflation, avg consumer prices (IMF WEO)",2029,5.71
KAZ,Kazakhstan,KAZ.PCPIPCH.pcent_change,"Inflation, avg consumer prices (IMF WEO)",2030,5.0
KEN,Kenya,KEN.PCPIPCH.pcent_change,"Inflation, avg consumer prices (IMF WEO)",2015,6.582
KEN,Kenya,KEN.PCPIPCH.pcent_change,"Inflation, avg consumer prices (IMF WEO)",2016,6.318
KEN,Kenya,KEN.PCPIPCH.pcent_change,"Inflation, avg consumer prices (IMF WEO)",2017,7.985
KEN,Kenya,KEN.PCPIPCH.pcent_change,"Inflation, avg consumer prices (IMF WEO)",2018,4.69
KEN,Kenya,KEN.PCPIPCH.pcent_change,"Inflation, avg consumer prices (IMF WEO)",2019,5.24
KEN,Kenya,KEN.PCPIPCH.pcent_change,"Inflation, avg consumer prices (IMF WEO)",2020,5.29
KEN,Kenya,KEN.PCPIPCH.pcent_change,"Inflation, avg consumer prices (IMF WEO)",2021,6.109
KEN,Kenya,KEN.PCPIPCH.pcent_change,"Inflation, avg consumer prices (IMF WEO)",2022,7.648
KEN,Kenya,KEN.PCPIPCH.pcent_change,"Inflation, avg consumer prices (IMF WEO)",2023,7.675
KEN,Kenya,KEN.PCPIPCH.pcent_change,"Inflation, avg consumer prices (IMF WEO)",2024,4.496
KEN,Kenya,KEN.PCPIPCH.pcent_change,"Inflation, avg consumer prices (IMF WEO)",2025,4.063
KEN,Kenya,KEN.PCPIPCH.pcent_change,"Inflation, avg consumer prices (IMF WEO)",2026,4.868
KEN,Kenya,KEN.PCPIPCH.pcent_change,"Inflation, avg consumer prices (IMF WEO)",2027,4.887
KEN,Kenya,KEN.PCPIPCH.pcent_change,"Inflation, avg consumer prices (IMF WEO)",2028,5.0
KEN,Kenya,KEN.PCPIPCH.pcent_change,"Inflation, avg consumer prices (IMF WEO)",2029,5.0
KEN,Kenya,KEN.PCPIPCH.pcent_change,"Inflation, avg consumer prices (IMF WEO)",2030,5.0
KWT,Kuwait,KWT.PCPIPCH.pcent_change,"Inflation, avg consumer prices (IMF WEO)",2015,3.276
KWT,Kuwait,KWT.PCPIPCH.pcent_change,"Inflation, avg consumer prices (IMF WEO)",2016,2.947
KWT,Kuwait,KWT.PCPIPCH.pcent_change,"Inflation, avg consumer prices (IMF WEO)",2017,1.56
KWT,Kuwait,KWT.PCPIPCH.pcent_change,"Inflation, avg consumer prices (IMF WEO)",2018,0.556
KWT,Kuwait,KWT.PCPIPCH.pcent_change,"Inflation, avg consumer prices (IMF WEO)",2019,1.092
KWT,Kuwait,KWT.PCPIPCH.pcent_change,"Inflation, avg consumer prices (IMF WEO)",2020,2.102
KWT,Kuwait,KWT.PCPIPCH.pcent_change,"Inflation, avg consumer prices (IMF WEO)",2021,3.424
KWT,Kuwait,KWT.PCPIPCH.pcent_change,"Inflation, avg consumer prices (IMF WEO)",2022,3.981
KWT,Kuwait,KWT.PCPIPCH.pcent_change,"Inflation, avg consumer prices (IMF WEO)",2023,3.642
KWT,Kuwait,KWT.PCPIPCH.pcent_change,"Inflation, avg consumer prices (IMF WEO)",2024,2.899
KWT,Kuwait,KWT.PCPIPCH.pcent_change,"Inflation, avg consumer prices (IMF WEO)",2025,2.471
KWT,Kuwait,KWT.PCPIPCH.pcent_change,"Inflation, avg consumer prices (IMF WEO)",2026,2.165
KWT,Kuwait,KWT.PCPIPCH.pcent_change,"Inflation, avg consumer prices (IMF WEO)",2027,2.023
KWT,Kuwait,KWT.PCPIPCH.pcent_change,"Inflation, avg consumer prices (IMF WEO)",2028,1.872
KWT,Kuwait,KWT.PCPIPCH.pcent_change,"Inflation, avg consumer prices (IMF WEO)",2029,1.762
KWT,Kuwait,KWT.PCPIPCH.pcent_change,"Inflation, avg consumer prices (IMF WEO)",2030,1.687
LTU,Lithuania,LTU.PCPIPCH.pcent_change,"Inflation, avg consumer prices (IMF WEO)",2015,-0.677
LTU,Lithuania,LTU.PCPIPCH.pcent_change,"Inflation, avg consumer prices (IMF WEO)",2016,0.678
LTU,Lithuania,LTU.PCPIPCH.pcent_change,"Inflation, avg consumer prices (IMF WEO)",2017,3.718
LTU,Lithuania,LTU.PCPIPCH.pcent_change,"Inflation, avg consumer prices (IMF WEO)",2018,2.531
LTU,Lithuania,LTU.PCPIPCH.pcent_change,"Inflation, avg consumer prices (IMF WEO)",2019,2.242
LTU,Lithuania,LTU.PCPIPCH.pcent_change,"Inflation, avg consumer prices (IMF WEO)",2020,1.062
LTU,Lithuania,LTU.PCPIPCH.pcent_change,"Inflation, avg consumer prices (IMF WEO)",2021,4.625
LTU,Lithuania,LTU.PCPIPCH.pcent_change,"Inflation, avg consumer prices (IMF WEO)",2022,18.858
LTU,Lithuania,LTU.PCPIPCH.pcent_change,"Inflation, avg consumer prices (IMF WEO)",2023,8.685
LTU,Lithuania,LTU.PCPIPCH.pcent_change,"Inflation, avg consumer prices (IMF WEO)",2024,0.852
LTU,Lithuania,LTU.PCPIPCH.pcent_change,"Inflation, avg consumer prices (IMF WEO)",2025,3.462
LTU,Lithuania,LTU.PCPIPCH.pcent_change,"Inflation, avg consumer prices (IMF WEO)",2026,2.774
LTU,Lithuania,LTU.PCPIPCH.pcent_change,"Inflation, avg consumer prices (IMF WEO)",2027,2.569
LTU,Lithuania,LTU.PCPIPCH.pcent_change,"Inflation, avg consumer prices (IMF WEO)",2028,2.529
LTU,Lithuania,LTU.PCPIPCH.pcent_change,"Inflation, avg consumer prices (IMF WEO)",2029,2.495
LTU,Lithuania,LTU.PCPIPCH.pcent_change,"Inflation, avg consumer prices (IMF WEO)",2030,2.495
LVA,Latvia,LVA.PCPIPCH.pcent_change,"Inflation, avg consumer prices (IMF WEO)",2015,0.213
LVA,Latvia,LVA.PCPIPCH.pcent_change,"Inflation, avg consumer prices (IMF WEO)",2016,0.099
LVA,Latvia,LVA.PCPIPCH.pcent_change,"Inflation, avg consumer prices (IMF WEO)",2017,2.894
LVA,Latvia,LVA.PCPIPCH.pcent_change,"Inflation, avg consumer prices (IMF WEO)",2018,2.554
LVA,Latvia,LVA.PCPIPCH.pcent_change,"Inflation, avg consumer prices (IMF WEO)",2019,2.747
LVA,Latvia,LVA.PCPIPCH.pcent_change,"Inflation, avg consumer prices (IMF WEO)",2020,0.081
LVA,Latvia,LVA.PCPIPCH.pcent_change,"Inflation, avg consumer prices (IMF WEO)",2021,3.239
LVA,Latvia,LVA.PCPIPCH.pcent_change,"Inflation, avg consumer prices (IMF WEO)",2022,17.245
LVA,Latvia,LVA.PCPIPCH.pcent_change,"Inflation, avg consumer prices (IMF WEO)",2023,9.058
LVA,Latvia,LVA.PCPIPCH.pcent_change,"Inflation, avg consumer prices (IMF WEO)",2024,1.349
LVA,Latvia,LVA.PCPIPCH.pcent_change,"Inflation, avg consumer prices (IMF WEO)",2025,2.36
LVA,Latvia,LVA.PCPIPCH.pcent_change,"Inflation, avg consumer prices (IMF WEO)",2026,2.417
LVA,Latvia,LVA.PCPIPCH.pcent_change,"Inflation, avg consumer prices (IMF WEO)",2027,2.558
LVA,Latvia,LVA.PCPIPCH.pcent_change,"Inflation, avg consumer prices (IMF WEO)",2028,2.18
LVA,Latvia,LVA.PCPIPCH.pcent_change,"Inflation, avg consumer prices (IMF WEO)",2029,2.222
LVA,Latvia,LVA.PCPIPCH.pcent_change,"Inflation, avg consumer prices (IMF WEO)",2030,2.215
MAC,Macao,MAC.PCPIPCH.pcent_change,"Inflation, avg consumer prices (IMF WEO)",2015,4.56
MAC,Macao,MAC.PCPIPCH.pcent_change,"Inflation, avg consumer prices (IMF WEO)",2016,2.369
MAC,Macao,MAC.PCPIPCH.pcent_change,"Inflation, avg consumer prices (IMF WEO)",2017,1.227
MAC,Macao,MAC.PCPIPCH.pcent_change,"Inflation, avg consumer prices (IMF WEO)",2018,3.006
MAC,Macao,MAC.PCPIPCH.pcent_change,"Inflation, avg consumer prices (IMF WEO)",2019,2.752
MAC,Macao,MAC.PCPIPCH.pcent_change,"Inflation, avg consumer prices (IMF WEO)",2020,0.811
MAC,Macao,MAC.PCPIPCH.pcent_change,"Inflation, avg consumer prices (IMF WEO)",2021,0.028
MAC,Macao,MAC.PCPIPCH.pcent_change,"Inflation, avg consumer prices (IMF WEO)",2022,1.044
MAC,Macao,MAC.PCPIPCH.pcent_change,"Inflation, avg consumer prices (IMF WEO)",2023,0.939
MAC,Macao,MAC.PCPIPCH.pcent_change,"Inflation, avg consumer prices (IMF WEO)",2024,0.738
MAC,Macao,MAC.PCPIPCH.pcent_change,"Inflation, avg consumer prices (IMF WEO)",2025,0.864
MAC,Macao,MAC.PCPIPCH.pcent_change,"Inflation, avg consumer prices (IMF WEO)",2026,1.34
MAC,Macao,MAC.PCPIPCH.pcent_change,"Inflation, avg consumer prices (IMF WEO)",2027,1.849
MAC,Macao,MAC.PCPIPCH.pcent_change,"Inflation, avg consumer prices (IMF WEO)",2028,2.085
MAC,Macao,MAC.PCPIPCH.pcent_change,"Inflation, avg consumer prices (IMF WEO)",2029,2.127
MAC,Macao,MAC.PCPIPCH.pcent_change,"Inflation, avg consumer prices (IMF WEO)",2030,2.185
MAR,Morocco,MAR.PCPIPCH.pcent_change,"Inflation, avg consumer prices (IMF WEO)",2015,1.559
MAR,Morocco,MAR.PCPIPCH.pcent_change,"Inflation, avg consumer prices (IMF WEO)",2016,1.535
MAR,Morocco,MAR.PCPIPCH.pcent_change,"Inflation, avg consumer prices (IMF WEO)",2017,0.806
MAR,Morocco,MAR.PCPIPCH.pcent_change,"Inflation, avg consumer prices (IMF WEO)",2018,1.6
MAR,Morocco,MAR.PCPIPCH.pcent_change,"Inflation, avg consumer prices (IMF WEO)",2019,0.197
MAR,Morocco,MAR.PCPIPCH.pcent_change,"Inflation, avg consumer prices (IMF WEO)",2020,0.688
MAR,Morocco,MAR.PCPIPCH.pcent_change,"Inflation, avg consumer prices (IMF WEO)",2021,1.366
MAR,Morocco,MAR.PCPIPCH.pcent_change,"Inflation, avg consumer prices (IMF WEO)",2022,6.641
MAR,Morocco,MAR.PCPIPCH.pcent_change,"Inflation, avg consumer prices (IMF WEO)",2023,6.137
MAR,Morocco,MAR.PCPIPCH.pcent_change,"Inflation, avg consumer prices (IMF WEO)",2024,0.935
MAR,Morocco,MAR.PCPIPCH.pcent_change,"Inflation, avg consumer prices (IMF WEO)",2025,2.152
MAR,Morocco,MAR.PCPIPCH.pcent_change,"Inflation, avg consumer prices (IMF WEO)",2026,2.252
MAR,Morocco,MAR.PCPIPCH.pcent_change,"Inflation, avg consumer prices (IMF WEO)",2027,2.194
MAR,Morocco,MAR.PCPIPCH.pcent_change,"Inflation, avg consumer prices (IMF WEO)",2028,2.11
MAR,Morocco,MAR.PCPIPCH.pcent_change,"Inflation, avg consumer prices (IMF WEO)",2029,2.034
MAR,Morocco,MAR.PCPIPCH.pcent_change,"Inflation, avg consumer prices (IMF WEO)",2030,2.007
MEX,Mexico,MEX.PCPIPCH.pcent_change,"Inflation, avg consumer prices (IMF WEO)",2015,2.719
MEX,Mexico,MEX.PCPIPCH.pcent_change,"Inflation, avg consumer prices (IMF WEO)",2016,2.82
MEX,Mexico,MEX.PCPIPCH.pcent_change,"Inflation, avg consumer prices (IMF WEO)",2017,6.042
MEX,Mexico,MEX.PCPIPCH.pcent_change,"Inflation, avg consumer prices (IMF WEO)",2018,4.898
MEX,Mexico,MEX.PCPIPCH.pcent_change,"Inflation, avg consumer prices (IMF WEO)",2019,3.635
MEX,Mexico,MEX.PCPIPCH.pcent_change,"Inflation, avg consumer prices (IMF WEO)",2020,3.398
MEX,Mexico,MEX.PCPIPCH.pcent_change,"Inflation, avg consumer prices (IMF WEO)",2021,5.693
MEX,Mexico,MEX.PCPIPCH.pcent_change,"Inflation, avg consumer prices (IMF WEO)",2022,7.897
MEX,Mexico,MEX.PCPIPCH.pcent_change,"Inflation, avg consumer prices (IMF WEO)",2023,5.526
MEX,Mexico,MEX.PCPIPCH.pcent_change,"Inflation, avg consumer prices (IMF WEO)",2024,4.723
MEX,Mexico,MEX.PCPIPCH.pcent_change,"Inflation, avg consumer prices (IMF WEO)",2025,3.538
MEX,Mexico,MEX.PCPIPCH.pcent_change,"Inflation, avg consumer prices (IMF WEO)",2026,3.174
MEX,Mexico,MEX.PCPIPCH.pcent_change,"Inflation, avg consumer prices (IMF WEO)",2027,3.012
MEX,Mexico,MEX.PCPIPCH.pcent_change,"Inflation, avg consumer prices (IMF WEO)",2028,3.0
MEX,Mexico,MEX.PCPIPCH.pcent_change,"Inflation, avg consumer prices (IMF WEO)",2029,3.0
MEX,Mexico,MEX.PCPIPCH.pcent_change,"Inflation, avg consumer prices (IMF WEO)",2030,3.0
MKD,North Macedonia,MKD.PCPIPCH.pcent_change,"Inflation, avg consumer prices (IMF WEO)",2015,-0.3
MKD,North Macedonia,MKD.PCPIPCH.pcent_change,"Inflation, avg consumer prices (IMF WEO)",2016,-0.239
MKD,North Macedonia,MKD.PCPIPCH.pcent_change,"Inflation, avg consumer prices (IMF WEO)",2017,1.352
MKD,North Macedonia,MKD.PCPIPCH.pcent_change,"Inflation, avg consumer prices (IMF WEO)",2018,1.458
MKD,North Macedonia,MKD.PCPIPCH.pcent_change,"Inflation, avg consumer prices (IMF WEO)",2019,0.766
MKD,North Macedonia,MKD.PCPIPCH.pcent_change,"Inflation, avg consumer prices (IMF WEO)",2020,1.2
MKD,North Macedonia,MKD.PCPIPCH.pcent_change,"Inflation, avg consumer prices (IMF WEO)",2021,3.231
MKD,North Macedonia,MKD.PCPIPCH.pcent_change,"Inflation, avg consumer prices (IMF WEO)",2022,14.205
MKD,North Macedonia,MKD.PCPIPCH.pcent_change,"Inflation, avg consumer prices (IMF WEO)",2023,9.362
MKD,North Macedonia,MKD.PCPIPCH.pcent_change,"Inflation, avg consumer prices (IMF WEO)",2024,3.5
MKD,North Macedonia,MKD.PCPIPCH.pcent_change,"Inflation, avg consumer prices (IMF WEO)",2025,3.4
MKD,North Macedonia,MKD.PCPIPCH.pcent_change,"Inflation, avg consumer prices (IMF WEO)",2026,2.2
MKD,North Macedonia,MKD.PCPIPCH.pcent_change,"Inflation, avg consumer prices (IMF WEO)",2027,2.0
MKD,North Macedonia,MKD.PCPIPCH.pcent_change,"Inflation, avg consumer prices (IMF WEO)",2028,2.0
MKD,North Macedonia,MKD.PCPIPCH.pcent_change,"Inflation, avg consumer prices (IMF WEO)",2029,2.0
MKD,North Macedonia,MKD.PCPIPCH.pcent_change,"Inflation, avg consumer prices (IMF WEO)",2030,2.0
MNE,Montenegro,MNE.PCPIPCH.pcent_change,"Inflation, avg consumer prices (IMF WEO)",2015,1.549
MNE,Montenegro,MNE.PCPIPCH.pcent_change,"Inflation, avg consumer prices (IMF WEO)",2016,-0.272
MNE,Montenegro,MNE.PCPIPCH.pcent_change,"Inflation, avg consumer prices (IMF WEO)",2017,2.381
MNE,Montenegro,MNE.PCPIPCH.pcent_change,"Inflation, avg consumer prices (IMF WEO)",2018,2.609
MNE,Montenegro,MNE.PCPIPCH.pcent_change,"Inflation, avg consumer prices (IMF WEO)",2019,0.363
MNE,Montenegro,MNE.PCPIPCH.pcent_change,"Inflation, avg consumer prices (IMF WEO)",2020,-0.258
MNE,Montenegro,MNE.PCPIPCH.pcent_change,"Inflation, avg consumer prices (IMF WEO)",2021,2.415
MNE,Montenegro,MNE.PCPIPCH.pcent_change,"Inflation, avg consumer prices (IMF WEO)",2022,13.039
MNE,Montenegro,MNE.PCPIPCH.pcent_change,"Inflation, avg consumer prices (IMF WEO)",2023,8.585
MNE,Montenegro,MNE.PCPIPCH.pcent_change,"Inflation, avg consumer prices (IMF WEO)",2024,3.335
MNE,Montenegro,MNE.PCPIPCH.pcent_change,"Inflation, avg consumer prices (IMF WEO)",2025,3.332
MNE,Montenegro,MNE.PCPIPCH.pcent_change,"Inflation, avg consumer prices (IMF WEO)",2026,2.855
MNE,Montenegro,MNE.PCPIPCH.pcent_change,"Inflation, avg consumer prices (IMF WEO)",2027,1.991
MNE,Montenegro,MNE.PCPIPCH.pcent_change,"Inflation, avg consumer prices (IMF WEO)",2028,2.092
MNE,Montenegro,MNE.PCPIPCH.pcent_change,"Inflation, avg consumer prices (IMF WEO)",2029,2.015
MNE,Montenegro,MNE.PCPIPCH.pcent_change,"Inflation, avg consumer prices (IMF WEO)",2030,2.039
MYS,Malaysia,MYS.PCPIPCH.pcent_change,"Inflation, avg consumer prices (IMF WEO)",2015,2.104
MYS,Malaysia,MYS.PCPIPCH.pcent_change,"Inflation, avg consumer prices (IMF WEO)",2016,2.076
MYS,Malaysia,MYS.PCPIPCH.pcent_change,"Inflation, avg consumer prices (IMF WEO)",2017,3.799
MYS,Malaysia,MYS.PCPIPCH.pcent_change,"Inflation, avg consumer prices (IMF WEO)",2018,0.969
MYS,Malaysia,MYS.PCPIPCH.pcent_change,"Inflation, avg consumer prices (IMF WEO)",2019,0.663
MYS,Malaysia,MYS.PCPIPCH.pcent_change,"Inflation, avg consumer prices (IMF WEO)",2020,-1.139
MYS,Malaysia,MYS.PCPIPCH.pcent_change,"Inflation, avg consumer prices (IMF WEO)",2021,2.477
MYS,Malaysia,MYS.PCPIPCH.pcent_change,"Inflation, avg consumer prices (IMF WEO)",2022,3.379
MYS,Malaysia,MYS.PCPIPCH.pcent_change,"Inflation, avg consumer prices (IMF WEO)",2023,2.489
MYS,Malaysia,MYS.PCPIPCH.pcent_change,"Inflation, avg consumer prices (IMF WEO)",2024,1.834
MYS,Malaysia,MYS.PCPIPCH.pcent_change,"Inflation, avg consumer prices (IMF WEO)",2025,2.431
MYS,Malaysia,MYS.PCPIPCH.pcent_change,"Inflation, avg consumer prices (IMF WEO)",2026,2.223
MYS,Malaysia,MYS.PCPIPCH.pcent_change,"Inflation, avg consumer prices (IMF WEO)",2027,2.019
MYS,Malaysia,MYS.PCPIPCH.pcent_change,"Inflation, avg consumer prices (IMF WEO)",2028,2.02
MYS,Malaysia,MYS.PCPIPCH.pcent_change,"Inflation, avg consumer prices (IMF WEO)",2029,2.021
MYS,Malaysia,MYS.PCPIPCH.pcent_change,"Inflation, avg consumer prices (IMF WEO)",2030,2.022
NLD,Netherlands,NLD.PCPIPCH.pcent_change,"Inflation, avg consumer prices (IMF WEO)",2015,0.218
NLD,Netherlands,NLD.PCPIPCH.pcent_change,"Inflation, avg consumer prices (IMF WEO)",2016,0.113
NLD,Netherlands,NLD.PCPIPCH.pcent_change,"Inflation, avg consumer prices (IMF WEO)",2017,1.294
NLD,Netherlands,NLD.PCPIPCH.pcent_change,"Inflation, avg consumer prices (IMF WEO)",2018,1.598
NLD,Netherlands,NLD.PCPIPCH.pcent_change,"Inflation, avg consumer prices (IMF WEO)",2019,2.672
NLD,Netherlands,NLD.PCPIPCH.pcent_change,"Inflation, avg consumer prices (IMF WEO)",2020,1.106
NLD,Netherlands,NLD.PCPIPCH.pcent_change,"Inflation, avg consumer prices (IMF WEO)",2021,2.827
NLD,Netherlands,NLD.PCPIPCH.pcent_change,"Inflation, avg consumer prices (IMF WEO)",2022,11.622
NLD,Netherlands,NLD.PCPIPCH.pcent_change,"Inflation, avg consumer prices (IMF WEO)",2023,4.118
NLD,Netherlands,NLD.PCPIPCH.pcent_change,"Inflation, avg consumer prices (IMF WEO)",2024,3.223
NLD,Netherlands,NLD.PCPIPCH.pcent_change,"Inflation, avg consumer prices (IMF WEO)",2025,2.762
NLD,Netherlands,NLD.PCPIPCH.pcent_change,"Inflation, avg consumer prices (IMF WEO)",2026,2.344
NLD,Netherlands,NLD.PCPIPCH.pcent_change,"Inflation, avg consumer prices (IMF WEO)",2027,1.97
NLD,Netherlands,NLD.PCPIPCH.pcent_change,"Inflation, avg consumer prices (IMF WEO)",2028,2.0
NLD,Netherlands,NLD.PCPIPCH.pcent_change,"Inflation, avg consumer prices (IMF WEO)",2029,2.0
NLD,Netherlands,NLD.PCPIPCH.pcent_change,"Inflation, avg consumer prices (IMF WEO)",2030,2.0
NOR,Norway,NOR.PCPIPCH.pcent_change,"Inflation, avg consumer prices (IMF WEO)",2015,2.171
NOR,Norway,NOR.PCPIPCH.pcent_change,"Inflation, avg consumer prices (IMF WEO)",2016,3.55
NOR,Norway,NOR.PCPIPCH.pcent_change,"Inflation, avg consumer prices (IMF WEO)",2017,1.875
NOR,Norway,NOR.PCPIPCH.pcent_change,"Inflation, avg consumer prices (IMF WEO)",2018,2.765
NOR,Norway,NOR.PCPIPCH.pcent_change,"Inflation, avg consumer prices (IMF WEO)",2019,2.168
NOR,Norway,NOR.PCPIPCH.pcent_change,"Inflation, avg consumer prices (IMF WEO)",2020,1.287
NOR,Norway,NOR.PCPIPCH.pcent_change,"Inflation, avg consumer prices (IMF WEO)",2021,3.484
NOR,Norway,NOR.PCPIPCH.pcent_change,"Inflation, avg consumer prices (IMF WEO)",2022,5.764
NOR,Norway,NOR.PCPIPCH.pcent_change,"Inflation, avg consumer prices (IMF WEO)",2023,5.518
NOR,Norway,NOR.PCPIPCH.pcent_change,"Inflation, avg consumer prices (IMF WEO)",2024,3.145
NOR,Norway,NOR.PCPIPCH.pcent_change,"Inflation, avg consumer prices (IMF WEO)",2025,2.599
NOR,Norway,NOR.PCPIPCH.pcent_change,"Inflation, avg consumer prices (IMF WEO)",2026,2.2
NOR,Norway,NOR.PCPIPCH.pcent_change,"Inflation, avg consumer prices (IMF WEO)",2027,2.0
NOR,Norway,NOR.PCPIPCH.pcent_change,"Inflation, avg consumer prices (IMF WEO)",2028,2.0
NOR,Norway,NOR.PCPIPCH.pcent_change,"Inflation, avg consumer prices (IMF WEO)",2029,2.0
NOR,Norway,NOR.PCPIPCH.pcent_change,"Inflation, avg consumer prices (IMF WEO)",2030,2.0
NZL,New Zealand,NZL.PCPIPCH.pcent_change,"Inflation, avg consumer prices (IMF WEO)",2015,0.293
NZL,New Zealand,NZL.PCPIPCH.pcent_change,"Inflation, avg consumer prices (IMF WEO)",2016,0.646
NZL,New Zealand,NZL.PCPIPCH.pcent_change,"Inflation, avg consumer prices (IMF WEO)",2017,1.851
NZL,New Zealand,NZL.PCPIPCH.pcent_change,"Inflation, avg consumer prices (IMF WEO)",2018,1.598
NZL,New Zealand,NZL.PCPIPCH.pcent_change,"Inflation, avg consumer prices (IMF WEO)",2019,1.62
NZL,New Zealand,NZL.PCPIPCH.pcent_change,"Inflation, avg consumer prices (IMF WEO)",2020,1.715
NZL,New Zealand,NZL.PCPIPCH.pcent_change,"Inflation, avg consumer prices (IMF WEO)",2021,3.941
NZL,New Zealand,NZL.PCPIPCH.pcent_change,"Inflation, avg consumer prices (IMF WEO)",2022,7.172
NZL,New Zealand,NZL.PCPIPCH.pcent_change,"Inflation, avg consumer prices (IMF WEO)",2023,5.733
NZL,New Zealand,NZL.PCPIPCH.pcent_change,"Inflation, avg consumer prices (IMF WEO)",2024,2.923
NZL,New Zealand,NZL.PCPIPCH.pcent_change,"Inflation, avg consumer prices (IMF WEO)",2025,2.013
NZL,New Zealand,NZL.PCPIPCH.pcent_change,"Inflation, avg consumer prices (IMF WEO)",2026,1.99
NZL,New Zealand,NZL.PCPIPCH.pcent_change,"Inflation, avg consumer prices (IMF WEO)",2027,2.015
NZL,New Zealand,NZL.PCPIPCH.pcent_change,"Inflation, avg consumer prices (IMF WEO)",2028,2.015
NZL,New Zealand,NZL.PCPIPCH.pcent_change,"Inflation, avg consumer prices (IMF WEO)",2029,2.015
NZL,New Zealand,NZL.PCPIPCH.pcent_change,"Inflation, avg consumer prices (IMF WEO)",2030,2.015
OMN,Oman,OMN.PCPIPCH.pcent_change,"Inflation, avg consumer prices (IMF WEO)",2015,0.142
OMN,Oman,OMN.PCPIPCH.pcent_change,"Inflation, avg consumer prices (IMF WEO)",2016,0.888
OMN,Oman,OMN.PCPIPCH.pcent_change,"Inflation, avg consumer prices (IMF WEO)",2017,1.458
OMN,Oman,OMN.PCPIPCH.pcent_change,"Inflation, avg consumer prices (IMF WEO)",2018,0.704
OMN,Oman,OMN.PCPIPCH.pcent_change,"Inflation, avg consumer prices (IMF WEO)",2019,0.472
OMN,Oman,OMN.PCPIPCH.pcent_change,"Inflation, avg consumer prices (IMF WEO)",2020,-0.395
OMN,Oman,OMN.PCPIPCH.pcent_change,"Inflation, avg consumer prices (IMF WEO)",2021,1.664
OMN,Oman,OMN.PCPIPCH.pcent_change,"Inflation, avg consumer prices (IMF WEO)",2022,2.512
OMN,Oman,OMN.PCPIPCH.pcent_change,"Inflation, avg consumer prices (IMF WEO)",2023,0.952
OMN,Oman,OMN.PCPIPCH.pcent_change,"Inflation, avg consumer prices (IMF WEO)",2024,0.591
OMN,Oman,OMN.PCPIPCH.pcent_change,"Inflation, avg consumer prices (IMF WEO)",2025,1.5
OMN,Oman,OMN.PCPIPCH.pcent_change,"Inflation, avg consumer prices (IMF WEO)",2026,2.0
OMN,Oman,OMN.PCPIPCH.pcent_change,"Inflation, avg consumer prices (IMF WEO)",2027,2.0
OMN,Oman,OMN.PCPIPCH.pcent_change,"Inflation, avg consumer prices (IMF WEO)",2028,2.0
OMN,Oman,OMN.PCPIPCH.pcent_change,"Inflation, avg consumer prices (IMF WEO)",2029,2.0
OMN,Oman,OMN.PCPIPCH.pcent_change,"Inflation, avg consumer prices (IMF WEO)",2030,2.0
PHL,Philippines,PHL.PCPIPCH.pcent_change,"Inflation, avg consumer prices (IMF WEO)",2015,0.69
PHL,Philippines,PHL.PCPIPCH.pcent_change,"Inflation, avg consumer prices (IMF WEO)",2016,1.234
PHL,Philippines,PHL.PCPIPCH.pcent_change,"Inflation, avg consumer prices (IMF WEO)",2017,2.853
PHL,Philippines,PHL.PCPIPCH.pcent_change,"Inflation, avg consumer prices (IMF WEO)",2018,5.31
PHL,Philippines,PHL.PCPIPCH.pcent_change,"Inflation, avg consumer prices (IMF WEO)",2019,2.392
PHL,Philippines,PHL.PCPIPCH.pcent_change,"Inflation, avg consumer prices (IMF WEO)",2020,2.393
PHL,Philippines,PHL.PCPIPCH.pcent_change,"Inflation, avg consumer prices (IMF WEO)",2021,3.927
PHL,Philippines,PHL.PCPIPCH.pcent_change,"Inflation, avg consumer prices (IMF WEO)",2022,5.821
PHL,Philippines,PHL.PCPIPCH.pcent_change,"Inflation, avg consumer prices (IMF WEO)",2023,5.978
PHL,Philippines,PHL.PCPIPCH.pcent_change,"Inflation, avg consumer prices (IMF WEO)",2024,3.213
PHL,Philippines,PHL.PCPIPCH.pcent_change,"Inflation, avg consumer prices (IMF WEO)",2025,2.609
PHL,Philippines,PHL.PCPIPCH.pcent_change,"Inflation, avg consumer prices (IMF WEO)",2026,2.876
PHL,Philippines,PHL.PCPIPCH.pcent_change,"Inflation, avg consumer prices (IMF WEO)",2027,3.0
PHL,Philippines,PHL.PCPIPCH.pcent_change,"Inflation, avg consumer prices (IMF WEO)",2028,3.0
PHL,Philippines,PHL.PCPIPCH.pcent_change,"Inflation, avg consumer prices (IMF WEO)",2029,3.0
PHL,Philippines,PHL.PCPIPCH.pcent_change,"Inflation, avg consumer prices (IMF WEO)",2030,3.0
POL,Poland,POL.PCPIPCH.pcent_change,"Inflation, avg consumer prices (IMF WEO)",2015,-0.924
POL,Poland,POL.PCPIPCH.pcent_change,"Inflation, avg consumer prices (IMF WEO)",2016,-0.677
POL,Poland,POL.PCPIPCH.pcent_change,"Inflation, avg consumer prices (IMF WEO)",2017,1.969
POL,Poland,POL.PCPIPCH.pcent_change,"Inflation, avg consumer prices (IMF WEO)",2018,1.767
POL,Poland,POL.PCPIPCH.pcent_change,"Inflation, avg consumer prices (IMF WEO)",2019,2.268
POL,Poland,POL.PCPIPCH.pcent_change,"Inflation, avg consumer prices (IMF WEO)",2020,3.435
POL,Poland,POL.PCPIPCH.pcent_change,"Inflation, avg consumer prices (IMF WEO)",2021,5.129
POL,Poland,POL.PCPIPCH.pcent_change,"Inflation, avg consumer prices (IMF WEO)",2022,14.212
POL,Poland,POL.PCPIPCH.pcent_change,"Inflation, avg consumer prices (IMF WEO)",2023,11.472
POL,Poland,POL.PCPIPCH.pcent_change,"Inflation, avg consumer prices (IMF WEO)",2024,3.723
POL,Poland,POL.PCPIPCH.pcent_change,"Inflation, avg consumer prices (IMF WEO)",2025,4.286
POL,Poland,POL.PCPIPCH.pcent_change,"Inflation, avg consumer prices (IMF WEO)",2026,3.384
POL,Poland,POL.PCPIPCH.pcent_change,"Inflation, avg consumer prices (IMF WEO)",2027,2.896
POL,Poland,POL.PCPIPCH.pcent_change,"Inflation, avg consumer prices (IMF WEO)",2028,2.6
POL,Poland,POL.PCPIPCH.pcent_change,"Inflation, avg consumer prices (IMF WEO)",2029,2.5
POL,Poland,POL.PCPIPCH.pcent_change,"Inflation, avg consumer prices (IMF WEO)",2030,2.5
QAT,Qatar,QAT.PCPIPCH.pcent_change,"Inflation, avg consumer prices (IMF WEO)",2015,0.939
QAT,Qatar,QAT.PCPIPCH.pcent_change,"Inflation, avg consumer prices (IMF WEO)",2016,2.689
QAT,Qatar,QAT.PCPIPCH.pcent_change,"Inflation, avg consumer prices (IMF WEO)",2017,0.604
QAT,Qatar,QAT.PCPIPCH.pcent_change,"Inflation, avg consumer prices (IMF WEO)",2018,0.1
QAT,Qatar,QAT.PCPIPCH.pcent_change,"Inflation, avg consumer prices (IMF WEO)",2019,-0.9
QAT,Qatar,QAT.PCPIPCH.pcent_change,"Inflation, avg consumer prices (IMF WEO)",2020,-2.523
QAT,Qatar,QAT.PCPIPCH.pcent_change,"Inflation, avg consumer prices (IMF WEO)",2021,2.277
QAT,Qatar,QAT.PCPIPCH.pcent_change,"Inflation, avg consumer prices (IMF WEO)",2022,4.96
QAT,Qatar,QAT.PCPIPCH.pcent_change,"Inflation, avg consumer prices (IMF WEO)",2023,3.086
QAT,Qatar,QAT.PCPIPCH.pcent_change,"Inflation, avg consumer prices (IMF WEO)",2024,1.073
QAT,Qatar,QAT.PCPIPCH.pcent_change,"Inflation, avg consumer prices (IMF WEO)",2025,1.231
QAT,Qatar,QAT.PCPIPCH.pcent_change,"Inflation, avg consumer prices (IMF WEO)",2026,1.369
QAT,Qatar,QAT.PCPIPCH.pcent_change,"Inflation, avg consumer prices (IMF WEO)",2027,1.569
QAT,Qatar,QAT.PCPIPCH.pcent_change,"Inflation, avg consumer prices (IMF WEO)",2028,1.77
QAT,Qatar,QAT.PCPIPCH.pcent_change,"Inflation, avg consumer prices (IMF WEO)",2029,1.969
QAT,Qatar,QAT.PCPIPCH.pcent_change,"Inflation, avg consumer prices (IMF WEO)",2030,2.038
ROU,Romania,ROU.PCPIPCH.pcent_change,"Inflation, avg consumer prices (IMF WEO)",2015,-0.596
ROU,Romania,ROU.PCPIPCH.pcent_change,"Inflation, avg consumer prices (IMF WEO)",2016,-1.555
ROU,Romania,ROU.PCPIPCH.pcent_change,"Inflation, avg consumer prices (IMF WEO)",2017,1.344
ROU,Romania,ROU.PCPIPCH.pcent_change,"Inflation, avg consumer prices (IMF WEO)",2018,4.631
ROU,Romania,ROU.PCPIPCH.pcent_change,"Inflation, avg consumer prices (IMF WEO)",2019,3.825
ROU,Romania,ROU.PCPIPCH.pcent_change,"Inflation, avg consumer prices (IMF WEO)",2020,2.646
ROU,Romania,ROU.PCPIPCH.pcent_change,"Inflation, avg consumer prices (IMF WEO)",2021,5.046
ROU,Romania,ROU.PCPIPCH.pcent_change,"Inflation, avg consumer prices (IMF WEO)",2022,13.8
ROU,Romania,ROU.PCPIPCH.pcent_change,"Inflation, avg consumer prices (IMF WEO)",2023,10.397
ROU,Romania,ROU.PCPIPCH.pcent_change,"Inflation, avg consumer prices (IMF WEO)",2024,5.584
ROU,Romania,ROU.PCPIPCH.pcent_change,"Inflation, avg consumer prices (IMF WEO)",2025,4.608
ROU,Romania,ROU.PCPIPCH.pcent_change,"Inflation, avg consumer prices (IMF WEO)",2026,3.095
ROU,Romania,ROU.PCPIPCH.pcent_change,"Inflation, avg consumer prices (IMF WEO)",2027,3.251
ROU,Romania,ROU.PCPIPCH.pcent_change,"Inflation, avg consumer prices (IMF WEO)",2028,2.888
ROU,Romania,ROU.PCPIPCH.pcent_change,"Inflation, avg consumer prices (IMF WEO)",2029,2.761
ROU,Romania,ROU.PCPIPCH.pcent_change,"Inflation, avg consumer prices (IMF WEO)",2030,2.683
RUS,Russia,RUS.PCPIPCH.pcent_change,"Inflation, avg consumer prices (IMF WEO)",2015,15.534
RUS,Russia,RUS.PCPIPCH.pcent_change,"Inflation, avg consumer prices (IMF WEO)",2016,7.042
RUS,Russia,RUS.PCPIPCH.pcent_change,"Inflation, avg consumer prices (IMF WEO)",2017,3.683
RUS,Russia,RUS.PCPIPCH.pcent_change,"Inflation, avg consumer prices (IMF WEO)",2018,2.878
RUS,Russia,RUS.PCPIPCH.pcent_change,"Inflation, avg consumer prices (IMF WEO)",2019,4.47
RUS,Russia,RUS.PCPIPCH.pcent_change,"Inflation, avg consumer prices (IMF WEO)",2020,3.382
RUS,Russia,RUS.PCPIPCH.pcent_change,"Inflation, avg consumer prices (IMF WEO)",2021,6.694
RUS,Russia,RUS.PCPIPCH.pcent_change,"Inflation, avg consumer prices (IMF WEO)",2022,13.75
RUS,Russia,RUS.PCPIPCH.pcent_change,"Inflation, avg consumer prices (IMF WEO)",2023,5.859
RUS,Russia,RUS.PCPIPCH.pcent_change,"Inflation, avg consumer prices (IMF WEO)",2024,8.444
RUS,Russia,RUS.PCPIPCH.pcent_change,"Inflation, avg consumer prices (IMF WEO)",2025,9.265
RUS,Russia,RUS.PCPIPCH.pcent_change,"Inflation, avg consumer prices (IMF WEO)",2026,5.492
RUS,Russia,RUS.PCPIPCH.pcent_change,"Inflation, avg consumer prices (IMF WEO)",2027,4.0
RUS,Russia,RUS.PCPIPCH.pcent_change,"Inflation, avg consumer prices (IMF WEO)",2028,4.0
RUS,Russia,RUS.PCPIPCH.pcent_change,"Inflation, avg consumer prices (IMF WEO)",2029,4.0
RUS,Russia,RUS.PCPIPCH.pcent_change,"Inflation, avg consumer prices (IMF WEO)",2030,4.0
SAU,Saudi Arabia,SAU.PCPIPCH.pcent_change,"Inflation, avg consumer prices (IMF WEO)",2015,1.206
SAU,Saudi Arabia,SAU.PCPIPCH.pcent_change,"Inflation, avg consumer prices (IMF WEO)",2016,2.069
SAU,Saudi Arabia,SAU.PCPIPCH.pcent_change,"Inflation, avg consumer prices (IMF WEO)",2017,-0.838
SAU,Saudi Arabia,SAU.PCPIPCH.pcent_change,"Inflation, avg consumer prices (IMF WEO)",2018,2.458
SAU,Saudi Arabia,SAU.PCPIPCH.pcent_change,"Inflation, avg consumer prices (IMF WEO)",2019,-2.093
SAU,Saudi Arabia,SAU.PCPIPCH.pcent_change,"Inflation, avg consumer prices (IMF WEO)",2020,3.445
SAU,Saudi Arabia,SAU.PCPIPCH.pcent_change,"Inflation, avg consumer prices (IMF WEO)",2021,3.063
SAU,Saudi Arabia,SAU.PCPIPCH.pcent_change,"Inflation, avg consumer prices (IMF WEO)",2022,2.474
SAU,Saudi Arabia,SAU.PCPIPCH.pcent_change,"Inflation, avg consumer prices (IMF WEO)",2023,2.327
SAU,Saudi Arabia,SAU.PCPIPCH.pcent_change,"Inflation, avg consumer prices (IMF WEO)",2024,1.688
SAU,Saudi Arabia,SAU.PCPIPCH.pcent_change,"Inflation, avg consumer prices (IMF WEO)",2025,1.992
SAU,Saudi Arabia,SAU.PCPIPCH.pcent_change,"Inflation, avg consumer prices (IMF WEO)",2026,2.0
SAU,Saudi Arabia,SAU.PCPIPCH.pcent_change,"Inflation, avg consumer prices (IMF WEO)",2027,2.0
SAU,Saudi Arabia,SAU.PCPIPCH.pcent_change,"Inflation, avg consumer prices (IMF WEO)",2028,2.0
SAU,Saudi Arabia,SAU.PCPIPCH.pcent_change,"Inflation, avg consumer prices (IMF WEO)",2029,2.0
SAU,Saudi Arabia,SAU.PCPIPCH.pcent_change,"Inflation, avg consumer prices (IMF WEO)",2030,2.0
SGP,Singapore,SGP.PCPIPCH.pcent_change,"Inflation, avg consumer prices (IMF WEO)",2015,-0.522
SGP,Singapore,SGP.PCPIPCH.pcent_change,"Inflation, avg consumer prices (IMF WEO)",2016,-0.53
SGP,Singapore,SGP.PCPIPCH.pcent_change,"Inflation, avg consumer prices (IMF WEO)",2017,0.577
SGP,Singapore,SGP.PCPIPCH.pcent_change,"Inflation, avg consumer prices (IMF WEO)",2018,0.439
SGP,Singapore,SGP.PCPIPCH.pcent_change,"Inflation, avg consumer prices (IMF WEO)",2019,0.568
SGP,Singapore,SGP.PCPIPCH.pcent_change,"Inflation, avg consumer prices (IMF WEO)",2020,-0.172
SGP,Singapore,SGP.PCPIPCH.pcent_change,"Inflation, avg consumer prices (IMF WEO)",2021,2.316
SGP,Singapore,SGP.PCPIPCH.pcent_change,"Inflation, avg consumer prices (IMF WEO)",2022,6.131
SGP,Singapore,SGP.PCPIPCH.pcent_change,"Inflation, avg consumer prices (IMF WEO)",2023,4.834
SGP,Singapore,SGP.PCPIPCH.pcent_change,"Inflation, avg consumer prices (IMF WEO)",2024,2.39
SGP,Singapore,SGP.PCPIPCH.pcent_change,"Inflation, avg consumer prices (IMF WEO)",2025,1.342
SGP,Singapore,SGP.PCPIPCH.pcent_change,"Inflation, avg consumer prices (IMF WEO)",2026,1.5
SGP,Singapore,SGP.PCPIPCH.pcent_change,"Inflation, avg consumer prices (IMF WEO)",2027,1.971
SGP,Singapore,SGP.PCPIPCH.pcent_change,"Inflation, avg consumer prices (IMF WEO)",2028,1.971
SGP,Singapore,SGP.PCPIPCH.pcent_change,"Inflation, avg consumer prices (IMF WEO)",2029,1.971
SGP,Singapore,SGP.PCPIPCH.pcent_change,"Inflation, avg consumer prices (IMF WEO)",2030,1.971
SRB,Serbia,SRB.PCPIPCH.pcent_change,"Inflation, avg consumer prices (IMF WEO)",2015,1.392
SRB,Serbia,SRB.PCPIPCH.pcent_change,"Inflation, avg consumer prices (IMF WEO)",2016,1.122
SRB,Serbia,SRB.PCPIPCH.pcent_change,"Inflation, avg consumer prices (IMF WEO)",2017,3.131
SRB,Serbia,SRB.PCPIPCH.pcent_change,"Inflation, avg consumer prices (IMF WEO)",2018,1.96
SRB,Serbia,SRB.PCPIPCH.pcent_change,"Inflation, avg consumer prices (IMF WEO)",2019,1.849
SRB,Serbia,SRB.PCPIPCH.pcent_change,"Inflation, avg consumer prices (IMF WEO)",2020,1.576
SRB,Serbia,SRB.PCPIPCH.pcent_change,"Inflation, avg consumer prices (IMF WEO)",2021,4.085
SRB,Serbia,SRB.PCPIPCH.pcent_change,"Inflation, avg consumer prices (IMF WEO)",2022,11.982
SRB,Serbia,SRB.PCPIPCH.pcent_change,"Inflation, avg consumer prices (IMF WEO)",2023,12.372
SRB,Serbia,SRB.PCPIPCH.pcent_change,"Inflation, avg consumer prices (IMF WEO)",2024,4.671
SRB,Serbia,SRB.PCPIPCH.pcent_change,"Inflation, avg consumer prices (IMF WEO)",2025,4.023
SRB,Serbia,SRB.PCPIPCH.pcent_change,"Inflation, avg consumer prices (IMF WEO)",2026,3.341
SRB,Serbia,SRB.PCPIPCH.pcent_change,"Inflation, avg consumer prices (IMF WEO)",2027,3.258
SRB,Serbia,SRB.PCPIPCH.pcent_change,"Inflation, avg consumer prices (IMF WEO)",2028,3.016
SRB,Serbia,SRB.PCPIPCH.pcent_change,"Inflation, avg consumer prices (IMF WEO)",2029,3.0
SRB,Serbia,SRB.PCPIPCH.pcent_change,"Inflation, avg consumer prices (IMF WEO)",2030,3.0
SWE,Sweden,SWE.PCPIPCH.pcent_change,"Inflation, avg consumer prices (IMF WEO)",2015,0.703
SWE,Sweden,SWE.PCPIPCH.pcent_change,"Inflation, avg consumer prices (IMF WEO)",2016,1.14
SWE,Sweden,SWE.PCPIPCH.pcent_change,"Inflation, avg consumer prices (IMF WEO)",2017,1.867
SWE,Sweden,SWE.PCPIPCH.pcent_change,"Inflation, avg consumer prices (IMF WEO)",2018,2.035
SWE,Sweden,SWE.PCPIPCH.pcent_change,"Inflation, avg consumer prices (IMF WEO)",2019,1.722
SWE,Sweden,SWE.PCPIPCH.pcent_change,"Inflation, avg consumer prices (IMF WEO)",2020,0.661
SWE,Sweden,SWE.PCPIPCH.pcent_change,"Inflation, avg consumer prices (IMF WEO)",2021,2.652
SWE,Sweden,SWE.PCPIPCH.pcent_change,"Inflation, avg consumer prices (IMF WEO)",2022,8.057
SWE,Sweden,SWE.PCPIPCH.pcent_change,"Inflation, avg consumer prices (IMF WEO)",2023,5.909
SWE,Sweden,SWE.PCPIPCH.pcent_change,"Inflation, avg consumer prices (IMF WEO)",2024,2.004
SWE,Sweden,SWE.PCPIPCH.pcent_change,"Inflation, avg consumer prices (IMF WEO)",2025,2.112
SWE,Sweden,SWE.PCPIPCH.pcent_change,"Inflation, avg consumer prices (IMF WEO)",2026,2.0
SWE,Sweden,SWE.PCPIPCH.pcent_change,"Inflation, avg consumer prices (IMF WEO)",2027,2.05
SWE,Sweden,SWE.PCPIPCH.pcent_change,"Inflation, avg consumer prices (IMF WEO)",2028,2.0
SWE,Sweden,SWE.PCPIPCH.pcent_change,"Inflation, avg consumer prices (IMF WEO)",2029,2.0
SWE,Sweden,SWE.PCPIPCH.pcent_change,"Inflation, avg consumer prices (IMF WEO)",2030,2.0
THA,Thailand,THA.PCPIPCH.pcent_change,"Inflation, avg consumer prices (IMF WEO)",2015,-0.898
THA,Thailand,THA.PCPIPCH.pcent_change,"Inflation, avg consumer prices (IMF WEO)",2016,0.186
THA,Thailand,THA.PCPIPCH.pcent_change,"Inflation, avg consumer prices (IMF WEO)",2017,0.664
THA,Thailand,THA.PCPIPCH.pcent_change,"Inflation, avg consumer prices (IMF WEO)",2018,1.067
THA,Thailand,THA.PCPIPCH.pcent_change,"Inflation, avg consumer prices (IMF WEO)",2019,0.706
THA,Thailand,THA.PCPIPCH.pcent_change,"Inflation, avg consumer prices (IMF WEO)",2020,-0.846
THA,Thailand,THA.PCPIPCH.pcent_change,"Inflation, avg consumer prices (IMF WEO)",2021,1.231
THA,Thailand,THA.PCPIPCH.pcent_change,"Inflation, avg consumer prices (IMF WEO)",2022,6.076
THA,Thailand,THA.PCPIPCH.pcent_change,"Inflation, avg consumer prices (IMF WEO)",2023,1.229
THA,Thailand,THA.PCPIPCH.pcent_change,"Inflation, avg consumer prices (IMF WEO)",2024,0.398
THA,Thailand,THA.PCPIPCH.pcent_change,"Inflation, avg consumer prices (IMF WEO)",2025,0.693
THA,Thailand,THA.PCPIPCH.pcent_change,"Inflation, avg consumer prices (IMF WEO)",2026,0.884
THA,Thailand,THA.PCPIPCH.pcent_change,"Inflation, avg consumer prices (IMF WEO)",2027,1.256
THA,Thailand,THA.PCPIPCH.pcent_change,"Inflation, avg consumer prices (IMF WEO)",2028,1.6
THA,Thailand,THA.PCPIPCH.pcent_change,"Inflation, avg consumer prices (IMF WEO)",2029,1.7
THA,Thailand,THA.PCPIPCH.pcent_change,"Inflation, avg consumer prices (IMF WEO)",2030,1.75
TUN,Tunisia,TUN.PCPIPCH.pcent_change,"Inflation, avg consumer prices (IMF WEO)",2015,4.437
TUN,Tunisia,TUN.PCPIPCH.pcent_change,"Inflation, avg consumer prices (IMF WEO)",2016,3.629
TUN,Tunisia,TUN.PCPIPCH.pcent_change,"Inflation, avg consumer prices (IMF WEO)",2017,5.309
TUN,Tunisia,TUN.PCPIPCH.pcent_change,"Inflation, avg consumer prices (IMF WEO)",2018,7.308
TUN,Tunisia,TUN.PCPIPCH.pcent_change,"Inflation, avg consumer prices (IMF WEO)",2019,6.722
TUN,Tunisia,TUN.PCPIPCH.pcent_change,"Inflation, avg consumer prices (IMF WEO)",2020,5.635
TUN,Tunisia,TUN.PCPIPCH.pcent_change,"Inflation, avg consumer prices (IMF WEO)",2021,5.707
TUN,Tunisia,TUN.PCPIPCH.pcent_change,"Inflation, avg consumer prices (IMF WEO)",2022,8.308
TUN,Tunisia,TUN.PCPIPCH.pcent_change,"Inflation, avg consumer prices (IMF WEO)",2023,9.323
TUN,Tunisia,TUN.PCPIPCH.pcent_change,"Inflation, avg consumer prices (IMF WEO)",2024,7.007
TUN,Tunisia,TUN.PCPIPCH.pcent_change,"Inflation, avg consumer prices (IMF WEO)",2025,6.101
TUN,Tunisia,TUN.PCPIPCH.pcent_change,"Inflation, avg consumer prices (IMF WEO)",2026,6.498
TUN,Tunisia,TUN.PCPIPCH.pcent_change,"Inflation, avg consumer prices (IMF WEO)",2027,7.438
TUN,Tunisia,TUN.PCPIPCH.pcent_change,"Inflation, avg consumer prices (IMF WEO)",2028,7.694
TUN,Tunisia,TUN.PCPIPCH.pcent_change,"Inflation, avg consumer prices (IMF WEO)",2029,8.534
TUN,Tunisia,TUN.PCPIPCH.pcent_change,"Inflation, avg consumer prices (IMF WEO)",2030,9.336
TUR,Türkiye,TUR.PCPIPCH.pcent_change,"Inflation, avg consumer prices (IMF WEO)",2015,7.671
TUR,Türkiye,TUR.PCPIPCH.pcent_change,"Inflation, avg consumer prices (IMF WEO)",2016,7.775
TUR,Türkiye,TUR.PCPIPCH.pcent_change,"Inflation, avg consumer prices (IMF WEO)",2017,11.144
TUR,Türkiye,TUR.PCPIPCH.pcent_change,"Inflation, avg consumer prices (IMF WEO)",2018,16.332
TUR,Türkiye,TUR.PCPIPCH.pcent_change,"Inflation, avg consumer prices (IMF WEO)",2019,15.177
TUR,Türkiye,TUR.PCPIPCH.pcent_change,"Inflation, avg consumer prices (IMF WEO)",2020,12.279
TUR,Türkiye,TUR.PCPIPCH.pcent_change,"Inflation, avg consumer prices (IMF WEO)",2021,19.596
TUR,Türkiye,TUR.PCPIPCH.pcent_change,"Inflation, avg consumer prices (IMF WEO)",2022,72.309
TUR,Türkiye,TUR.PCPIPCH.pcent_change,"Inflation, avg consumer prices (IMF WEO)",2023,53.859
TUR,Türkiye,TUR.PCPIPCH.pcent_change,"Inflation, avg consumer prices (IMF WEO)",2024,58.506
TUR,Türkiye,TUR.PCPIPCH.pcent_change,"Inflation, avg consumer prices (IMF WEO)",2025,35.928
TUR,Türkiye,TUR.PCPIPCH.pcent_change,"Inflation, avg consumer prices (IMF WEO)",2026,22.801
TUR,Türkiye,TUR.PCPIPCH.pcent_change,"Inflation, avg consumer prices (IMF WEO)",2027,16.462
TUR,Türkiye,TUR.PCPIPCH.pcent_change,"Inflation, avg consumer prices (IMF WEO)",2028,15.036
TUR,Türkiye,TUR.PCPIPCH.pcent_change,"Inflation, avg consumer prices (IMF WEO)",2029,15.004
TUR,Türkiye,TUR.PCPIPCH.pcent_change,"Inflation, avg consumer prices (IMF WEO)",2030,15.004
TWN,Taiwan,TWN.PCPIPCH.pcent_change,"Inflation, avg consumer prices (IMF WEO)",2015,-0.306
TWN,Taiwan,TWN.PCPIPCH.pcent_change,"Inflation, avg consumer prices (IMF WEO)",2016,1.393
TWN,Taiwan,TWN.PCPIPCH.pcent_change,"Inflation, avg consumer prices (IMF WEO)",2017,0.622
TWN,Taiwan,TWN.PCPIPCH.pcent_change,"Inflation, avg consumer prices (IMF WEO)",2018,1.35
TWN,Taiwan,TWN.PCPIPCH.pcent_change,"Inflation, avg consumer prices (IMF WEO)",2019,0.559
TWN,Taiwan,TWN.PCPIPCH.pcent_change,"Inflation, avg consumer prices (IMF WEO)",2020,-0.238
TWN,Taiwan,TWN.PCPIPCH.pcent_change,"Inflation, avg consumer prices (IMF WEO)",2021,1.971
TWN,Taiwan,TWN.PCPIPCH.pcent_change,"Inflation, avg consumer prices (IMF WEO)",2022,2.947
TWN,Taiwan,TWN.PCPIPCH.pcent_change,"Inflation, avg consumer prices (IMF WEO)",2023,2.492
TWN,Taiwan,TWN.PCPIPCH.pcent_change,"Inflation, avg consumer prices (IMF WEO)",2024,2.181
TWN,Taiwan,TWN.PCPIPCH.pcent_change,"Inflation, avg consumer prices (IMF WEO)",2025,1.782
TWN,Taiwan,TWN.PCPIPCH.pcent_change,"Inflation, avg consumer prices (IMF WEO)",2026,1.562
TWN,Taiwan,TWN.PCPIPCH.pcent_change,"Inflation, avg consumer prices (IMF WEO)",2027,1.574
TWN,Taiwan,TWN.PCPIPCH.pcent_change,"Inflation, avg consumer prices (IMF WEO)",2028,1.545
TWN,Taiwan,TWN.PCPIPCH.pcent_change,"Inflation, avg consumer prices (IMF WEO)",2029,1.586
TWN,Taiwan,TWN.PCPIPCH.pcent_change,"Inflation, avg consumer prices (IMF WEO)",2030,1.506
UGA,Uganda,UGA.PCPIPCH.pcent_change,"Inflation, avg consumer prices (IMF WEO)",2015,3.692
UGA,Uganda,UGA.PCPIPCH.pcent_change,"Inflation, avg consumer prices (IMF WEO)",2016,5.169
UGA,Uganda,UGA.PCPIPCH.pcent_change,"Inflation, avg consumer prices (IMF WEO)",2017,5.576
UGA,Uganda,UGA.PCPIPCH.pcent_change,"Inflation, avg consumer prices (IMF WEO)",2018,2.549
UGA,Uganda,UGA.PCPIPCH.pcent_change,"Inflation, avg consumer prices (IMF WEO)",2019,2.137
UGA,Uganda,UGA.PCPIPCH.pcent_change,"Inflation, avg consumer prices (IMF WEO)",2020,2.758
UGA,Uganda,UGA.PCPIPCH.pcent_change,"Inflation, avg consumer prices (IMF WEO)",2021,2.207
UGA,Uganda,UGA.PCPIPCH.pcent_change,"Inflation, avg consumer prices (IMF WEO)",2022,7.192
UGA,Uganda,UGA.PCPIPCH.pcent_change,"Inflation, avg consumer prices (IMF WEO)",2023,5.352
UGA,Uganda,UGA.PCPIPCH.pcent_change,"Inflation, avg consumer prices (IMF WEO)",2024,3.323
UGA,Uganda,UGA.PCPIPCH.pcent_change,"Inflation, avg consumer prices (IMF WEO)",2025,4.222
UGA,Uganda,UGA.PCPIPCH.pcent_change,"Inflation, avg consumer prices (IMF WEO)",2026,4.716
UGA,Uganda,UGA.PCPIPCH.pcent_change,"Inflation, avg consumer prices (IMF WEO)",2027,4.972
UGA,Uganda,UGA.PCPIPCH.pcent_change,"Inflation, avg consumer prices (IMF WEO)",2028,5.0
UGA,Uganda,UGA.PCPIPCH.pcent_change,"Inflation, avg consumer prices (IMF WEO)",2029,5.0
UGA,Uganda,UGA.PCPIPCH.pcent_change,"Inflation, avg consumer prices (IMF WEO)",2030,5.0
USA,United States,USA.PCPIPCH.pcent_change,"Inflation, avg consumer prices (IMF WEO)",2015,0.121
USA,United States,USA.PCPIPCH.pcent_change,"Inflation, avg consumer prices (IMF WEO)",2016,1.267
USA,United States,USA.PCPIPCH.pcent_change,"Inflation, avg consumer prices (IMF WEO)",2017,2.131
USA,United States,USA.PCPIPCH.pcent_change,"Inflation, avg consumer prices (IMF WEO)",2018,2.439
USA,United States,USA.PCPIPCH.pcent_change,"Inflation, avg consumer prices (IMF WEO)",2019,1.813
USA,United States,USA.PCPIPCH.pcent_change,"Inflation, avg consumer prices (IMF WEO)",2020,1.253
USA,United States,USA.PCPIPCH.pcent_change,"Inflation, avg consumer prices (IMF WEO)",2021,4.679
USA,United States,USA.PCPIPCH.pcent_change,"Inflation, avg consumer prices (IMF WEO)",2022,7.993
USA,United States,USA.PCPIPCH.pcent_change,"Inflation, avg consumer prices (IMF WEO)",2023,4.128
USA,United States,USA.PCPIPCH.pcent_change,"Inflation, avg consumer prices (IMF WEO)",2024,2.952
USA,United States,USA.PCPIPCH.pcent_change,"Inflation, avg consumer prices (IMF WEO)",2025,2.988
USA,United States,USA.PCPIPCH.pcent_change,"Inflation, avg consumer prices (IMF WEO)",2026,2.466
USA,United States,USA.PCPIPCH.pcent_change,"Inflation, avg consumer prices (IMF WEO)",2027,2.11
USA,United States,USA.PCPIPCH.pcent_change,"Inflation, avg consumer prices (IMF WEO)",2028,2.155
USA,United States,USA.PCPIPCH.pcent_change,"Inflation, avg consumer prices (IMF WEO)",2029,2.169
USA,United States,USA.PCPIPCH.pcent_change,"Inflation, avg consumer prices (IMF WEO)",2030,2.175
VNM,Vietnam,VNM.PCPIPCH.pcent_change,"Inflation, avg consumer prices (IMF WEO)",2015,0.647
VNM,Vietnam,VNM.PCPIPCH.pcent_change,"Inflation, avg consumer prices (IMF WEO)",2016,2.675
VNM,Vietnam,VNM.PCPIPCH.pcent_change,"Inflation, avg consumer prices (IMF WEO)",2017,3.521
VNM,Vietnam,VNM.PCPIPCH.pcent_change,"Inflation, avg consumer prices (IMF WEO)",2018,3.54
VNM,Vietnam,VNM.PCPIPCH.pcent_change,"Inflation, avg consumer prices (IMF WEO)",2019,2.795
VNM,Vietnam,VNM.PCPIPCH.pcent_change,"Inflation, avg consumer prices (IMF WEO)",2020,3.22
VNM,Vietnam,VNM.PCPIPCH.pcent_change,"Inflation, avg consumer prices (IMF WEO)",2021,1.837
VNM,Vietnam,VNM.PCPIPCH.pcent_change,"Inflation, avg consumer prices (IMF WEO)",2022,3.157
VNM,Vietnam,VNM.PCPIPCH.pcent_change,"Inflation, avg consumer prices (IMF WEO)",2023,3.253
VNM,Vietnam,VNM.PCPIPCH.pcent_change,"Inflation, avg consumer prices (IMF WEO)",2024,3.624
VNM,Vietnam,VNM.PCPIPCH.pcent_change,"Inflation, avg consumer prices (IMF WEO)",2025,2.949
VNM,Vietnam,VNM.PCPIPCH.pcent_change,"Inflation, avg consumer prices (IMF WEO)",2026,2.494
VNM,Vietnam,VNM.PCPIPCH.pcent_change,"Inflation, avg consumer prices (IMF WEO)",2027,2.8
VNM,Vietnam,VNM.PCPIPCH.pcent_change,"Inflation, avg consumer prices (IMF WEO)",2028,2.9
VNM,Vietnam,VNM.PCPIPCH.pcent_change,"Inflation, avg consumer prices (IMF WEO)",2029,2.9
VNM,Vietnam,VNM.PCPIPCH.pcent_change,"Inflation, avg consumer prices (IMF WEO)",2030,2.9
ZAF,South Africa,ZAF.PCPIPCH.pcent_change,"Inflation, avg consumer prices (IMF WEO)",2015,4.589
ZAF,South Africa,ZAF.PCPIPCH.pcent_change,"Inflation, avg consumer prices (IMF WEO)",2016,6.32
ZAF,South Africa,ZAF.PCPIPCH.pcent_change,"Inflation, avg consumer prices (IMF WEO)",2017,5.294
ZAF,South Africa,ZAF.PCPIPCH.pcent_change,"Inflation, avg consumer prices (IMF WEO)",2018,4.596
ZAF,South Africa,ZAF.PCPIPCH.pcent_change,"Inflation, avg consumer prices (IMF WEO)",2019,4.115
ZAF,South Africa,ZAF.PCPIPCH.pcent_change,"Inflation, avg consumer prices (IMF WEO)",2020,3.288
ZAF,South Africa,ZAF.PCPIPCH.pcent_change,"Inflation, avg consumer prices (IMF WEO)",2021,4.553
ZAF,South Africa,ZAF.PCPIPCH.pcent_change,"Inflation, avg consumer prices (IMF WEO)",2022,6.864
ZAF,South Africa,ZAF.PCPIPCH.pcent_change,"Inflation, avg consumer prices (IMF WEO)",2023,5.903
ZAF,South Africa,ZAF.PCPIPCH.pcent_change,"Inflation, avg consumer prices (IMF WEO)",2024,4.426
ZAF,South Africa,ZAF.PCPIPCH.pcent_change,"Inflation, avg consumer prices (IMF WEO)",2025,3.792
ZAF,South Africa,ZAF.PCPIPCH.pcent_change,"Inflation, avg consumer prices (IMF WEO)",2026,4.525
ZAF,South Africa,ZAF.PCPIPCH.pcent_change,"Inflation, avg consumer prices (IMF WEO)",2027,4.5
ZAF,South Africa,ZAF.PCPIPCH.pcent_change,"Inflation, avg consumer prices (IMF WEO)",2028,4.5
ZAF,South Africa,ZAF.PCPIPCH.pcent_change,"Inflation, avg consumer prices (IMF WEO)",2029,4.5
ZAF,South Africa,ZAF.PCPIPCH.pcent_change,"Inflation, avg consumer prices (IMF WEO)",2030,4.5
ARE,United Arab Emirates,ARE.GGXWDG_NGDP.pcent_gdp,"Government gross debt (% of GDP, IMF WEO)",2015,16.104
ARE,United Arab Emirates,ARE.GGXWDG_NGDP.pcent_gdp,"Government gross debt (% of GDP, IMF WEO)",2016,19.267
ARE,United Arab Emirates,ARE.GGXWDG_NGDP.pcent_gdp,"Government gross debt (% of GDP, IMF WEO)",2017,21.864
ARE,United Arab Emirates,ARE.GGXWDG_NGDP.pcent_gdp,"Government gross debt (% of GDP, IMF WEO)",2018,21.329
ARE,United Arab Emirates,ARE.GGXWDG_NGDP.pcent_gdp,"Government gross debt (% of GDP, IMF WEO)",2019,26.801
ARE,United Arab Emirates,ARE.GGXWDG_NGDP.pcent_gdp,"Government gross debt (% of GDP, IMF WEO)",2020,41.294
ARE,United Arab Emirates,ARE.GGXWDG_NGDP.pcent_gdp,"Government gross debt (% of GDP, IMF WEO)",2021,36.291
ARE,United Arab Emirates,ARE.GGXWDG_NGDP.pcent_gdp,"Government gross debt (% of GDP, IMF WEO)",2022,32.057
ARE,United Arab Emirates,ARE.GGXWDG_NGDP.pcent_gdp,"Government gross debt (% of GDP, IMF WEO)",2023,32.436
ARE,United Arab Emirates,ARE.GGXWDG_NGDP.pcent_gdp,"Government gross debt (% of GDP, IMF WEO)",2024,32.114
ARE,United Arab Emirates,ARE.GGXWDG_NGDP.pcent_gdp,"Government gross debt (% of GDP, IMF WEO)",2025,32.817
ARE,United Arab Emirates,ARE.GGXWDG_NGDP.pcent_gdp,"Government gross debt (% of GDP, IMF WEO)",2026,32.584
ARE,United Arab Emirates,ARE.GGXWDG_NGDP.pcent_gdp,"Government gross debt (% of GDP, IMF WEO)",2027,31.99
ARE,United Arab Emirates,ARE.GGXWDG_NGDP.pcent_gdp,"Government gross debt (% of GDP, IMF WEO)",2028,31.548
ARE,United Arab Emirates,ARE.GGXWDG_NGDP.pcent_gdp,"Government gross debt (% of GDP, IMF WEO)",2029,31.022
ARE,United Arab Emirates,ARE.GGXWDG_NGDP.pcent_gdp,"Government gross debt (% of GDP, IMF WEO)",2030,30.95
AUS,Australia,AUS.GGXWDG_NGDP.pcent_gdp,"Government gross debt (% of GDP, IMF WEO)",2015,37.726
AUS,Australia,AUS.GGXWDG_NGDP.pcent_gdp,"Government gross debt (% of GDP, IMF WEO)",2016,40.621
AUS,Australia,AUS.GGXWDG_NGDP.pcent_gdp,"Government gross debt (% of GDP, IMF WEO)",2017,41.195
AUS,Australia,AUS.GGXWDG_NGDP.pcent_gdp,"Government gross debt (% of GDP, IMF WEO)",2018,41.758
AUS,Australia,AUS.GGXWDG_NGDP.pcent_gdp,"Government gross debt (% of GDP, IMF WEO)",2019,46.72
AUS,Australia,AUS.GGXWDG_NGDP.pcent_gdp,"Government gross debt (% of GDP, IMF WEO)",2020,57.092
AUS,Australia,AUS.GGXWDG_NGDP.pcent_gdp,"Government gross debt (% of GDP, IMF WEO)",2021,55.537
AUS,Australia,AUS.GGXWDG_NGDP.pcent_gdp,"Government gross debt (% of GDP, IMF WEO)",2022,50.222
AUS,Australia,AUS.GGXWDG_NGDP.pcent_gdp,"Government gross debt (% of GDP, IMF WEO)",2023,48.973
AUS,Australia,AUS.GGXWDG_NGDP.pcent_gdp,"Government gross debt (% of GDP, IMF WEO)",2024,49.828
AUS,Australia,AUS.GGXWDG_NGDP.pcent_gdp,"Government gross debt (% of GDP, IMF WEO)",2025,50.937
AUS,Australia,AUS.GGXWDG_NGDP.pcent_gdp,"Government gross debt (% of GDP, IMF WEO)",2026,50.533
AUS,Australia,AUS.GGXWDG_NGDP.pcent_gdp,"Government gross debt (% of GDP, IMF WEO)",2027,49.792
AUS,Australia,AUS.GGXWDG_NGDP.pcent_gdp,"Government gross debt (% of GDP, IMF WEO)",2028,49.288
AUS,Australia,AUS.GGXWDG_NGDP.pcent_gdp,"Government gross debt (% of GDP, IMF WEO)",2029,49.037
AUS,Australia,AUS.GGXWDG_NGDP.pcent_gdp,"Government gross debt (% of GDP, IMF WEO)",2030,49.022
BEL,Belgium,BEL.GGXWDG_NGDP.pcent_gdp,"Government gross debt (% of GDP, IMF WEO)",2015,105.525
BEL,Belgium,BEL.GGXWDG_NGDP.pcent_gdp,"Government gross debt (% of GDP, IMF WEO)",2016,105.404
BEL,Belgium,BEL.GGXWDG_NGDP.pcent_gdp,"Government gross debt (% of GDP, IMF WEO)",2017,102.4
BEL,Belgium,BEL.GGXWDG_NGDP.pcent_gdp,"Government gross debt (% of GDP, IMF WEO)",2018,99.977
BEL,Belgium,BEL.GGXWDG_NGDP.pcent_gdp,"Government gross debt (% of GDP, IMF WEO)",2019,97.461
BEL,Belgium,BEL.GGXWDG_NGDP.pcent_gdp,"Government gross debt (% of GDP, IMF WEO)",2020,111.098
BEL,Belgium,BEL.GGXWDG_NGDP.pcent_gdp,"Government gross debt (% of GDP, IMF WEO)",2021,108.37
BEL,Belgium,BEL.GGXWDG_NGDP.pcent_gdp,"Government gross debt (% of GDP, IMF WEO)",2022,102.555
BEL,Belgium,BEL.GGXWDG_NGDP.pcent_gdp,"Government gross debt (% of GDP, IMF WEO)",2023,103.121
BEL,Belgium,BEL.GGXWDG_NGDP.pcent_gdp,"Government gross debt (% of GDP, IMF WEO)",2024,104.468
BEL,Belgium,BEL.GGXWDG_NGDP.pcent_gdp,"Government gross debt (% of GDP, IMF WEO)",2025,106.418
BEL,Belgium,BEL.GGXWDG_NGDP.pcent_gdp,"Government gross debt (% of GDP, IMF WEO)",2026,109.952
BEL,Belgium,BEL.GGXWDG_NGDP.pcent_gdp,"Government gross debt (% of GDP, IMF WEO)",2027,113.63
BEL,Belgium,BEL.GGXWDG_NGDP.pcent_gdp,"Government gross debt (% of GDP, IMF WEO)",2028,117.246
BEL,Belgium,BEL.GGXWDG_NGDP.pcent_gdp,"Government gross debt (% of GDP, IMF WEO)",2029,121.237
BEL,Belgium,BEL.GGXWDG_NGDP.pcent_gdp,"Government gross debt (% of GDP, IMF WEO)",2030,125.636
BGR,Bulgaria,BGR.GGXWDG_NGDP.pcent_gdp,"Government gross debt (% of GDP, IMF WEO)",2015,25.359
BGR,Bulgaria,BGR.GGXWDG_NGDP.pcent_gdp,"Government gross debt (% of GDP, IMF WEO)",2016,27.007
BGR,Bulgaria,BGR.GGXWDG_NGDP.pcent_gdp,"Government gross debt (% of GDP, IMF WEO)",2017,22.919
BGR,Bulgaria,BGR.GGXWDG_NGDP.pcent_gdp,"Government gross debt (% of GDP, IMF WEO)",2018,20.1
BGR,Bulgaria,BGR.GGXWDG_NGDP.pcent_gdp,"Government gross debt (% of GDP, IMF WEO)",2019,18.382
BGR,Bulgaria,BGR.GGXWDG_NGDP.pcent_gdp,"Government gross debt (% of GDP, IMF WEO)",2020,22.715
BGR,Bulgaria,BGR.GGXWDG_NGDP.pcent_gdp,"Government gross debt (% of GDP, IMF WEO)",2021,22.362
BGR,Bulgaria,BGR.GGXWDG_NGDP.pcent_gdp,"Government gross debt (% of GDP, IMF WEO)",2022,21.457
BGR,Bulgaria,BGR.GGXWDG_NGDP.pcent_gdp,"Government gross debt (% of GDP, IMF WEO)",2023,21.872
BGR,Bulgaria,BGR.GGXWDG_NGDP.pcent_gdp,"Government gross debt (% of GDP, IMF WEO)",2024,23.358
BGR,Bulgaria,BGR.GGXWDG_NGDP.pcent_gdp,"Government gross debt (% of GDP, IMF WEO)",2025,28.04
BGR,Bulgaria,BGR.GGXWDG_NGDP.pcent_gdp,"Government gross debt (% of GDP, IMF WEO)",2026,29.536
BGR,Bulgaria,BGR.GGXWDG_NGDP.pcent_gdp,"Government gross debt (% of GDP, IMF WEO)",2027,31.226
BGR,Bulgaria,BGR.GGXWDG_NGDP.pcent_gdp,"Government gross debt (% of GDP, IMF WEO)",2028,32.95
BGR,Bulgaria,BGR.GGXWDG_NGDP.pcent_gdp,"Government gross debt (% of GDP, IMF WEO)",2029,34.615
BGR,Bulgaria,BGR.GGXWDG_NGDP.pcent_gdp,"Government gross debt (% of GDP, IMF WEO)",2030,36.529
BHR,Bahrain,BHR.GGXWDG_NGDP.pcent_gdp,"Government gross debt (% of GDP, IMF WEO)",2015,63.18
BHR,Bahrain,BHR.GGXWDG_NGDP.pcent_gdp,"Government gross debt (% of GDP, IMF WEO)",2016,77.366
BHR,Bahrain,BHR.GGXWDG_NGDP.pcent_gdp,"Government gross debt (% of GDP, IMF WEO)",2017,84.029
BHR,Bahrain,BHR.GGXWDG_NGDP.pcent_gdp,"Government gross debt (% of GDP, IMF WEO)",2018,90.384
BHR,Bahrain,BHR.GGXWDG_NGDP.pcent_gdp,"Government gross debt (% of GDP, IMF WEO)",2019,97.129
BHR,Bahrain,BHR.GGXWDG_NGDP.pcent_gdp,"Government gross debt (% of GDP, IMF WEO)",2020,125.7
BHR,Bahrain,BHR.GGXWDG_NGDP.pcent_gdp,"Government gross debt (% of GDP, IMF WEO)",2021,122.3
BHR,Bahrain,BHR.GGXWDG_NGDP.pcent_gdp,"Government gross debt (% of GDP, IMF WEO)",2022,111.648
BHR,Bahrain,BHR.GGXWDG_NGDP.pcent_gdp,"Government gross debt (% of GDP, IMF WEO)",2023,123.02
BHR,Bahrain,BHR.GGXWDG_NGDP.pcent_gdp,"Government gross debt (% of GDP, IMF WEO)",2024,134.007
BHR,Bahrain,BHR.GGXWDG_NGDP.pcent_gdp,"Government gross debt (% of GDP, IMF WEO)",2025,141.423
BHR,Bahrain,BHR.GGXWDG_NGDP.pcent_gdp,"Government gross debt (% of GDP, IMF WEO)",2026,146.984
BHR,Bahrain,BHR.GGXWDG_NGDP.pcent_gdp,"Government gross debt (% of GDP, IMF WEO)",2027,151.062
BHR,Bahrain,BHR.GGXWDG_NGDP.pcent_gdp,"Government gross debt (% of GDP, IMF WEO)",2028,155.185
BHR,Bahrain,BHR.GGXWDG_NGDP.pcent_gdp,"Government gross debt (% of GDP, IMF WEO)",2029,159.119
BHR,Bahrain,BHR.GGXWDG_NGDP.pcent_gdp,"Government gross debt (% of GDP, IMF WEO)",2030,162.892
CAN,Canada,CAN.GGXWDG_NGDP.pcent_gdp,"Government gross debt (% of GDP, IMF WEO)",2015,92.029
CAN,Canada,CAN.GGXWDG_NGDP.pcent_gdp,"Government gross debt (% of GDP, IMF WEO)",2016,92.397
CAN,Canada,CAN.GGXWDG_NGDP.pcent_gdp,"Government gross debt (% of GDP, IMF WEO)",2017,90.942
CAN,Canada,CAN.GGXWDG_NGDP.pcent_gdp,"Government gross debt (% of GDP, IMF WEO)",2018,90.776
CAN,Canada,CAN.GGXWDG_NGDP.pcent_gdp,"Government gross debt (% of GDP, IMF WEO)",2019,90.21
CAN,Canada,CAN.GGXWDG_NGDP.pcent_gdp,"Government gross debt (% of GDP, IMF WEO)",2020,118.066
CAN,Canada,CAN.GGXWDG_NGDP.pcent_gdp,"Government gross debt (% of GDP, IMF WEO)",2021,112.617
CAN,Canada,CAN.GGXWDG_NGDP.pcent_gdp,"Government gross debt (% of GDP, IMF WEO)",2022,104.207
CAN,Canada,CAN.GGXWDG_NGDP.pcent_gdp,"Government gross debt (% of GDP, IMF WEO)",2023,107.711
CAN,Canada,CAN.GGXWDG_NGDP.pcent_gdp,"Government gross debt (% of GDP, IMF WEO)",2024,110.769
CAN,Canada,CAN.GGXWDG_NGDP.pcent_gdp,"Government gross debt (% of GDP, IMF WEO)",2025,112.541
CAN,Canada,CAN.GGXWDG_NGDP.pcent_gdp,"Government gross debt (% of GDP, IMF WEO)",2026,110.891
CAN,Canada,CAN.GGXWDG_NGDP.pcent_gdp,"Government gross debt (% of GDP, IMF WEO)",2027,109.435
CAN,Canada,CAN.GGXWDG_NGDP.pcent_gdp,"Government gross debt (% of GDP, IMF WEO)",2028,107.855
CAN,Canada,CAN.GGXWDG_NGDP.pcent_gdp,"Government gross debt (% of GDP, IMF WEO)",2029,106.242
CAN,Canada,CAN.GGXWDG_NGDP.pcent_gdp,"Government gross debt (% of GDP, IMF WEO)",2030,104.112
CHN,China,CHN.GGXWDG_NGDP.pcent_gdp,"Government gross debt (% of GDP, IMF WEO)",2015,40.782
CHN,China,CHN.GGXWDG_NGDP.pcent_gdp,"Government gross debt (% of GDP, IMF WEO)",2016,49.72
CHN,China,CHN.GGXWDG_NGDP.pcent_gdp,"Government gross debt (% of GDP, IMF WEO)",2017,53.903
CHN,China,CHN.GGXWDG_NGDP.pcent_gdp,"Government gross debt (% of GDP, IMF WEO)",2018,55.577
CHN,China,CHN.GGXWDG_NGDP.pcent_gdp,"Government gross debt (% of GDP, IMF WEO)",2019,59.441
CHN,China,CHN.GGXWDG_NGDP.pcent_gdp,"Government gross debt (% of GDP, IMF WEO)",2020,69.035
CHN,China,CHN.GGXWDG_NGDP.pcent_gdp,"Government gross debt (% of GDP, IMF WEO)",2021,70.147
CHN,China,CHN.GGXWDG_NGDP.pcent_gdp,"Government gross debt (% of GDP, IMF WEO)",2022,75.453
CHN,China,CHN.GGXWDG_NGDP.pcent_gdp,"Government gross debt (% of GDP, IMF WEO)",2023,82.014
CHN,China,CHN.GGXWDG_NGDP.pcent_gdp,"Government gross debt (% of GDP, IMF WEO)",2024,88.327
CHN,China,CHN.GGXWDG_NGDP.pcent_gdp,"Government gross debt (% of GDP, IMF WEO)",2025,96.306
CHN,China,CHN.GGXWDG_NGDP.pcent_gdp,"Government gross debt (% of GDP, IMF WEO)",2026,102.314
CHN,China,CHN.GGXWDG_NGDP.pcent_gdp,"Government gross debt (% of GDP, IMF WEO)",2027,105.91
CHN,China,CHN.GGXWDG_NGDP.pcent_gdp,"Government gross debt (% of GDP, IMF WEO)",2028,109.22
CHN,China,CHN.GGXWDG_NGDP.pcent_gdp,"Government gross debt (% of GDP, IMF WEO)",2029,112.567
CHN,China,CHN.GGXWDG_NGDP.pcent_gdp,"Government gross debt (% of GDP, IMF WEO)",2030,116.027
CYP,Cyprus,CYP.GGXWDG_NGDP.pcent_gdp,"Government gross debt (% of GDP, IMF WEO)",2015,111.554
CYP,Cyprus,CYP.GGXWDG_NGDP.pcent_gdp,"Government gross debt (% of GDP, IMF WEO)",2016,106.809
CYP,Cyprus,CYP.GGXWDG_NGDP.pcent_gdp,"Government gross debt (% of GDP, IMF WEO)",2017,96.375
CYP,Cyprus,CYP.GGXWDG_NGDP.pcent_gdp,"Government gross debt (% of GDP, IMF WEO)",2018,100.657
CYP,Cyprus,CYP.GGXWDG_NGDP.pcent_gdp,"Government gross debt (% of GDP, IMF WEO)",2019,92.293
CYP,Cyprus,CYP.GGXWDG_NGDP.pcent_gdp,"Government gross debt (% of GDP, IMF WEO)",2020,113.602
CYP,Cyprus,CYP.GGXWDG_NGDP.pcent_gdp,"Government gross debt (% of GDP, IMF WEO)",2021,96.48
CYP,Cyprus,CYP.GGXWDG_NGDP.pcent_gdp,"Government gross debt (% of GDP, IMF WEO)",2022,80.954
CYP,Cyprus,CYP.GGXWDG_NGDP.pcent_gdp,"Government gross debt (% of GDP, IMF WEO)",2023,73.631
CYP,Cyprus,CYP.GGXWDG_NGDP.pcent_gdp,"Government gross debt (% of GDP, IMF WEO)",2024,65.385
CYP,Cyprus,CYP.GGXWDG_NGDP.pcent_gdp,"Government gross debt (% of GDP, IMF WEO)",2025,60.282
CYP,Cyprus,CYP.GGXWDG_NGDP.pcent_gdp,"Government gross debt (% of GDP, IMF WEO)",2026,55.019
CYP,Cyprus,CYP.GGXWDG_NGDP.pcent_gdp,"Government gross debt (% of GDP, IMF WEO)",2027,49.781
CYP,Cyprus,CYP.GGXWDG_NGDP.pcent_gdp,"Government gross debt (% of GDP, IMF WEO)",2028,44.566
CYP,Cyprus,CYP.GGXWDG_NGDP.pcent_gdp,"Government gross debt (% of GDP, IMF WEO)",2029,41.224
CYP,Cyprus,CYP.GGXWDG_NGDP.pcent_gdp,"Government gross debt (% of GDP, IMF WEO)",2030,38.287
CZE,Czechia,CZE.GGXWDG_NGDP.pcent_gdp,"Government gross debt (% of GDP, IMF WEO)",2015,39.469
CZE,Czechia,CZE.GGXWDG_NGDP.pcent_gdp,"Government gross debt (% of GDP, IMF WEO)",2016,36.232
CZE,Czechia,CZE.GGXWDG_NGDP.pcent_gdp,"Government gross debt (% of GDP, IMF WEO)",2017,33.782
CZE,Czechia,CZE.GGXWDG_NGDP.pcent_gdp,"Government gross debt (% of GDP, IMF WEO)",2018,31.678
CZE,Czechia,CZE.GGXWDG_NGDP.pcent_gdp,"Government gross debt (% of GDP, IMF WEO)",2019,29.552
CZE,Czechia,CZE.GGXWDG_NGDP.pcent_gdp,"Government gross debt (% of GDP, IMF WEO)",2020,36.883
CZE,Czechia,CZE.GGXWDG_NGDP.pcent_gdp,"Government gross debt (% of GDP, IMF WEO)",2021,40.692
CZE,Czechia,CZE.GGXWDG_NGDP.pcent_gdp,"Government gross debt (% of GDP, IMF WEO)",2022,42.52
CZE,Czechia,CZE.GGXWDG_NGDP.pcent_gdp,"Government gross debt (% of GDP, IMF WEO)",2023,42.449
CZE,Czechia,CZE.GGXWDG_NGDP.pcent_gdp,"Government gross debt (% of GDP, IMF WEO)",2024,42.988
CZE,Czechia,CZE.GGXWDG_NGDP.pcent_gdp,"Government gross debt (% of GDP, IMF WEO)",2025,44.219
CZE,Czechia,CZE.GGXWDG_NGDP.pcent_gdp,"Government gross debt (% of GDP, IMF WEO)",2026,45.583
CZE,Czechia,CZE.GGXWDG_NGDP.pcent_gdp,"Government gross debt (% of GDP, IMF WEO)",2027,46.335
CZE,Czechia,CZE.GGXWDG_NGDP.pcent_gdp,"Government gross debt (% of GDP, IMF WEO)",2028,47.394
CZE,Czechia,CZE.GGXWDG_NGDP.pcent_gdp,"Government gross debt (% of GDP, IMF WEO)",2029,48.709
CZE,Czechia,CZE.GGXWDG_NGDP.pcent_gdp,"Government gross debt (% of GDP, IMF WEO)",2030,50.281
DEU,Germany,DEU.GGXWDG_NGDP.pcent_gdp,"Government gross debt (% of GDP, IMF WEO)",2015,71.216
DEU,Germany,DEU.GGXWDG_NGDP.pcent_gdp,"Government gross debt (% of GDP, IMF WEO)",2016,68.282
DEU,Germany,DEU.GGXWDG_NGDP.pcent_gdp,"Government gross debt (% of GDP, IMF WEO)",2017,64.026
DEU,Germany,DEU.GGXWDG_NGDP.pcent_gdp,"Government gross debt (% of GDP, IMF WEO)",2018,60.809
DEU,Germany,DEU.GGXWDG_NGDP.pcent_gdp,"Government gross debt (% of GDP, IMF WEO)",2019,58.701
DEU,Germany,DEU.GGXWDG_NGDP.pcent_gdp,"Government gross debt (% of GDP, IMF WEO)",2020,68.035
DEU,Germany,DEU.GGXWDG_NGDP.pcent_gdp,"Government gross debt (% of GDP, IMF WEO)",2021,68.077
DEU,Germany,DEU.GGXWDG_NGDP.pcent_gdp,"Government gross debt (% of GDP, IMF WEO)",2022,64.997
DEU,Germany,DEU.GGXWDG_NGDP.pcent_gdp,"Government gross debt (% of GDP, IMF WEO)",2023,62.878
DEU,Germany,DEU.GGXWDG_NGDP.pcent_gdp,"Government gross debt (% of GDP, IMF WEO)",2024,63.888
DEU,Germany,DEU.GGXWDG_NGDP.pcent_gdp,"Government gross debt (% of GDP, IMF WEO)",2025,65.381
DEU,Germany,DEU.GGXWDG_NGDP.pcent_gdp,"Government gross debt (% of GDP, IMF WEO)",2026,66.976
DEU,Germany,DEU.GGXWDG_NGDP.pcent_gdp,"Government gross debt (% of GDP, IMF WEO)",2027,68.529
DEU,Germany,DEU.GGXWDG_NGDP.pcent_gdp,"Government gross debt (% of GDP, IMF WEO)",2028,70.384
DEU,Germany,DEU.GGXWDG_NGDP.pcent_gdp,"Government gross debt (% of GDP, IMF WEO)",2029,72.494
DEU,Germany,DEU.GGXWDG_NGDP.pcent_gdp,"Government gross debt (% of GDP, IMF WEO)",2030,74.85
DNK,Denmark,DNK.GGXWDG_NGDP.pcent_gdp,"Government gross debt (% of GDP, IMF WEO)",2015,44.55
DNK,Denmark,DNK.GGXWDG_NGDP.pcent_gdp,"Government gross debt (% of GDP, IMF WEO)",2016,41.692
DNK,Denmark,DNK.GGXWDG_NGDP.pcent_gdp,"Government gross debt (% of GDP, IMF WEO)",2017,40.153
DNK,Denmark,DNK.GGXWDG_NGDP.pcent_gdp,"Government gross debt (% of GDP, IMF WEO)",2018,38.539
DNK,Denmark,DNK.GGXWDG_NGDP.pcent_gdp,"Government gross debt (% of GDP, IMF WEO)",2019,38.335
DNK,Denmark,DNK.GGXWDG_NGDP.pcent_gdp,"Government gross debt (% of GDP, IMF WEO)",2020,46.278
DNK,Denmark,DNK.GGXWDG_NGDP.pcent_gdp,"Government gross debt (% of GDP, IMF WEO)",2021,40.487
DNK,Denmark,DNK.GGXWDG_NGDP.pcent_gdp,"Government gross debt (% of GDP, IMF WEO)",2022,34.077
DNK,Denmark,DNK.GGXWDG_NGDP.pcent_gdp,"Government gross debt (% of GDP, IMF WEO)",2023,33.589
DNK,Denmark,DNK.GGXWDG_NGDP.pcent_gdp,"Government gross debt (% of GDP, IMF WEO)",2024,27.993
DNK,Denmark,DNK.GGXWDG_NGDP.pcent_gdp,"Government gross debt (% of GDP, IMF WEO)",2025,26.562
DNK,Denmark,DNK.GGXWDG_NGDP.pcent_gdp,"Government gross debt (% of GDP, IMF WEO)",2026,26.112
DNK,Denmark,DNK.GGXWDG_NGDP.pcent_gdp,"Government gross debt (% of GDP, IMF WEO)",2027,25.693
DNK,Denmark,DNK.GGXWDG_NGDP.pcent_gdp,"Government gross debt (% of GDP, IMF WEO)",2028,25.621
DNK,Denmark,DNK.GGXWDG_NGDP.pcent_gdp,"Government gross debt (% of GDP, IMF WEO)",2029,25.821
DNK,Denmark,DNK.GGXWDG_NGDP.pcent_gdp,"Government gross debt (% of GDP, IMF WEO)",2030,25.437
EGY,Egypt,EGY.GGXWDG_NGDP.pcent_gdp,"Government gross debt (% of GDP, IMF WEO)",2015,83.754
EGY,Egypt,EGY.GGXWDG_NGDP.pcent_gdp,"Government gross debt (% of GDP, IMF WEO)",2016,91.586
EGY,Egypt,EGY.GGXWDG_NGDP.pcent_gdp,"Government gross debt (% of GDP, IMF WEO)",2017,97.8
EGY,Egypt,EGY.GGXWDG_NGDP.pcent_gdp,"Government gross debt (% of GDP, IMF WEO)",2018,87.949
EGY,Egypt,EGY.GGXWDG_NGDP.pcent_gdp,"Government gross debt (% of GDP, IMF WEO)",2019,80.092
EGY,Egypt,EGY.GGXWDG_NGDP.pcent_gdp,"Government gross debt (% of GDP, IMF WEO)",2020,86.222
EGY,Egypt,EGY.GGXWDG_NGDP.pcent_gdp,"Government gross debt (% of GDP, IMF WEO)",2021,89.903
EGY,Egypt,EGY.GGXWDG_NGDP.pcent_gdp,"Government gross debt (% of GDP, IMF WEO)",2022,88.534
EGY,Egypt,EGY.GGXWDG_NGDP.pcent_gdp,"Government gross debt (% of GDP, IMF WEO)",2023,95.93
EGY,Egypt,EGY.GGXWDG_NGDP.pcent_gdp,"Government gross debt (% of GDP, IMF WEO)",2024,90.925
EGY,Egypt,EGY.GGXWDG_NGDP.pcent_gdp,"Government gross debt (% of GDP, IMF WEO)",2025,86.589
EGY,Egypt,EGY.GGXWDG_NGDP.pcent_gdp,"Government gross debt (% of GDP, IMF WEO)",2026,85.093
EGY,Egypt,EGY.GGXWDG_NGDP.pcent_gdp,"Government gross debt (% of GDP, IMF WEO)",2027,81.988
EGY,Egypt,EGY.GGXWDG_NGDP.pcent_gdp,"Government gross debt (% of GDP, IMF WEO)",2028,78.709
EGY,Egypt,EGY.GGXWDG_NGDP.pcent_gdp,"Government gross debt (% of GDP, IMF WEO)",2029,75.336
EGY,Egypt,EGY.GGXWDG_NGDP.pcent_gdp,"Government gross debt (% of GDP, IMF WEO)",2030,71.369
EST,Estonia,EST.GGXWDG_NGDP.pcent_gdp,"Government gross debt (% of GDP, IMF WEO)",2015,10.79
EST,Estonia,EST.GGXWDG_NGDP.pcent_gdp,"Government gross debt (% of GDP, IMF WEO)",2016,10.239
EST,Estonia,EST.GGXWDG_NGDP.pcent_gdp,"Government gross debt (% of GDP, IMF WEO)",2017,9.434
EST,Estonia,EST.GGXWDG_NGDP.pcent_gdp,"Government gross debt (% of GDP, IMF WEO)",2018,8.507
EST,Estonia,EST.GGXWDG_NGDP.pcent_gdp,"Government gross debt (% of GDP, IMF WEO)",2019,9.047
EST,Estonia,EST.GGXWDG_NGDP.pcent_gdp,"Government gross debt (% of GDP, IMF WEO)",2020,19.096
EST,Estonia,EST.GGXWDG_NGDP.pcent_gdp,"Government gross debt (% of GDP, IMF WEO)",2021,18.419
EST,Estonia,EST.GGXWDG_NGDP.pcent_gdp,"Government gross debt (% of GDP, IMF WEO)",2022,19.112
EST,Estonia,EST.GGXWDG_NGDP.pcent_gdp,"Government gross debt (% of GDP, IMF WEO)",2023,20.184
EST,Estonia,EST.GGXWDG_NGDP.pcent_gdp,"Government gross debt (% of GDP, IMF WEO)",2024,23.619
EST,Estonia,EST.GGXWDG_NGDP.pcent_gdp,"Government gross debt (% of GDP, IMF WEO)",2025,25.405
EST,Estonia,EST.GGXWDG_NGDP.pcent_gdp,"Government gross debt (% of GDP, IMF WEO)",2026,27.298
EST,Estonia,EST.GGXWDG_NGDP.pcent_gdp,"Government gross debt (% of GDP, IMF WEO)",2027,29.322
EST,Estonia,EST.GGXWDG_NGDP.pcent_gdp,"Government gross debt (% of GDP, IMF WEO)",2028,30.332
EST,Estonia,EST.GGXWDG_NGDP.pcent_gdp,"Government gross debt (% of GDP, IMF WEO)",2029,32.573
EST,Estonia,EST.GGXWDG_NGDP.pcent_gdp,"Government gross debt (% of GDP, IMF WEO)",2030,35.24
FIN,Finland,FIN.GGXWDG_NGDP.pcent_gdp,"Government gross debt (% of GDP, IMF WEO)",2015,68.764
FIN,Finland,FIN.GGXWDG_NGDP.pcent_gdp,"Government gross debt (% of GDP, IMF WEO)",2016,68.649
FIN,Finland,FIN.GGXWDG_NGDP.pcent_gdp,"Government gross debt (% of GDP, IMF WEO)",2017,66.581
FIN,Finland,FIN.GGXWDG_NGDP.pcent_gdp,"Government gross debt (% of GDP, IMF WEO)",2018,65.278
FIN,Finland,FIN.GGXWDG_NGDP.pcent_gdp,"Government gross debt (% of GDP, IMF WEO)",2019,65.241
FIN,Finland,FIN.GGXWDG_NGDP.pcent_gdp,"Government gross debt (% of GDP, IMF WEO)",2020,75.415
FIN,Finland,FIN.GGXWDG_NGDP.pcent_gdp,"Government gross debt (% of GDP, IMF WEO)",2021,73.247
FIN,Finland,FIN.GGXWDG_NGDP.pcent_gdp,"Government gross debt (% of GDP, IMF WEO)",2022,74.034
FIN,Finland,FIN.GGXWDG_NGDP.pcent_gdp,"Government gross debt (% of GDP, IMF WEO)",2023,77.302
FIN,Finland,FIN.GGXWDG_NGDP.pcent_gdp,"Government gross debt (% of GDP, IMF WEO)",2024,82.53
FIN,Finland,FIN.GGXWDG_NGDP.pcent_gdp,"Government gross debt (% of GDP, IMF WEO)",2025,86.441
FIN,Finland,FIN.GGXWDG_NGDP.pcent_gdp,"Government gross debt (% of GDP, IMF WEO)",2026,88.011
FIN,Finland,FIN.GGXWDG_NGDP.pcent_gdp,"Government gross debt (% of GDP, IMF WEO)",2027,88.579
FIN,Finland,FIN.GGXWDG_NGDP.pcent_gdp,"Government gross debt (% of GDP, IMF WEO)",2028,89.393
FIN,Finland,FIN.GGXWDG_NGDP.pcent_gdp,"Government gross debt (% of GDP, IMF WEO)",2029,90.058
FIN,Finland,FIN.GGXWDG_NGDP.pcent_gdp,"Government gross debt (% of GDP, IMF WEO)",2030,90.514
FRA,France,FRA.GGXWDG_NGDP.pcent_gdp,"Government gross debt (% of GDP, IMF WEO)",2015,96.943
FRA,France,FRA.GGXWDG_NGDP.pcent_gdp,"Government gross debt (% of GDP, IMF WEO)",2016,98.126
FRA,France,FRA.GGXWDG_NGDP.pcent_gdp,"Government gross debt (% of GDP, IMF WEO)",2017,98.722
FRA,France,FRA.GGXWDG_NGDP.pcent_gdp,"Government gross debt (% of GDP, IMF WEO)",2018,98.49
FRA,France,FRA.GGXWDG_NGDP.pcent_gdp,"Government gross debt (% of GDP, IMF WEO)",2019,98.104
FRA,France,FRA.GGXWDG_NGDP.pcent_gdp,"Government gross debt (% of GDP, IMF WEO)",2020,114.831
FRA,France,FRA.GGXWDG_NGDP.pcent_gdp,"Government gross debt (% of GDP, IMF WEO)",2021,112.703
FRA,France,FRA.GGXWDG_NGDP.pcent_gdp,"Government gross debt (% of GDP, IMF WEO)",2022,111.286
FRA,France,FRA.GGXWDG_NGDP.pcent_gdp,"Government gross debt (% of GDP, IMF WEO)",2023,109.733
FRA,France,FRA.GGXWDG_NGDP.pcent_gdp,"Government gross debt (% of GDP, IMF WEO)",2024,113.105
FRA,France,FRA.GGXWDG_NGDP.pcent_gdp,"Government gross debt (% of GDP, IMF WEO)",2025,116.301
FRA,France,FRA.GGXWDG_NGDP.pcent_gdp,"Government gross debt (% of GDP, IMF WEO)",2026,119.122
FRA,France,FRA.GGXWDG_NGDP.pcent_gdp,"Government gross debt (% of GDP, IMF WEO)",2027,121.585
FRA,France,FRA.GGXWDG_NGDP.pcent_gdp,"Government gross debt (% of GDP, IMF WEO)",2028,123.916
FRA,France,FRA.GGXWDG_NGDP.pcent_gdp,"Government gross debt (% of GDP, IMF WEO)",2029,126.137
FRA,France,FRA.GGXWDG_NGDP.pcent_gdp,"Government gross debt (% of GDP, IMF WEO)",2030,128.39
GBR,United Kingdom,GBR.GGXWDG_NGDP.pcent_gdp,"Government gross debt (% of GDP, IMF WEO)",2015,87.867
GBR,United Kingdom,GBR.GGXWDG_NGDP.pcent_gdp,"Government gross debt (% of GDP, IMF WEO)",2016,87.825
GBR,United Kingdom,GBR.GGXWDG_NGDP.pcent_gdp,"Government gross debt (% of GDP, IMF WEO)",2017,86.723
GBR,United Kingdom,GBR.GGXWDG_NGDP.pcent_gdp,"Government gross debt (% of GDP, IMF WEO)",2018,86.345
GBR,United Kingdom,GBR.GGXWDG_NGDP.pcent_gdp,"Government gross debt (% of GDP, IMF WEO)",2019,85.657
GBR,United Kingdom,GBR.GGXWDG_NGDP.pcent_gdp,"Government gross debt (% of GDP, IMF WEO)",2020,105.84
GBR,United Kingdom,GBR.GGXWDG_NGDP.pcent_gdp,"Government gross debt (% of GDP, IMF WEO)",2021,105.131
GBR,United Kingdom,GBR.GGXWDG_NGDP.pcent_gdp,"Government gross debt (% of GDP, IMF WEO)",2022,99.614
GBR,United Kingdom,GBR.GGXWDG_NGDP.pcent_gdp,"Government gross debt (% of GDP, IMF WEO)",2023,100.354
GBR,United Kingdom,GBR.GGXWDG_NGDP.pcent_gdp,"Government gross debt (% of GDP, IMF WEO)",2024,101.227
GBR,United Kingdom,GBR.GGXWDG_NGDP.pcent_gdp,"Government gross debt (% of GDP, IMF WEO)",2025,103.894
GBR,United Kingdom,GBR.GGXWDG_NGDP.pcent_gdp,"Government gross debt (% of GDP, IMF WEO)",2026,105.399
GBR,United Kingdom,GBR.GGXWDG_NGDP.pcent_gdp,"Government gross debt (% of GDP, IMF WEO)",2027,106.133
GBR,United Kingdom,GBR.GGXWDG_NGDP.pcent_gdp,"Government gross debt (% of GDP, IMF WEO)",2028,106.517
GBR,United Kingdom,GBR.GGXWDG_NGDP.pcent_gdp,"Government gross debt (% of GDP, IMF WEO)",2029,106.45
GBR,United Kingdom,GBR.GGXWDG_NGDP.pcent_gdp,"Government gross debt (% of GDP, IMF WEO)",2030,106.062
HKG,Hong Kong,HKG.GGXWDG_NGDP.pcent_gdp,"Government gross debt (% of GDP, IMF WEO)",2015,0.062
HKG,Hong Kong,HKG.GGXWDG_NGDP.pcent_gdp,"Government gross debt (% of GDP, IMF WEO)",2016,0.059
HKG,Hong Kong,HKG.GGXWDG_NGDP.pcent_gdp,"Government gross debt (% of GDP, IMF WEO)",2017,0.055
HKG,Hong Kong,HKG.GGXWDG_NGDP.pcent_gdp,"Government gross debt (% of GDP, IMF WEO)",2018,0.052
HKG,Hong Kong,HKG.GGXWDG_NGDP.pcent_gdp,"Government gross debt (% of GDP, IMF WEO)",2019,0.267
HKG,Hong Kong,HKG.GGXWDG_NGDP.pcent_gdp,"Government gross debt (% of GDP, IMF WEO)",2020,0.997
HKG,Hong Kong,HKG.GGXWDG_NGDP.pcent_gdp,"Government gross debt (% of GDP, IMF WEO)",2021,1.938
HKG,Hong Kong,HKG.GGXWDG_NGDP.pcent_gdp,"Government gross debt (% of GDP, IMF WEO)",2022,4.276
HKG,Hong Kong,HKG.GGXWDG_NGDP.pcent_gdp,"Government gross debt (% of GDP, IMF WEO)",2023,6.328
HKG,Hong Kong,HKG.GGXWDG_NGDP.pcent_gdp,"Government gross debt (% of GDP, IMF WEO)",2024,9.274
HKG,Hong Kong,HKG.GGXWDG_NGDP.pcent_gdp,"Government gross debt (% of GDP, IMF WEO)",2025,11.806
HKG,Hong Kong,HKG.GGXWDG_NGDP.pcent_gdp,"Government gross debt (% of GDP, IMF WEO)",2026,14.314
HKG,Hong Kong,HKG.GGXWDG_NGDP.pcent_gdp,"Government gross debt (% of GDP, IMF WEO)",2027,14.309
HKG,Hong Kong,HKG.GGXWDG_NGDP.pcent_gdp,"Government gross debt (% of GDP, IMF WEO)",2028,14.693
HKG,Hong Kong,HKG.GGXWDG_NGDP.pcent_gdp,"Government gross debt (% of GDP, IMF WEO)",2029,14.692
HKG,Hong Kong,HKG.GGXWDG_NGDP.pcent_gdp,"Government gross debt (% of GDP, IMF WEO)",2030,14.65
HUN,Hungary,HUN.GGXWDG_NGDP.pcent_gdp,"Government gross debt (% of GDP, IMF WEO)",2015,75.724
HUN,Hungary,HUN.GGXWDG_NGDP.pcent_gdp,"Government gross debt (% of GDP, IMF WEO)",2016,74.646
HUN,Hungary,HUN.GGXWDG_NGDP.pcent_gdp,"Government gross debt (% of GDP, IMF WEO)",2017,72.002
HUN,Hungary,HUN.GGXWDG_NGDP.pcent_gdp,"Government gross debt (% of GDP, IMF WEO)",2018,68.816
HUN,Hungary,HUN.GGXWDG_NGDP.pcent_gdp,"Government gross debt (% of GDP, IMF WEO)",2019,64.988
HUN,Hungary,HUN.GGXWDG_NGDP.pcent_gdp,"Government gross debt (% of GDP, IMF WEO)",2020,78.687
HUN,Hungary,HUN.GGXWDG_NGDP.pcent_gdp,"Government gross debt (% of GDP, IMF WEO)",2021,76.215
HUN,Hungary,HUN.GGXWDG_NGDP.pcent_gdp,"Government gross debt (% of GDP, IMF WEO)",2022,73.858
HUN,Hungary,HUN.GGXWDG_NGDP.pcent_gdp,"Government gross debt (% of GDP, IMF WEO)",2023,72.966
HUN,Hungary,HUN.GGXWDG_NGDP.pcent_gdp,"Government gross debt (% of GDP, IMF WEO)",2024,73.453
HUN,Hungary,HUN.GGXWDG_NGDP.pcent_gdp,"Government gross debt (% of GDP, IMF WEO)",2025,73.508
HUN,Hungary,HUN.GGXWDG_NGDP.pcent_gdp,"Government gross debt (% of GDP, IMF WEO)",2026,73.449
HUN,Hungary,HUN.GGXWDG_NGDP.pcent_gdp,"Government gross debt (% of GDP, IMF WEO)",2027,73.471
HUN,Hungary,HUN.GGXWDG_NGDP.pcent_gdp,"Government gross debt (% of GDP, IMF WEO)",2028,73.444
HUN,Hungary,HUN.GGXWDG_NGDP.pcent_gdp,"Government gross debt (% of GDP, IMF WEO)",2029,73.372
HUN,Hungary,HUN.GGXWDG_NGDP.pcent_gdp,"Government gross debt (% of GDP, IMF WEO)",2030,73.194
IDN,Indonesia,IDN.GGXWDG_NGDP.pcent_gdp,"Government gross debt (% of GDP, IMF WEO)",2015,27.013
IDN,Indonesia,IDN.GGXWDG_NGDP.pcent_gdp,"Government gross debt (% of GDP, IMF WEO)",2016,27.955
IDN,Indonesia,IDN.GGXWDG_NGDP.pcent_gdp,"Government gross debt (% of GDP, IMF WEO)",2017,29.396
IDN,Indonesia,IDN.GGXWDG_NGDP.pcent_gdp,"Government gross debt (% of GDP, IMF WEO)",2018,30.423
IDN,Indonesia,IDN.GGXWDG_NGDP.pcent_gdp,"Government gross debt (% of GDP, IMF WEO)",2019,30.563
IDN,Indonesia,IDN.GGXWDG_NGDP.pcent_gdp,"Government gross debt (% of GDP, IMF WEO)",2020,39.747
IDN,Indonesia,IDN.GGXWDG_NGDP.pcent_gdp,"Government gross debt (% of GDP, IMF WEO)",2021,41.14
IDN,Indonesia,IDN.GGXWDG_NGDP.pcent_gdp,"Government gross debt (% of GDP, IMF WEO)",2022,40.141
IDN,Indonesia,IDN.GGXWDG_NGDP.pcent_gdp,"Government gross debt (% of GDP, IMF WEO)",2023,39.601
IDN,Indonesia,IDN.GGXWDG_NGDP.pcent_gdp,"Government gross debt (% of GDP, IMF WEO)",2024,40.189
IDN,Indonesia,IDN.GGXWDG_NGDP.pcent_gdp,"Government gross debt (% of GDP, IMF WEO)",2025,40.99
IDN,Indonesia,IDN.GGXWDG_NGDP.pcent_gdp,"Government gross debt (% of GDP, IMF WEO)",2026,40.976
IDN,Indonesia,IDN.GGXWDG_NGDP.pcent_gdp,"Government gross debt (% of GDP, IMF WEO)",2027,40.99
IDN,Indonesia,IDN.GGXWDG_NGDP.pcent_gdp,"Government gross debt (% of GDP, IMF WEO)",2028,40.922
IDN,Indonesia,IDN.GGXWDG_NGDP.pcent_gdp,"Government gross debt (% of GDP, IMF WEO)",2029,40.765
IDN,Indonesia,IDN.GGXWDG_NGDP.pcent_gdp,"Government gross debt (% of GDP, IMF WEO)",2030,40.588
IND,India,IND.GGXWDG_NGDP.pcent_gdp,"Government gross debt (% of GDP, IMF WEO)",2015,69.049
IND,India,IND.GGXWDG_NGDP.pcent_gdp,"Government gross debt (% of GDP, IMF WEO)",2016,68.943
IND,India,IND.GGXWDG_NGDP.pcent_gdp,"Government gross debt (% of GDP, IMF WEO)",2017,69.669
IND,India,IND.GGXWDG_NGDP.pcent_gdp,"Government gross debt (% of GDP, IMF WEO)",2018,70.392
IND,India,IND.GGXWDG_NGDP.pcent_gdp,"Government gross debt (% of GDP, IMF WEO)",2019,75.04
IND,India,IND.GGXWDG_NGDP.pcent_gdp,"Government gross debt (% of GDP, IMF WEO)",2020,88.427
IND,India,IND.GGXWDG_NGDP.pcent_gdp,"Government gross debt (% of GDP, IMF WEO)",2021,83.487
IND,India,IND.GGXWDG_NGDP.pcent_gdp,"Government gross debt (% of GDP, IMF WEO)",2022,82.173
IND,India,IND.GGXWDG_NGDP.pcent_gdp,"Government gross debt (% of GDP, IMF WEO)",2023,81.231
IND,India,IND.GGXWDG_NGDP.pcent_gdp,"Government gross debt (% of GDP, IMF WEO)",2024,81.286
IND,India,IND.GGXWDG_NGDP.pcent_gdp,"Government gross debt (% of GDP, IMF WEO)",2025,80.391
IND,India,IND.GGXWDG_NGDP.pcent_gdp,"Government gross debt (% of GDP, IMF WEO)",2026,79.605
IND,India,IND.GGXWDG_NGDP.pcent_gdp,"Government gross debt (% of GDP, IMF WEO)",2027,78.775
IND,India,IND.GGXWDG_NGDP.pcent_gdp,"Government gross debt (% of GDP, IMF WEO)",2028,77.882
IND,India,IND.GGXWDG_NGDP.pcent_gdp,"Government gross debt (% of GDP, IMF WEO)",2029,76.919
IND,India,IND.GGXWDG_NGDP.pcent_gdp,"Government gross debt (% of GDP, IMF WEO)",2030,75.845
IRL,Ireland,IRL.GGXWDG_NGDP.pcent_gdp,"Government gross debt (% of GDP, IMF WEO)",2015,73.962
IRL,Ireland,IRL.GGXWDG_NGDP.pcent_gdp,"Government gross debt (% of GDP, IMF WEO)",2016,72.64
IRL,Ireland,IRL.GGXWDG_NGDP.pcent_gdp,"Government gross debt (% of GDP, IMF WEO)",2017,65.234
IRL,Ireland,IRL.GGXWDG_NGDP.pcent_gdp,"Government gross debt (% of GDP, IMF WEO)",2018,61.472
IRL,Ireland,IRL.GGXWDG_NGDP.pcent_gdp,"Government gross debt (% of GDP, IMF WEO)",2019,55.924
IRL,Ireland,IRL.GGXWDG_NGDP.pcent_gdp,"Government gross debt (% of GDP, IMF WEO)",2020,57.007
IRL,Ireland,IRL.GGXWDG_NGDP.pcent_gdp,"Government gross debt (% of GDP, IMF WEO)",2021,52.564
IRL,Ireland,IRL.GGXWDG_NGDP.pcent_gdp,"Government gross debt (% of GDP, IMF WEO)",2022,43.149
IRL,Ireland,IRL.GGXWDG_NGDP.pcent_gdp,"Government gross debt (% of GDP, IMF WEO)",2023,43.283
IRL,Ireland,IRL.GGXWDG_NGDP.pcent_gdp,"Government gross debt (% of GDP, IMF WEO)",2024,41.113
IRL,Ireland,IRL.GGXWDG_NGDP.pcent_gdp,"Government gross debt (% of GDP, IMF WEO)",2025,36.681
IRL,Ireland,IRL.GGXWDG_NGDP.pcent_gdp,"Government gross debt (% of GDP, IMF WEO)",2026,34.346
IRL,Ireland,IRL.GGXWDG_NGDP.pcent_gdp,"Government gross debt (% of GDP, IMF WEO)",2027,32.763
IRL,Ireland,IRL.GGXWDG_NGDP.pcent_gdp,"Government gross debt (% of GDP, IMF WEO)",2028,30.996
IRL,Ireland,IRL.GGXWDG_NGDP.pcent_gdp,"Government gross debt (% of GDP, IMF WEO)",2029,29.346
IRL,Ireland,IRL.GGXWDG_NGDP.pcent_gdp,"Government gross debt (% of GDP, IMF WEO)",2030,27.958
ISL,Iceland,ISL.GGXWDG_NGDP.pcent_gdp,"Government gross debt (% of GDP, IMF WEO)",2015,97.323
ISL,Iceland,ISL.GGXWDG_NGDP.pcent_gdp,"Government gross debt (% of GDP, IMF WEO)",2016,82.471
ISL,Iceland,ISL.GGXWDG_NGDP.pcent_gdp,"Government gross debt (% of GDP, IMF WEO)",2017,71.742
ISL,Iceland,ISL.GGXWDG_NGDP.pcent_gdp,"Government gross debt (% of GDP, IMF WEO)",2018,63.247
ISL,Iceland,ISL.GGXWDG_NGDP.pcent_gdp,"Government gross debt (% of GDP, IMF WEO)",2019,66.528
ISL,Iceland,ISL.GGXWDG_NGDP.pcent_gdp,"Government gross debt (% of GDP, IMF WEO)",2020,77.512
ISL,Iceland,ISL.GGXWDG_NGDP.pcent_gdp,"Government gross debt (% of GDP, IMF WEO)",2021,74.915
ISL,Iceland,ISL.GGXWDG_NGDP.pcent_gdp,"Government gross debt (% of GDP, IMF WEO)",2022,67.534
ISL,Iceland,ISL.GGXWDG_NGDP.pcent_gdp,"Government gross debt (% of GDP, IMF WEO)",2023,61.991
ISL,Iceland,ISL.GGXWDG_NGDP.pcent_gdp,"Government gross debt (% of GDP, IMF WEO)",2024,59.077
ISL,Iceland,ISL.GGXWDG_NGDP.pcent_gdp,"Government gross debt (% of GDP, IMF WEO)",2025,52.854
ISL,Iceland,ISL.GGXWDG_NGDP.pcent_gdp,"Government gross debt (% of GDP, IMF WEO)",2026,49.799
ISL,Iceland,ISL.GGXWDG_NGDP.pcent_gdp,"Government gross debt (% of GDP, IMF WEO)",2027,47.289
ISL,Iceland,ISL.GGXWDG_NGDP.pcent_gdp,"Government gross debt (% of GDP, IMF WEO)",2028,44.954
ISL,Iceland,ISL.GGXWDG_NGDP.pcent_gdp,"Government gross debt (% of GDP, IMF WEO)",2029,42.702
ISL,Iceland,ISL.GGXWDG_NGDP.pcent_gdp,"Government gross debt (% of GDP, IMF WEO)",2030,40.486
ISR,Israel,ISR.GGXWDG_NGDP.pcent_gdp,"Government gross debt (% of GDP, IMF WEO)",2015,63.03
ISR,Israel,ISR.GGXWDG_NGDP.pcent_gdp,"Government gross debt (% of GDP, IMF WEO)",2016,61.565
ISR,Israel,ISR.GGXWDG_NGDP.pcent_gdp,"Government gross debt (% of GDP, IMF WEO)",2017,59.642
ISR,Israel,ISR.GGXWDG_NGDP.pcent_gdp,"Government gross debt (% of GDP, IMF WEO)",2018,59.948
ISR,Israel,ISR.GGXWDG_NGDP.pcent_gdp,"Government gross debt (% of GDP, IMF WEO)",2019,59.092
ISR,Israel,ISR.GGXWDG_NGDP.pcent_gdp,"Government gross debt (% of GDP, IMF WEO)",2020,71.106
ISR,Israel,ISR.GGXWDG_NGDP.pcent_gdp,"Government gross debt (% of GDP, IMF WEO)",2021,67.8
ISR,Israel,ISR.GGXWDG_NGDP.pcent_gdp,"Government gross debt (% of GDP, IMF WEO)",2022,60.47
ISR,Israel,ISR.GGXWDG_NGDP.pcent_gdp,"Government gross debt (% of GDP, IMF WEO)",2023,61.614
ISR,Israel,ISR.GGXWDG_NGDP.pcent_gdp,"Government gross debt (% of GDP, IMF WEO)",2024,67.878
ISR,Israel,ISR.GGXWDG_NGDP.pcent_gdp,"Government gross debt (% of GDP, IMF WEO)",2025,69.083
ISR,Israel,ISR.GGXWDG_NGDP.pcent_gdp,"Government gross debt (% of GDP, IMF WEO)",2026,69.341
ISR,Israel,ISR.GGXWDG_NGDP.pcent_gdp,"Government gross debt (% of GDP, IMF WEO)",2027,69.558
ISR,Israel,ISR.GGXWDG_NGDP.pcent_gdp,"Government gross debt (% of GDP, IMF WEO)",2028,69.816
ISR,Israel,ISR.GGXWDG_NGDP.pcent_gdp,"Government gross debt (% of GDP, IMF WEO)",2029,70.01
ISR,Israel,ISR.GGXWDG_NGDP.pcent_gdp,"Government gross debt (% of GDP, IMF WEO)",2030,70.171
ITA,Italy,ITA.GGXWDG_NGDP.pcent_gdp,"Government gross debt (% of GDP, IMF WEO)",2015,134.746
ITA,Italy,ITA.GGXWDG_NGDP.pcent_gdp,"Government gross debt (% of GDP, IMF WEO)",2016,134.195
ITA,Italy,ITA.GGXWDG_NGDP.pcent_gdp,"Government gross debt (% of GDP, IMF WEO)",2017,133.689
ITA,Italy,ITA.GGXWDG_NGDP.pcent_gdp,"Government gross debt (% of GDP, IMF WEO)",2018,134.138
ITA,Italy,ITA.GGXWDG_NGDP.pcent_gdp,"Government gross debt (% of GDP, IMF WEO)",2019,133.823
ITA,Italy,ITA.GGXWDG_NGDP.pcent_gdp,"Government gross debt (% of GDP, IMF WEO)",2020,154.288
ITA,Italy,ITA.GGXWDG_NGDP.pcent_gdp,"Government gross debt (% of GDP, IMF WEO)",2021,145.735
ITA,Italy,ITA.GGXWDG_NGDP.pcent_gdp,"Government gross debt (% of GDP, IMF WEO)",2022,138.279
ITA,Italy,ITA.GGXWDG_NGDP.pcent_gdp,"Government gross debt (% of GDP, IMF WEO)",2023,134.579
ITA,Italy,ITA.GGXWDG_NGDP.pcent_gdp,"Government gross debt (% of GDP, IMF WEO)",2024,135.286
ITA,Italy,ITA.GGXWDG_NGDP.pcent_gdp,"Government gross debt (% of GDP, IMF WEO)",2025,137.28
ITA,Italy,ITA.GGXWDG_NGDP.pcent_gdp,"Government gross debt (% of GDP, IMF WEO)",2026,138.48
ITA,Italy,ITA.GGXWDG_NGDP.pcent_gdp,"Government gross debt (% of GDP, IMF WEO)",2027,138.599
ITA,Italy,ITA.GGXWDG_NGDP.pcent_gdp,"Government gross debt (% of GDP, IMF WEO)",2028,138.175
ITA,Italy,ITA.GGXWDG_NGDP.pcent_gdp,"Government gross debt (% of GDP, IMF WEO)",2029,137.738
ITA,Italy,ITA.GGXWDG_NGDP.pcent_gdp,"Government gross debt (% of GDP, IMF WEO)",2030,137.695
KAZ,Kazakhstan,KAZ.GGXWDG_NGDP.pcent_gdp,"Government gross debt (% of GDP, IMF WEO)",2015,21.882
KAZ,Kazakhstan,KAZ.GGXWDG_NGDP.pcent_gdp,"Government gross debt (% of GDP, IMF WEO)",2016,19.677
KAZ,Kazakhstan,KAZ.GGXWDG_NGDP.pcent_gdp,"Government gross debt (% of GDP, IMF WEO)",2017,19.869
KAZ,Kazakhstan,KAZ.GGXWDG_NGDP.pcent_gdp,"Government gross debt (% of GDP, IMF WEO)",2018,20.259
KAZ,Kazakhstan,KAZ.GGXWDG_NGDP.pcent_gdp,"Government gross debt (% of GDP, IMF WEO)",2019,19.944
KAZ,Kazakhstan,KAZ.GGXWDG_NGDP.pcent_gdp,"Government gross debt (% of GDP, IMF WEO)",2020,26.357
KAZ,Kazakhstan,KAZ.GGXWDG_NGDP.pcent_gdp,"Government gross debt (% of GDP, IMF WEO)",2021,25.1
KAZ,Kazakhstan,KAZ.GGXWDG_NGDP.pcent_gdp,"Government gross debt (% of GDP, IMF WEO)",2022,23.524
KAZ,Kazakhstan,KAZ.GGXWDG_NGDP.pcent_gdp,"Government gross debt (% of GDP, IMF WEO)",2023,22.982
KAZ,Kazakhstan,KAZ.GGXWDG_NGDP.pcent_gdp,"Government gross debt (% of GDP, IMF WEO)",2024,24.804
KAZ,Kazakhstan,KAZ.GGXWDG_NGDP.pcent_gdp,"Government gross debt (% of GDP, IMF WEO)",2025,25.371
KAZ,Kazakhstan,KAZ.GGXWDG_NGDP.pcent_gdp,"Government gross debt (% of GDP, IMF WEO)",2026,27.879
KAZ,Kazakhstan,KAZ.GGXWDG_NGDP.pcent_gdp,"Government gross debt (% of GDP, IMF WEO)",2027,29.862
KAZ,Kazakhstan,KAZ.GGXWDG_NGDP.pcent_gdp,"Government gross debt (% of GDP, IMF WEO)",2028,31.81
KAZ,Kazakhstan,KAZ.GGXWDG_NGDP.pcent_gdp,"Government gross debt (% of GDP, IMF WEO)",2029,33.494
KAZ,Kazakhstan,KAZ.GGXWDG_NGDP.pcent_gdp,"Government gross debt (% of GDP, IMF WEO)",2030,34.576
KEN,Kenya,KEN.GGXWDG_NGDP.pcent_gdp,"Government gross debt (% of GDP, IMF WEO)",2015,45.832
KEN,Kenya,KEN.GGXWDG_NGDP.pcent_gdp,"Government gross debt (% of GDP, IMF WEO)",2016,50.399
KEN,Kenya,KEN.GGXWDG_NGDP.pcent_gdp,"Government gross debt (% of GDP, IMF WEO)",2017,53.866
KEN,Kenya,KEN.GGXWDG_NGDP.pcent_gdp,"Government gross debt (% of GDP, IMF WEO)",2018,56.449
KEN,Kenya,KEN.GGXWDG_NGDP.pcent_gdp,"Government gross debt (% of GDP, IMF WEO)",2019,59.085
KEN,Kenya,KEN.GGXWDG_NGDP.pcent_gdp,"Government gross debt (% of GDP, IMF WEO)",2020,67.965
KEN,Kenya,KEN.GGXWDG_NGDP.pcent_gdp,"Government gross debt (% of GDP, IMF WEO)",2021,68.232
KEN,Kenya,KEN.GGXWDG_NGDP.pcent_gdp,"Government gross debt (% of GDP, IMF WEO)",2022,67.8
KEN,Kenya,KEN.GGXWDG_NGDP.pcent_gdp,"Government gross debt (% of GDP, IMF WEO)",2023,73.04
KEN,Kenya,KEN.GGXWDG_NGDP.pcent_gdp,"Government gross debt (% of GDP, IMF WEO)",2024,65.59
KEN,Kenya,KEN.GGXWDG_NGDP.pcent_gdp,"Government gross debt (% of GDP, IMF WEO)",2025,68.344
KEN,Kenya,KEN.GGXWDG_NGDP.pcent_gdp,"Government gross debt (% of GDP, IMF WEO)",2026,70.241
KEN,Kenya,KEN.GGXWDG_NGDP.pcent_gdp,"Government gross debt (% of GDP, IMF WEO)",2027,69.772
KEN,Kenya,KEN.GGXWDG_NGDP.pcent_gdp,"Government gross debt (% of GDP, IMF WEO)",2028,68.14
KEN,Kenya,KEN.GGXWDG_NGDP.pcent_gdp,"Government gross debt (% of GDP, IMF WEO)",2029,66.18
KEN,Kenya,KEN.GGXWDG_NGDP.pcent_gdp,"Government gross debt (% of GDP, IMF WEO)",2030,64.43
KWT,Kuwait,KWT.GGXWDG_NGDP.pcent_gdp,"Government gross debt (% of GDP, IMF WEO)",2015,4.604
KWT,Kuwait,KWT.GGXWDG_NGDP.pcent_gdp,"Government gross debt (% of GDP, IMF WEO)",2016,9.884
KWT,Kuwait,KWT.GGXWDG_NGDP.pcent_gdp,"Government gross debt (% of GDP, IMF WEO)",2017,19.619
KWT,Kuwait,KWT.GGXWDG_NGDP.pcent_gdp,"Government gross debt (% of GDP, IMF WEO)",2018,14.262
KWT,Kuwait,KWT.GGXWDG_NGDP.pcent_gdp,"Government gross debt (% of GDP, IMF WEO)",2019,10.517
KWT,Kuwait,KWT.GGXWDG_NGDP.pcent_gdp,"Government gross debt (% of GDP, IMF WEO)",2020,10.23
KWT,Kuwait,KWT.GGXWDG_NGDP.pcent_gdp,"Government gross debt (% of GDP, IMF WEO)",2021,7.192
KWT,Kuwait,KWT.GGXWDG_NGDP.pcent_gdp,"Government gross debt (% of GDP, IMF WEO)",2022,2.944
KWT,Kuwait,KWT.GGXWDG_NGDP.pcent_gdp,"Government gross debt (% of GDP, IMF WEO)",2023,3.166
KWT,Kuwait,KWT.GGXWDG_NGDP.pcent_gdp,"Government gross debt (% of GDP, IMF WEO)",2024,3.036
KWT,Kuwait,KWT.GGXWDG_NGDP.pcent_gdp,"Government gross debt (% of GDP, IMF WEO)",2025,7.354
KWT,Kuwait,KWT.GGXWDG_NGDP.pcent_gdp,"Government gross debt (% of GDP, IMF WEO)",2026,10.77
KWT,Kuwait,KWT.GGXWDG_NGDP.pcent_gdp,"Government gross debt (% of GDP, IMF WEO)",2027,15.278
KWT,Kuwait,KWT.GGXWDG_NGDP.pcent_gdp,"Government gross debt (% of GDP, IMF WEO)",2028,19.366
KWT,Kuwait,KWT.GGXWDG_NGDP.pcent_gdp,"Government gross debt (% of GDP, IMF WEO)",2029,23.511
KWT,Kuwait,KWT.GGXWDG_NGDP.pcent_gdp,"Government gross debt (% of GDP, IMF WEO)",2030,24.441
LTU,Lithuania,LTU.GGXWDG_NGDP.pcent_gdp,"Government gross debt (% of GDP, IMF WEO)",2015,42.57
LTU,Lithuania,LTU.GGXWDG_NGDP.pcent_gdp,"Government gross debt (% of GDP, IMF WEO)",2016,39.973
LTU,Lithuania,LTU.GGXWDG_NGDP.pcent_gdp,"Government gross debt (% of GDP, IMF WEO)",2017,39.336
LTU,Lithuania,LTU.GGXWDG_NGDP.pcent_gdp,"Government gross debt (% of GDP, IMF WEO)",2018,33.341
LTU,Lithuania,LTU.GGXWDG_NGDP.pcent_gdp,"Government gross debt (% of GDP, IMF WEO)",2019,35.586
LTU,Lithuania,LTU.GGXWDG_NGDP.pcent_gdp,"Government gross debt (% of GDP, IMF WEO)",2020,45.889
LTU,Lithuania,LTU.GGXWDG_NGDP.pcent_gdp,"Government gross debt (% of GDP, IMF WEO)",2021,43.297
LTU,Lithuania,LTU.GGXWDG_NGDP.pcent_gdp,"Government gross debt (% of GDP, IMF WEO)",2022,38.063
LTU,Lithuania,LTU.GGXWDG_NGDP.pcent_gdp,"Government gross debt (% of GDP, IMF WEO)",2023,37.34
LTU,Lithuania,LTU.GGXWDG_NGDP.pcent_gdp,"Government gross debt (% of GDP, IMF WEO)",2024,38.223
LTU,Lithuania,LTU.GGXWDG_NGDP.pcent_gdp,"Government gross debt (% of GDP, IMF WEO)",2025,41.837
LTU,Lithuania,LTU.GGXWDG_NGDP.pcent_gdp,"Government gross debt (% of GDP, IMF WEO)",2026,45.298
LTU,Lithuania,LTU.GGXWDG_NGDP.pcent_gdp,"Government gross debt (% of GDP, IMF WEO)",2027,47.416
LTU,Lithuania,LTU.GGXWDG_NGDP.pcent_gdp,"Government gross debt (% of GDP, IMF WEO)",2028,47.892
LTU,Lithuania,LTU.GGXWDG_NGDP.pcent_gdp,"Government gross debt (% of GDP, IMF WEO)",2029,48.019
LTU,Lithuania,LTU.GGXWDG_NGDP.pcent_gdp,"Government gross debt (% of GDP, IMF WEO)",2030,48.046
LVA,Latvia,LVA.GGXWDG_NGDP.pcent_gdp,"Government gross debt (% of GDP, IMF WEO)",2015,38.279
LVA,Latvia,LVA.GGXWDG_NGDP.pcent_gdp,"Government gross debt (% of GDP, IMF WEO)",2016,41.734
LVA,Latvia,LVA.GGXWDG_NGDP.pcent_gdp,"Government gross debt (% of GDP, IMF WEO)",2017,40.33
LVA,Latvia,LVA.GGXWDG_NGDP.pcent_gdp,"Government gross debt (% of GDP, IMF WEO)",2018,38.304
LVA,Latvia,LVA.GGXWDG_NGDP.pcent_gdp,"Government gross debt (% of GDP, IMF WEO)",2019,37.911
LVA,Latvia,LVA.GGXWDG_NGDP.pcent_gdp,"Government gross debt (% of GDP, IMF WEO)",2020,44.037
LVA,Latvia,LVA.GGXWDG_NGDP.pcent_gdp,"Government gross debt (% of GDP, IMF WEO)",2021,45.874
LVA,Latvia,LVA.GGXWDG_NGDP.pcent_gdp,"Government gross debt (% of GDP, IMF WEO)",2022,44.429
LVA,Latvia,LVA.GGXWDG_NGDP.pcent_gdp,"Government gross debt (% of GDP, IMF WEO)",2023,44.647
LVA,Latvia,LVA.GGXWDG_NGDP.pcent_gdp,"Government gross debt (% of GDP, IMF WEO)",2024,47.363
LVA,Latvia,LVA.GGXWDG_NGDP.pcent_gdp,"Government gross debt (% of GDP, IMF WEO)",2025,48.322
LVA,Latvia,LVA.GGXWDG_NGDP.pcent_gdp,"Government gross debt (% of GDP, IMF WEO)",2026,48.31
LVA,Latvia,LVA.GGXWDG_NGDP.pcent_gdp,"Government gross debt (% of GDP, IMF WEO)",2027,48.52
LVA,Latvia,LVA.GGXWDG_NGDP.pcent_gdp,"Government gross debt (% of GDP, IMF WEO)",2028,48.643
LVA,Latvia,LVA.GGXWDG_NGDP.pcent_gdp,"Government gross debt (% of GDP, IMF WEO)",2029,48.516
LVA,Latvia,LVA.GGXWDG_NGDP.pcent_gdp,"Government gross debt (% of GDP, IMF WEO)",2030,48.442
MAC,Macao,MAC.GGXWDG_NGDP.pcent_gdp,"Government gross debt (% of GDP, IMF WEO)",2015,0.0
MAC,Macao,MAC.GGXWDG_NGDP.pcent_gdp,"Government gross debt (% of GDP, IMF WEO)",2016,0.0
MAC,Macao,MAC.GGXWDG_NGDP.pcent_gdp,"Government gross debt (% of GDP, IMF WEO)",2017,0.0
MAC,Macao,MAC.GGXWDG_NGDP.pcent_gdp,"Government gross debt (% of GDP, IMF WEO)",2018,0.0
MAC,Macao,MAC.GGXWDG_NGDP.pcent_gdp,"Government gross debt (% of GDP, IMF WEO)",2019,0.0
MAC,Macao,MAC.GGXWDG_NGDP.pcent_gdp,"Government gross debt (% of GDP, IMF WEO)",2020,0.0
MAC,Macao,MAC.GGXWDG_NGDP.pcent_gdp,"Government gross debt (% of GDP, IMF WEO)",2021,0.0
MAC,Macao,MAC.GGXWDG_NGDP.pcent_gdp,"Government gross debt (% of GDP, IMF WEO)",2022,0.0
MAC,Macao,MAC.GGXWDG_NGDP.pcent_gdp,"Government gross debt (% of GDP, IMF WEO)",2023,0.0
MAC,Macao,MAC.GGXWDG_NGDP.pcent_gdp,"Government gross debt (% of GDP, IMF WEO)",2024,0.0
MAC,Macao,MAC.GGXWDG_NGDP.pcent_gdp,"Government gross debt (% of GDP, IMF WEO)",2025,0.0
MAC,Macao,MAC.GGXWDG_NGDP.pcent_gdp,"Government gross debt (% of GDP, IMF WEO)",2026,0.0
MAC,Macao,MAC.GGXWDG_NGDP.pcent_gdp,"Government gross debt (% of GDP, IMF WEO)",2027,0.0
MAC,Macao,MAC.GGXWDG_NGDP.pcent_gdp,"Government gross debt (% of GDP, IMF WEO)",2028,0.0
MAC,Macao,MAC.GGXWDG_NGDP.pcent_gdp,"Government gross debt (% of GDP, IMF WEO)",2029,0.0
MAC,Macao,MAC.GGXWDG_NGDP.pcent_gdp,"Government gross debt (% of GDP, IMF WEO)",2030,0.0
MAR,Morocco,MAR.GGXWDG_NGDP.pcent_gdp,"Government gross debt (% of GDP, IMF WEO)",2015,58.394
MAR,Morocco,MAR.GGXWDG_NGDP.pcent_gdp,"Government gross debt (% of GDP, IMF WEO)",2016,60.084
MAR,Morocco,MAR.GGXWDG_NGDP.pcent_gdp,"Government gross debt (% of GDP, IMF WEO)",2017,60.261
MAR,Morocco,MAR.GGXWDG_NGDP.pcent_gdp,"Government gross debt (% of GDP, IMF WEO)",2018,60.458
MAR,Morocco,MAR.GGXWDG_NGDP.pcent_gdp,"Government gross debt (% of GDP, IMF WEO)",2019,60.27
MAR,Morocco,MAR.GGXWDG_NGDP.pcent_gdp,"Government gross debt (% of GDP, IMF WEO)",2020,72.245
MAR,Morocco,MAR.GGXWDG_NGDP.pcent_gdp,"Government gross debt (% of GDP, IMF WEO)",2021,69.351
MAR,Morocco,MAR.GGXWDG_NGDP.pcent_gdp,"Government gross debt (% of GDP, IMF WEO)",2022,71.532
MAR,Morocco,MAR.GGXWDG_NGDP.pcent_gdp,"Government gross debt (% of GDP, IMF WEO)",2023,69.475
MAR,Morocco,MAR.GGXWDG_NGDP.pcent_gdp,"Government gross debt (% of GDP, IMF WEO)",2024,70.028
MAR,Morocco,MAR.GGXWDG_NGDP.pcent_gdp,"Government gross debt (% of GDP, IMF WEO)",2025,68.938
MAR,Morocco,MAR.GGXWDG_NGDP.pcent_gdp,"Government gross debt (% of GDP, IMF WEO)",2026,67.698
MAR,Morocco,MAR.GGXWDG_NGDP.pcent_gdp,"Government gross debt (% of GDP, IMF WEO)",2027,66.814
MAR,Morocco,MAR.GGXWDG_NGDP.pcent_gdp,"Government gross debt (% of GDP, IMF WEO)",2028,66.187
MAR,Morocco,MAR.GGXWDG_NGDP.pcent_gdp,"Government gross debt (% of GDP, IMF WEO)",2029,65.612
MAR,Morocco,MAR.GGXWDG_NGDP.pcent_gdp,"Government gross debt (% of GDP, IMF WEO)",2030,65.104
MEX,Mexico,MEX.GGXWDG_NGDP.pcent_gdp,"Government gross debt (% of GDP, IMF WEO)",2015,50.973
MEX,Mexico,MEX.GGXWDG_NGDP.pcent_gdp,"Government gross debt (% of GDP, IMF WEO)",2016,55.003
MEX,Mexico,MEX.GGXWDG_NGDP.pcent_gdp,"Government gross debt (% of GDP, IMF WEO)",2017,52.521
MEX,Mexico,MEX.GGXWDG_NGDP.pcent_gdp,"Government gross debt (% of GDP, IMF WEO)",2018,52.202
MEX,Mexico,MEX.GGXWDG_NGDP.pcent_gdp,"Government gross debt (% of GDP, IMF WEO)",2019,51.869
MEX,Mexico,MEX.GGXWDG_NGDP.pcent_gdp,"Government gross debt (% of GDP, IMF WEO)",2020,58.456
MEX,Mexico,MEX.GGXWDG_NGDP.pcent_gdp,"Government gross debt (% of GDP, IMF WEO)",2021,56.695
MEX,Mexico,MEX.GGXWDG_NGDP.pcent_gdp,"Government gross debt (% of GDP, IMF WEO)",2022,53.82
MEX,Mexico,MEX.GGXWDG_NGDP.pcent_gdp,"Government gross debt (% of GDP, IMF WEO)",2023,52.771
MEX,Mexico,MEX.GGXWDG_NGDP.pcent_gdp,"Government gross debt (% of GDP, IMF WEO)",2024,58.425
MEX,Mexico,MEX.GGXWDG_NGDP.pcent_gdp,"Government gross debt (% of GDP, IMF WEO)",2025,60.664
MEX,Mexico,MEX.GGXWDG_NGDP.pcent_gdp,"Government gross debt (% of GDP, IMF WEO)",2026,61.145
MEX,Mexico,MEX.GGXWDG_NGDP.pcent_gdp,"Government gross debt (% of GDP, IMF WEO)",2027,61.117
MEX,Mexico,MEX.GGXWDG_NGDP.pcent_gdp,"Government gross debt (% of GDP, IMF WEO)",2028,61.076
MEX,Mexico,MEX.GGXWDG_NGDP.pcent_gdp,"Government gross debt (% of GDP, IMF WEO)",2029,61.175
MEX,Mexico,MEX.GGXWDG_NGDP.pcent_gdp,"Government gross debt (% of GDP, IMF WEO)",2030,61.309
MKD,North Macedonia,MKD.GGXWDG_NGDP.pcent_gdp,"Government gross debt (% of GDP, IMF WEO)",2015,37.998
MKD,North Macedonia,MKD.GGXWDG_NGDP.pcent_gdp,"Government gross debt (% of GDP, IMF WEO)",2016,39.721
MKD,North Macedonia,MKD.GGXWDG_NGDP.pcent_gdp,"Government gross debt (% of GDP, IMF WEO)",2017,39.383
MKD,North Macedonia,MKD.GGXWDG_NGDP.pcent_gdp,"Government gross debt (% of GDP, IMF WEO)",2018,40.425
MKD,North Macedonia,MKD.GGXWDG_NGDP.pcent_gdp,"Government gross debt (% of GDP, IMF WEO)",2019,40.448
MKD,North Macedonia,MKD.GGXWDG_NGDP.pcent_gdp,"Government gross debt (% of GDP, IMF WEO)",2020,50.846
MKD,North Macedonia,MKD.GGXWDG_NGDP.pcent_gdp,"Government gross debt (% of GDP, IMF WEO)",2021,52.75
MKD,North Macedonia,MKD.GGXWDG_NGDP.pcent_gdp,"Government gross debt (% of GDP, IMF WEO)",2022,50.449
MKD,North Macedonia,MKD.GGXWDG_NGDP.pcent_gdp,"Government gross debt (% of GDP, IMF WEO)",2023,50.827
MKD,North Macedonia,MKD.GGXWDG_NGDP.pcent_gdp,"Government gross debt (% of GDP, IMF WEO)",2024,54.834
MKD,North Macedonia,MKD.GGXWDG_NGDP.pcent_gdp,"Government gross debt (% of GDP, IMF WEO)",2025,52.915
MKD,North Macedonia,MKD.GGXWDG_NGDP.pcent_gdp,"Government gross debt (% of GDP, IMF WEO)",2026,54.448
MKD,North Macedonia,MKD.GGXWDG_NGDP.pcent_gdp,"Government gross debt (% of GDP, IMF WEO)",2027,55.429
MKD,North Macedonia,MKD.GGXWDG_NGDP.pcent_gdp,"Government gross debt (% of GDP, IMF WEO)",2028,56.057
MKD,North Macedonia,MKD.GGXWDG_NGDP.pcent_gdp,"Government gross debt (% of GDP, IMF WEO)",2029,56.133
MKD,North Macedonia,MKD.GGXWDG_NGDP.pcent_gdp,"Government gross debt (% of GDP, IMF WEO)",2030,56.143
MNE,Montenegro,MNE.GGXWDG_NGDP.pcent_gdp,"Government gross debt (% of GDP, IMF WEO)",2015,68.76
MNE,Montenegro,MNE.GGXWDG_NGDP.pcent_gdp,"Government gross debt (% of GDP, IMF WEO)",2016,66.39
MNE,Montenegro,MNE.GGXWDG_NGDP.pcent_gdp,"Government gross debt (% of GDP, IMF WEO)",2017,66.207
MNE,Montenegro,MNE.GGXWDG_NGDP.pcent_gdp,"Government gross debt (% of GDP, IMF WEO)",2018,71.885
MNE,Montenegro,MNE.GGXWDG_NGDP.pcent_gdp,"Government gross debt (% of GDP, IMF WEO)",2019,78.793
MNE,Montenegro,MNE.GGXWDG_NGDP.pcent_gdp,"Government gross debt (% of GDP, IMF WEO)",2020,107.348
MNE,Montenegro,MNE.GGXWDG_NGDP.pcent_gdp,"Government gross debt (% of GDP, IMF WEO)",2021,85.627
MNE,Montenegro,MNE.GGXWDG_NGDP.pcent_gdp,"Government gross debt (% of GDP, IMF WEO)",2022,70.552
MNE,Montenegro,MNE.GGXWDG_NGDP.pcent_gdp,"Government gross debt (% of GDP, IMF WEO)",2023,60.468
MNE,Montenegro,MNE.GGXWDG_NGDP.pcent_gdp,"Government gross debt (% of GDP, IMF WEO)",2024,62.642
MNE,Montenegro,MNE.GGXWDG_NGDP.pcent_gdp,"Government gross debt (% of GDP, IMF WEO)",2025,60.325
MNE,Montenegro,MNE.GGXWDG_NGDP.pcent_gdp,"Government gross debt (% of GDP, IMF WEO)",2026,62.905
MNE,Montenegro,MNE.GGXWDG_NGDP.pcent_gdp,"Government gross debt (% of GDP, IMF WEO)",2027,63.341
MNE,Montenegro,MNE.GGXWDG_NGDP.pcent_gdp,"Government gross debt (% of GDP, IMF WEO)",2028,65.451
MNE,Montenegro,MNE.GGXWDG_NGDP.pcent_gdp,"Government gross debt (% of GDP, IMF WEO)",2029,67.866
MNE,Montenegro,MNE.GGXWDG_NGDP.pcent_gdp,"Government gross debt (% of GDP, IMF WEO)",2030,70.56
MYS,Malaysia,MYS.GGXWDG_NGDP.pcent_gdp,"Government gross debt (% of GDP, IMF WEO)",2015,56.971
MYS,Malaysia,MYS.GGXWDG_NGDP.pcent_gdp,"Government gross debt (% of GDP, IMF WEO)",2016,55.787
MYS,Malaysia,MYS.GGXWDG_NGDP.pcent_gdp,"Government gross debt (% of GDP, IMF WEO)",2017,54.395
MYS,Malaysia,MYS.GGXWDG_NGDP.pcent_gdp,"Government gross debt (% of GDP, IMF WEO)",2018,55.646
MYS,Malaysia,MYS.GGXWDG_NGDP.pcent_gdp,"Government gross debt (% of GDP, IMF WEO)",2019,57.083
MYS,Malaysia,MYS.GGXWDG_NGDP.pcent_gdp,"Government gross debt (% of GDP, IMF WEO)",2020,67.693
MYS,Malaysia,MYS.GGXWDG_NGDP.pcent_gdp,"Government gross debt (% of GDP, IMF WEO)",2021,69.162
MYS,Malaysia,MYS.GGXWDG_NGDP.pcent_gdp,"Government gross debt (% of GDP, IMF WEO)",2022,65.5
MYS,Malaysia,MYS.GGXWDG_NGDP.pcent_gdp,"Government gross debt (% of GDP, IMF WEO)",2023,69.749
MYS,Malaysia,MYS.GGXWDG_NGDP.pcent_gdp,"Government gross debt (% of GDP, IMF WEO)",2024,70.391
MYS,Malaysia,MYS.GGXWDG_NGDP.pcent_gdp,"Government gross debt (% of GDP, IMF WEO)",2025,70.082
MYS,Malaysia,MYS.GGXWDG_NGDP.pcent_gdp,"Government gross debt (% of GDP, IMF WEO)",2026,69.838
MYS,Malaysia,MYS.GGXWDG_NGDP.pcent_gdp,"Government gross debt (% of GDP, IMF WEO)",2027,70.088
MYS,Malaysia,MYS.GGXWDG_NGDP.pcent_gdp,"Government gross debt (% of GDP, IMF WEO)",2028,70.355
MYS,Malaysia,MYS.GGXWDG_NGDP.pcent_gdp,"Government gross debt (% of GDP, IMF WEO)",2029,70.646
MYS,Malaysia,MYS.GGXWDG_NGDP.pcent_gdp,"Government gross debt (% of GDP, IMF WEO)",2030,70.804
NLD,Netherlands,NLD.GGXWDG_NGDP.pcent_gdp,"Government gross debt (% of GDP, IMF WEO)",2015,63.799
NLD,Netherlands,NLD.GGXWDG_NGDP.pcent_gdp,"Government gross debt (% of GDP, IMF WEO)",2016,60.883
NLD,Netherlands,NLD.GGXWDG_NGDP.pcent_gdp,"Government gross debt (% of GDP, IMF WEO)",2017,55.986
NLD,Netherlands,NLD.GGXWDG_NGDP.pcent_gdp,"Government gross debt (% of GDP, IMF WEO)",2018,51.522
NLD,Netherlands,NLD.GGXWDG_NGDP.pcent_gdp,"Government gross debt (% of GDP, IMF WEO)",2019,47.597
NLD,Netherlands,NLD.GGXWDG_NGDP.pcent_gdp,"Government gross debt (% of GDP, IMF WEO)",2020,53.348
NLD,Netherlands,NLD.GGXWDG_NGDP.pcent_gdp,"Government gross debt (% of GDP, IMF WEO)",2021,50.431
NLD,Netherlands,NLD.GGXWDG_NGDP.pcent_gdp,"Government gross debt (% of GDP, IMF WEO)",2022,48.345
NLD,Netherlands,NLD.GGXWDG_NGDP.pcent_gdp,"Government gross debt (% of GDP, IMF WEO)",2023,45.098
NLD,Netherlands,NLD.GGXWDG_NGDP.pcent_gdp,"Government gross debt (% of GDP, IMF WEO)",2024,43.235
NLD,Netherlands,NLD.GGXWDG_NGDP.pcent_gdp,"Government gross debt (% of GDP, IMF WEO)",2025,43.292
NLD,Netherlands,NLD.GGXWDG_NGDP.pcent_gdp,"Government gross debt (% of GDP, IMF WEO)",2026,44.386
NLD,Netherlands,NLD.GGXWDG_NGDP.pcent_gdp,"Government gross debt (% of GDP, IMF WEO)",2027,44.802
NLD,Netherlands,NLD.GGXWDG_NGDP.pcent_gdp,"Government gross debt (% of GDP, IMF WEO)",2028,45.398
NLD,Netherlands,NLD.GGXWDG_NGDP.pcent_gdp,"Government gross debt (% of GDP, IMF WEO)",2029,46.541
NLD,Netherlands,NLD.GGXWDG_NGDP.pcent_gdp,"Government gross debt (% of GDP, IMF WEO)",2030,47.724
NOR,Norway,NOR.GGXWDG_NGDP.pcent_gdp,"Government gross debt (% of GDP, IMF WEO)",2015,34.334
NOR,Norway,NOR.GGXWDG_NGDP.pcent_gdp,"Government gross debt (% of GDP, IMF WEO)",2016,37.938
NOR,Norway,NOR.GGXWDG_NGDP.pcent_gdp,"Government gross debt (% of GDP, IMF WEO)",2017,38.257
NOR,Norway,NOR.GGXWDG_NGDP.pcent_gdp,"Government gross debt (% of GDP, IMF WEO)",2018,39.413
NOR,Norway,NOR.GGXWDG_NGDP.pcent_gdp,"Government gross debt (% of GDP, IMF WEO)",2019,40.558
NOR,Norway,NOR.GGXWDG_NGDP.pcent_gdp,"Government gross debt (% of GDP, IMF WEO)",2020,46.112
NOR,Norway,NOR.GGXWDG_NGDP.pcent_gdp,"Government gross debt (% of GDP, IMF WEO)",2021,41.641
NOR,Norway,NOR.GGXWDG_NGDP.pcent_gdp,"Government gross debt (% of GDP, IMF WEO)",2022,36.111
NOR,Norway,NOR.GGXWDG_NGDP.pcent_gdp,"Government gross debt (% of GDP, IMF WEO)",2023,44.212
NOR,Norway,NOR.GGXWDG_NGDP.pcent_gdp,"Government gross debt (% of GDP, IMF WEO)",2024,42.719
NOR,Norway,NOR.GGXWDG_NGDP.pcent_gdp,"Government gross debt (% of GDP, IMF WEO)",2025,42.72
NOR,Norway,NOR.GGXWDG_NGDP.pcent_gdp,"Government gross debt (% of GDP, IMF WEO)",2026,42.523
NOR,Norway,NOR.GGXWDG_NGDP.pcent_gdp,"Government gross debt (% of GDP, IMF WEO)",2027,42.025
NOR,Norway,NOR.GGXWDG_NGDP.pcent_gdp,"Government gross debt (% of GDP, IMF WEO)",2028,41.387
NOR,Norway,NOR.GGXWDG_NGDP.pcent_gdp,"Government gross debt (% of GDP, IMF WEO)",2029,39.252
NOR,Norway,NOR.GGXWDG_NGDP.pcent_gdp,"Government gross debt (% of GDP, IMF WEO)",2030,40.004
NZL,New Zealand,NZL.GGXWDG_NGDP.pcent_gdp,"Government gross debt (% of GDP, IMF WEO)",2015,34.167
NZL,New Zealand,NZL.GGXWDG_NGDP.pcent_gdp,"Government gross debt (% of GDP, IMF WEO)",2016,33.341
NZL,New Zealand,NZL.GGXWDG_NGDP.pcent_gdp,"Government gross debt (% of GDP, IMF WEO)",2017,31.098
NZL,New Zealand,NZL.GGXWDG_NGDP.pcent_gdp,"Government gross debt (% of GDP, IMF WEO)",2018,28.08
NZL,New Zealand,NZL.GGXWDG_NGDP.pcent_gdp,"Government gross debt (% of GDP, IMF WEO)",2019,31.814
NZL,New Zealand,NZL.GGXWDG_NGDP.pcent_gdp,"Government gross debt (% of GDP, IMF WEO)",2020,43.241
NZL,New Zealand,NZL.GGXWDG_NGDP.pcent_gdp,"Government gross debt (% of GDP, IMF WEO)",2021,47.523
NZL,New Zealand,NZL.GGXWDG_NGDP.pcent_gdp,"Government gross debt (% of GDP, IMF WEO)",2022,46.887
NZL,New Zealand,NZL.GGXWDG_NGDP.pcent_gdp,"Government gross debt (% of GDP, IMF WEO)",2023,46.983
NZL,New Zealand,NZL.GGXWDG_NGDP.pcent_gdp,"Government gross debt (% of GDP, IMF WEO)",2024,51.154
NZL,New Zealand,NZL.GGXWDG_NGDP.pcent_gdp,"Government gross debt (% of GDP, IMF WEO)",2025,55.292
NZL,New Zealand,NZL.GGXWDG_NGDP.pcent_gdp,"Government gross debt (% of GDP, IMF WEO)",2026,58.43
NZL,New Zealand,NZL.GGXWDG_NGDP.pcent_gdp,"Government gross debt (% of GDP, IMF WEO)",2027,59.786
NZL,New Zealand,NZL.GGXWDG_NGDP.pcent_gdp,"Government gross debt (% of GDP, IMF WEO)",2028,59.022
NZL,New Zealand,NZL.GGXWDG_NGDP.pcent_gdp,"Government gross debt (% of GDP, IMF WEO)",2029,57.122
NZL,New Zealand,NZL.GGXWDG_NGDP.pcent_gdp,"Government gross debt (% of GDP, IMF WEO)",2030,54.806
OMN,Oman,OMN.GGXWDG_NGDP.pcent_gdp,"Government gross debt (% of GDP, IMF WEO)",2015,13.857
OMN,Oman,OMN.GGXWDG_NGDP.pcent_gdp,"Government gross debt (% of GDP, IMF WEO)",2016,29.338
OMN,Oman,OMN.GGXWDG_NGDP.pcent_gdp,"Government gross debt (% of GDP, IMF WEO)",2017,40.106
OMN,Oman,OMN.GGXWDG_NGDP.pcent_gdp,"Government gross debt (% of GDP, IMF WEO)",2018,44.691
OMN,Oman,OMN.GGXWDG_NGDP.pcent_gdp,"Government gross debt (% of GDP, IMF WEO)",2019,52.464
OMN,Oman,OMN.GGXWDG_NGDP.pcent_gdp,"Government gross debt (% of GDP, IMF WEO)",2020,67.902
OMN,Oman,OMN.GGXWDG_NGDP.pcent_gdp,"Government gross debt (% of GDP, IMF WEO)",2021,61.873
OMN,Oman,OMN.GGXWDG_NGDP.pcent_gdp,"Government gross debt (% of GDP, IMF WEO)",2022,41.673
OMN,Oman,OMN.GGXWDG_NGDP.pcent_gdp,"Government gross debt (% of GDP, IMF WEO)",2023,37.488
OMN,Oman,OMN.GGXWDG_NGDP.pcent_gdp,"Government gross debt (% of GDP, IMF WEO)",2024,35.515
OMN,Oman,OMN.GGXWDG_NGDP.pcent_gdp,"Government gross debt (% of GDP, IMF WEO)",2025,35.446
OMN,Oman,OMN.GGXWDG_NGDP.pcent_gdp,"Government gross debt (% of GDP, IMF WEO)",2026,33.915
OMN,Oman,OMN.GGXWDG_NGDP.pcent_gdp,"Government gross debt (% of GDP, IMF WEO)",2027,32.166
OMN,Oman,OMN.GGXWDG_NGDP.pcent_gdp,"Government gross debt (% of GDP, IMF WEO)",2028,30.565
OMN,Oman,OMN.GGXWDG_NGDP.pcent_gdp,"Government gross debt (% of GDP, IMF WEO)",2029,30.223
OMN,Oman,OMN.GGXWDG_NGDP.pcent_gdp,"Government gross debt (% of GDP, IMF WEO)",2030,29.466
PHL,Philippines,PHL.GGXWDG_NGDP.pcent_gdp,"Government gross debt (% of GDP, IMF WEO)",2015,39.688
PHL,Philippines,PHL.GGXWDG_NGDP.pcent_gdp,"Government gross debt (% of GDP, IMF WEO)",2016,37.376
PHL,Philippines,PHL.GGXWDG_NGDP.pcent_gdp,"Government gross debt (% of GDP, IMF WEO)",2017,38.13
PHL,Philippines,PHL.GGXWDG_NGDP.pcent_gdp,"Government gross debt (% of GDP, IMF WEO)",2018,37.147
PHL,Philippines,PHL.GGXWDG_NGDP.pcent_gdp,"Government gross debt (% of GDP, IMF WEO)",2019,36.973
PHL,Philippines,PHL.GGXWDG_NGDP.pcent_gdp,"Government gross debt (% of GDP, IMF WEO)",2020,51.644
PHL,Philippines,PHL.GGXWDG_NGDP.pcent_gdp,"Government gross debt (% of GDP, IMF WEO)",2021,57.005
PHL,Philippines,PHL.GGXWDG_NGDP.pcent_gdp,"Government gross debt (% of GDP, IMF WEO)",2022,57.389
PHL,Philippines,PHL.GGXWDG_NGDP.pcent_gdp,"Government gross debt (% of GDP, IMF WEO)",2023,56.484
PHL,Philippines,PHL.GGXWDG_NGDP.pcent_gdp,"Government gross debt (% of GDP, IMF WEO)",2024,57.06
PHL,Philippines,PHL.GGXWDG_NGDP.pcent_gdp,"Government gross debt (% of GDP, IMF WEO)",2025,58.142
PHL,Philippines,PHL.GGXWDG_NGDP.pcent_gdp,"Government gross debt (% of GDP, IMF WEO)",2026,58.087
PHL,Philippines,PHL.GGXWDG_NGDP.pcent_gdp,"Government gross debt (% of GDP, IMF WEO)",2027,57.161
PHL,Philippines,PHL.GGXWDG_NGDP.pcent_gdp,"Government gross debt (% of GDP, IMF WEO)",2028,55.824
PHL,Philippines,PHL.GGXWDG_NGDP.pcent_gdp,"Government gross debt (% of GDP, IMF WEO)",2029,54.219
PHL,Philippines,PHL.GGXWDG_NGDP.pcent_gdp,"Government gross debt (% of GDP, IMF WEO)",2030,52.474
POL,Poland,POL.GGXWDG_NGDP.pcent_gdp,"Government gross debt (% of GDP, IMF WEO)",2015,51.056
POL,Poland,POL.GGXWDG_NGDP.pcent_gdp,"Government gross debt (% of GDP, IMF WEO)",2016,54.129
POL,Poland,POL.GGXWDG_NGDP.pcent_gdp,"Government gross debt (% of GDP, IMF WEO)",2017,50.444
POL,Poland,POL.GGXWDG_NGDP.pcent_gdp,"Government gross debt (% of GDP, IMF WEO)",2018,48.234
POL,Poland,POL.GGXWDG_NGDP.pcent_gdp,"Government gross debt (% of GDP, IMF WEO)",2019,45.211
POL,Poland,POL.GGXWDG_NGDP.pcent_gdp,"Government gross debt (% of GDP, IMF WEO)",2020,56.585
POL,Poland,POL.GGXWDG_NGDP.pcent_gdp,"Government gross debt (% of GDP, IMF WEO)",2021,53.014
POL,Poland,POL.GGXWDG_NGDP.pcent_gdp,"Government gross debt (% of GDP, IMF WEO)",2022,48.786
POL,Poland,POL.GGXWDG_NGDP.pcent_gdp,"Government gross debt (% of GDP, IMF WEO)",2023,49.718
POL,Poland,POL.GGXWDG_NGDP.pcent_gdp,"Government gross debt (% of GDP, IMF WEO)",2024,55.282
POL,Poland,POL.GGXWDG_NGDP.pcent_gdp,"Government gross debt (% of GDP, IMF WEO)",2025,60.731
POL,Poland,POL.GGXWDG_NGDP.pcent_gdp,"Government gross debt (% of GDP, IMF WEO)",2026,64.317
POL,Poland,POL.GGXWDG_NGDP.pcent_gdp,"Government gross debt (% of GDP, IMF WEO)",2027,65.708
POL,Poland,POL.GGXWDG_NGDP.pcent_gdp,"Government gross debt (% of GDP, IMF WEO)",2028,66.81
POL,Poland,POL.GGXWDG_NGDP.pcent_gdp,"Government gross debt (% of GDP, IMF WEO)",2029,67.19
POL,Poland,POL.GGXWDG_NGDP.pcent_gdp,"Government gross debt (% of GDP, IMF WEO)",2030,67.688
QAT,Qatar,QAT.GGXWDG_NGDP.pcent_gdp,"Government gross debt (% of GDP, IMF WEO)",2015,35.547
QAT,Qatar,QAT.GGXWDG_NGDP.pcent_gdp,"Government gross debt (% of GDP, IMF WEO)",2016,46.707
QAT,Qatar,QAT.GGXWDG_NGDP.pcent_gdp,"Government gross debt (% of GDP, IMF WEO)",2017,51.569
QAT,Qatar,QAT.GGXWDG_NGDP.pcent_gdp,"Government gross debt (% of GDP, IMF WEO)",2018,52.177
QAT,Qatar,QAT.GGXWDG_NGDP.pcent_gdp,"Government gross debt (% of GDP, IMF WEO)",2019,62.087
QAT,Qatar,QAT.GGXWDG_NGDP.pcent_gdp,"Government gross debt (% of GDP, IMF WEO)",2020,72.614
QAT,Qatar,QAT.GGXWDG_NGDP.pcent_gdp,"Government gross debt (% of GDP, IMF WEO)",2021,58.396
QAT,Qatar,QAT.GGXWDG_NGDP.pcent_gdp,"Government gross debt (% of GDP, IMF WEO)",2022,42.565
QAT,Qatar,QAT.GGXWDG_NGDP.pcent_gdp,"Government gross debt (% of GDP, IMF WEO)",2023,43.672
QAT,Qatar,QAT.GGXWDG_NGDP.pcent_gdp,"Government gross debt (% of GDP, IMF WEO)",2024,40.839
QAT,Qatar,QAT.GGXWDG_NGDP.pcent_gdp,"Government gross debt (% of GDP, IMF WEO)",2025,40.496
QAT,Qatar,QAT.GGXWDG_NGDP.pcent_gdp,"Government gross debt (% of GDP, IMF WEO)",2026,39.306
QAT,Qatar,QAT.GGXWDG_NGDP.pcent_gdp,"Government gross debt (% of GDP, IMF WEO)",2027,37.214
QAT,Qatar,QAT.GGXWDG_NGDP.pcent_gdp,"Government gross debt (% of GDP, IMF WEO)",2028,36.438
QAT,Qatar,QAT.GGXWDG_NGDP.pcent_gdp,"Government gross debt (% of GDP, IMF WEO)",2029,36.156
QAT,Qatar,QAT.GGXWDG_NGDP.pcent_gdp,"Government gross debt (% of GDP, IMF WEO)",2030,35.425
ROU,Romania,ROU.GGXWDG_NGDP.pcent_gdp,"Government gross debt (% of GDP, IMF WEO)",2015,39.354
ROU,Romania,ROU.GGXWDG_NGDP.pcent_gdp,"Government gross debt (% of GDP, IMF WEO)",2016,39.548
ROU,Romania,ROU.GGXWDG_NGDP.pcent_gdp,"Government gross debt (% of GDP, IMF WEO)",2017,37.107
ROU,Romania,ROU.GGXWDG_NGDP.pcent_gdp,"Government gross debt (% of GDP, IMF WEO)",2018,36.167
ROU,Romania,ROU.GGXWDG_NGDP.pcent_gdp,"Government gross debt (% of GDP, IMF WEO)",2019,36.533
ROU,Romania,ROU.GGXWDG_NGDP.pcent_gdp,"Government gross debt (% of GDP, IMF WEO)",2020,49.26
ROU,Romania,ROU.GGXWDG_NGDP.pcent_gdp,"Government gross debt (% of GDP, IMF WEO)",2021,51.532
ROU,Romania,ROU.GGXWDG_NGDP.pcent_gdp,"Government gross debt (% of GDP, IMF WEO)",2022,51.721
ROU,Romania,ROU.GGXWDG_NGDP.pcent_gdp,"Government gross debt (% of GDP, IMF WEO)",2023,52.142
ROU,Romania,ROU.GGXWDG_NGDP.pcent_gdp,"Government gross debt (% of GDP, IMF WEO)",2024,57.244
ROU,Romania,ROU.GGXWDG_NGDP.pcent_gdp,"Government gross debt (% of GDP, IMF WEO)",2025,61.64
ROU,Romania,ROU.GGXWDG_NGDP.pcent_gdp,"Government gross debt (% of GDP, IMF WEO)",2026,65.654
ROU,Romania,ROU.GGXWDG_NGDP.pcent_gdp,"Government gross debt (% of GDP, IMF WEO)",2027,68.857
ROU,Romania,ROU.GGXWDG_NGDP.pcent_gdp,"Government gross debt (% of GDP, IMF WEO)",2028,71.47
ROU,Romania,ROU.GGXWDG_NGDP.pcent_gdp,"Government gross debt (% of GDP, IMF WEO)",2029,73.722
ROU,Romania,ROU.GGXWDG_NGDP.pcent_gdp,"Government gross debt (% of GDP, IMF WEO)",2030,75.695
RUS,Russia,RUS.GGXWDG_NGDP.pcent_gdp,"Government gross debt (% of GDP, IMF WEO)",2015,15.286
RUS,Russia,RUS.GGXWDG_NGDP.pcent_gdp,"Government gross debt (% of GDP, IMF WEO)",2016,14.849
RUS,Russia,RUS.GGXWDG_NGDP.pcent_gdp,"Government gross debt (% of GDP, IMF WEO)",2017,14.311
RUS,Russia,RUS.GGXWDG_NGDP.pcent_gdp,"Government gross debt (% of GDP, IMF WEO)",2018,13.62
RUS,Russia,RUS.GGXWDG_NGDP.pcent_gdp,"Government gross debt (% of GDP, IMF WEO)",2019,13.748
RUS,Russia,RUS.GGXWDG_NGDP.pcent_gdp,"Government gross debt (% of GDP, IMF WEO)",2020,19.156
RUS,Russia,RUS.GGXWDG_NGDP.pcent_gdp,"Government gross debt (% of GDP, IMF WEO)",2021,16.524
RUS,Russia,RUS.GGXWDG_NGDP.pcent_gdp,"Government gross debt (% of GDP, IMF WEO)",2022,18.48
RUS,Russia,RUS.GGXWDG_NGDP.pcent_gdp,"Government gross debt (% of GDP, IMF WEO)",2023,19.487
RUS,Russia,RUS.GGXWDG_NGDP.pcent_gdp,"Government gross debt (% of GDP, IMF WEO)",2024,20.303
RUS,Russia,RUS.GGXWDG_NGDP.pcent_gdp,"Government gross debt (% of GDP, IMF WEO)",2025,21.383
RUS,Russia,RUS.GGXWDG_NGDP.pcent_gdp,"Government gross debt (% of GDP, IMF WEO)",2026,22.547
RUS,Russia,RUS.GGXWDG_NGDP.pcent_gdp,"Government gross debt (% of GDP, IMF WEO)",2027,23.66
RUS,Russia,RUS.GGXWDG_NGDP.pcent_gdp,"Government gross debt (% of GDP, IMF WEO)",2028,24.749
RUS,Russia,RUS.GGXWDG_NGDP.pcent_gdp,"Government gross debt (% of GDP, IMF WEO)",2029,25.918
RUS,Russia,RUS.GGXWDG_NGDP.pcent_gdp,"Government gross debt (% of GDP, IMF WEO)",2030,27.206
SAU,Saudi Arabia,SAU.GGXWDG_NGDP.pcent_gdp,"Government gross debt (% of GDP, IMF WEO)",2015,5.668
SAU,Saudi Arabia,SAU.GGXWDG_NGDP.pcent_gdp,"Government gross debt (% of GDP, IMF WEO)",2016,12.676
SAU,Saudi Arabia,SAU.GGXWDG_NGDP.pcent_gdp,"Government gross debt (% of GDP, IMF WEO)",2017,16.532
SAU,Saudi Arabia,SAU.GGXWDG_NGDP.pcent_gdp,"Government gross debt (% of GDP, IMF WEO)",2018,17.639
SAU,Saudi Arabia,SAU.GGXWDG_NGDP.pcent_gdp,"Government gross debt (% of GDP, IMF WEO)",2019,21.558
SAU,Saudi Arabia,SAU.GGXWDG_NGDP.pcent_gdp,"Government gross debt (% of GDP, IMF WEO)",2020,30.997
SAU,Saudi Arabia,SAU.GGXWDG_NGDP.pcent_gdp,"Government gross debt (% of GDP, IMF WEO)",2021,28.615
SAU,Saudi Arabia,SAU.GGXWDG_NGDP.pcent_gdp,"Government gross debt (% of GDP, IMF WEO)",2022,23.816
SAU,Saudi Arabia,SAU.GGXWDG_NGDP.pcent_gdp,"Government gross debt (% of GDP, IMF WEO)",2023,26.235
SAU,Saudi Arabia,SAU.GGXWDG_NGDP.pcent_gdp,"Government gross debt (% of GDP, IMF WEO)",2024,29.874
SAU,Saudi Arabia,SAU.GGXWDG_NGDP.pcent_gdp,"Government gross debt (% of GDP, IMF WEO)",2025,34.849
SAU,Saudi Arabia,SAU.GGXWDG_NGDP.pcent_gdp,"Government gross debt (% of GDP, IMF WEO)",2026,38.531
SAU,Saudi Arabia,SAU.GGXWDG_NGDP.pcent_gdp,"Government gross debt (% of GDP, IMF WEO)",2027,40.884
SAU,Saudi Arabia,SAU.GGXWDG_NGDP.pcent_gdp,"Government gross debt (% of GDP, IMF WEO)",2028,42.949
SAU,Saudi Arabia,SAU.GGXWDG_NGDP.pcent_gdp,"Government gross debt (% of GDP, IMF WEO)",2029,44.516
SAU,Saudi Arabia,SAU.GGXWDG_NGDP.pcent_gdp,"Government gross debt (% of GDP, IMF WEO)",2030,45.915
SGP,Singapore,SGP.GGXWDG_NGDP.pcent_gdp,"Government gross debt (% of GDP, IMF WEO)",2015,102.165
SGP,Singapore,SGP.GGXWDG_NGDP.pcent_gdp,"Government gross debt (% of GDP, IMF WEO)",2016,106.306
SGP,Singapore,SGP.GGXWDG_NGDP.pcent_gdp,"Government gross debt (% of GDP, IMF WEO)",2017,107.646
SGP,Singapore,SGP.GGXWDG_NGDP.pcent_gdp,"Government gross debt (% of GDP, IMF WEO)",2018,109.373
SGP,Singapore,SGP.GGXWDG_NGDP.pcent_gdp,"Government gross debt (% of GDP, IMF WEO)",2019,127.911
SGP,Singapore,SGP.GGXWDG_NGDP.pcent_gdp,"Government gross debt (% of GDP, IMF WEO)",2020,148.205
SGP,Singapore,SGP.GGXWDG_NGDP.pcent_gdp,"Government gross debt (% of GDP, IMF WEO)",2021,141.73
SGP,Singapore,SGP.GGXWDG_NGDP.pcent_gdp,"Government gross debt (% of GDP, IMF WEO)",2022,154.303
SGP,Singapore,SGP.GGXWDG_NGDP.pcent_gdp,"Government gross debt (% of GDP, IMF WEO)",2023,172.798
SGP,Singapore,SGP.GGXWDG_NGDP.pcent_gdp,"Government gross debt (% of GDP, IMF WEO)",2024,174.299
SGP,Singapore,SGP.GGXWDG_NGDP.pcent_gdp,"Government gross debt (% of GDP, IMF WEO)",2025,174.94
SGP,Singapore,SGP.GGXWDG_NGDP.pcent_gdp,"Government gross debt (% of GDP, IMF WEO)",2026,175.62
SGP,Singapore,SGP.GGXWDG_NGDP.pcent_gdp,"Government gross debt (% of GDP, IMF WEO)",2027,176.343
SGP,Singapore,SGP.GGXWDG_NGDP.pcent_gdp,"Government gross debt (% of GDP, IMF WEO)",2028,177.113
SGP,Singapore,SGP.GGXWDG_NGDP.pcent_gdp,"Government gross debt (% of GDP, IMF WEO)",2029,177.555
SGP,Singapore,SGP.GGXWDG_NGDP.pcent_gdp,"Government gross debt (% of GDP, IMF WEO)",2030,177.999
SRB,Serbia,SRB.GGXWDG_NGDP.pcent_gdp,"Government gross debt (% of GDP, IMF WEO)",2015,67.078
SRB,Serbia,SRB.GGXWDG_NGDP.pcent_gdp,"Government gross debt (% of GDP, IMF WEO)",2016,64.978
SRB,Serbia,SRB.GGXWDG_NGDP.pcent_gdp,"Government gross debt (% of GDP, IMF WEO)",2017,55.257
SRB,Serbia,SRB.GGXWDG_NGDP.pcent_gdp,"Government gross debt (% of GDP, IMF WEO)",2018,51.137
SRB,Serbia,SRB.GGXWDG_NGDP.pcent_gdp,"Government gross debt (% of GDP, IMF WEO)",2019,49.454
SRB,Serbia,SRB.GGXWDG_NGDP.pcent_gdp,"Government gross debt (% of GDP, IMF WEO)",2020,54.325
SRB,Serbia,SRB.GGXWDG_NGDP.pcent_gdp,"Government gross debt (% of GDP, IMF WEO)",2021,53.637
SRB,Serbia,SRB.GGXWDG_NGDP.pcent_gdp,"Government gross debt (% of GDP, IMF WEO)",2022,50.907
SRB,Serbia,SRB.GGXWDG_NGDP.pcent_gdp,"Government gross debt (% of GDP, IMF WEO)",2023,45.667
SRB,Serbia,SRB.GGXWDG_NGDP.pcent_gdp,"Government gross debt (% of GDP, IMF WEO)",2024,44.479
SRB,Serbia,SRB.GGXWDG_NGDP.pcent_gdp,"Government gross debt (% of GDP, IMF WEO)",2025,44.388
SRB,Serbia,SRB.GGXWDG_NGDP.pcent_gdp,"Government gross debt (% of GDP, IMF WEO)",2026,44.144
SRB,Serbia,SRB.GGXWDG_NGDP.pcent_gdp,"Government gross debt (% of GDP, IMF WEO)",2027,44.283
SRB,Serbia,SRB.GGXWDG_NGDP.pcent_gdp,"Government gross debt (% of GDP, IMF WEO)",2028,43.999
SRB,Serbia,SRB.GGXWDG_NGDP.pcent_gdp,"Government gross debt (% of GDP, IMF WEO)",2029,43.719
SRB,Serbia,SRB.GGXWDG_NGDP.pcent_gdp,"Government gross debt (% of GDP, IMF WEO)",2030,43.238
SWE,Sweden,SWE.GGXWDG_NGDP.pcent_gdp,"Government gross debt (% of GDP, IMF WEO)",2015,44.456
SWE,Sweden,SWE.GGXWDG_NGDP.pcent_gdp,"Government gross debt (% of GDP, IMF WEO)",2016,42.786
SWE,Sweden,SWE.GGXWDG_NGDP.pcent_gdp,"Government gross debt (% of GDP, IMF WEO)",2017,41.558
SWE,Sweden,SWE.GGXWDG_NGDP.pcent_gdp,"Government gross debt (% of GDP, IMF WEO)",2018,39.81
SWE,Sweden,SWE.GGXWDG_NGDP.pcent_gdp,"Government gross debt (% of GDP, IMF WEO)",2019,35.694
SWE,Sweden,SWE.GGXWDG_NGDP.pcent_gdp,"Government gross debt (% of GDP, IMF WEO)",2020,40.139
SWE,Sweden,SWE.GGXWDG_NGDP.pcent_gdp,"Government gross debt (% of GDP, IMF WEO)",2021,36.685
SWE,Sweden,SWE.GGXWDG_NGDP.pcent_gdp,"Government gross debt (% of GDP, IMF WEO)",2022,33.629
SWE,Sweden,SWE.GGXWDG_NGDP.pcent_gdp,"Government gross debt (% of GDP, IMF WEO)",2023,31.461
SWE,Sweden,SWE.GGXWDG_NGDP.pcent_gdp,"Government gross debt (% of GDP, IMF WEO)",2024,32.642
SWE,Sweden,SWE.GGXWDG_NGDP.pcent_gdp,"Government gross debt (% of GDP, IMF WEO)",2025,33.727
SWE,Sweden,SWE.GGXWDG_NGDP.pcent_gdp,"Government gross debt (% of GDP, IMF WEO)",2026,33.859
SWE,Sweden,SWE.GGXWDG_NGDP.pcent_gdp,"Government gross debt (% of GDP, IMF WEO)",2027,33.248
SWE,Sweden,SWE.GGXWDG_NGDP.pcent_gdp,"Government gross debt (% of GDP, IMF WEO)",2028,32.55
SWE,Sweden,SWE.GGXWDG_NGDP.pcent_gdp,"Government gross debt (% of GDP, IMF WEO)",2029,31.785
SWE,Sweden,SWE.GGXWDG_NGDP.pcent_gdp,"Government gross debt (% of GDP, IMF WEO)",2030,30.927
THA,Thailand,THA.GGXWDG_NGDP.pcent_gdp,"Government gross debt (% of GDP, IMF WEO)",2015,42.559
THA,Thailand,THA.GGXWDG_NGDP.pcent_gdp,"Government gross debt (% of GDP, IMF WEO)",2016,41.745
THA,Thailand,THA.GGXWDG_NGDP.pcent_gdp,"Government gross debt (% of GDP, IMF WEO)",2017,41.777
THA,Thailand,THA.GGXWDG_NGDP.pcent_gdp,"Government gross debt (% of GDP, IMF WEO)",2018,41.941
THA,Thailand,THA.GGXWDG_NGDP.pcent_gdp,"Government gross debt (% of GDP, IMF WEO)",2019,41.063
THA,Thailand,THA.GGXWDG_NGDP.pcent_gdp,"Government gross debt (% of GDP, IMF WEO)",2020,49.42
THA,Thailand,THA.GGXWDG_NGDP.pcent_gdp,"Government gross debt (% of GDP, IMF WEO)",2021,58.35
THA,Thailand,THA.GGXWDG_NGDP.pcent_gdp,"Government gross debt (% of GDP, IMF WEO)",2022,60.547
THA,Thailand,THA.GGXWDG_NGDP.pcent_gdp,"Government gross debt (% of GDP, IMF WEO)",2023,62.321
THA,Thailand,THA.GGXWDG_NGDP.pcent_gdp,"Government gross debt (% of GDP, IMF WEO)",2024,63.201
THA,Thailand,THA.GGXWDG_NGDP.pcent_gdp,"Government gross debt (% of GDP, IMF WEO)",2025,64.513
THA,Thailand,THA.GGXWDG_NGDP.pcent_gdp,"Government gross debt (% of GDP, IMF WEO)",2026,66.002
THA,Thailand,THA.GGXWDG_NGDP.pcent_gdp,"Government gross debt (% of GDP, IMF WEO)",2027,66.983
THA,Thailand,THA.GGXWDG_NGDP.pcent_gdp,"Government gross debt (% of GDP, IMF WEO)",2028,67.64
THA,Thailand,THA.GGXWDG_NGDP.pcent_gdp,"Government gross debt (% of GDP, IMF WEO)",2029,68.063
THA,Thailand,THA.GGXWDG_NGDP.pcent_gdp,"Government gross debt (% of GDP, IMF WEO)",2030,68.262
TUN,Tunisia,TUN.GGXWDG_NGDP.pcent_gdp,"Government gross debt (% of GDP, IMF WEO)",2015,52.401
TUN,Tunisia,TUN.GGXWDG_NGDP.pcent_gdp,"Government gross debt (% of GDP, IMF WEO)",2016,58.908
TUN,Tunisia,TUN.GGXWDG_NGDP.pcent_gdp,"Government gross debt (% of GDP, IMF WEO)",2017,67.099
TUN,Tunisia,TUN.GGXWDG_NGDP.pcent_gdp,"Government gross debt (% of GDP, IMF WEO)",2018,72.908
TUN,Tunisia,TUN.GGXWDG_NGDP.pcent_gdp,"Government gross debt (% of GDP, IMF WEO)",2019,67.297
TUN,Tunisia,TUN.GGXWDG_NGDP.pcent_gdp,"Government gross debt (% of GDP, IMF WEO)",2020,77.708
TUN,Tunisia,TUN.GGXWDG_NGDP.pcent_gdp,"Government gross debt (% of GDP, IMF WEO)",2021,79.728
TUN,Tunisia,TUN.GGXWDG_NGDP.pcent_gdp,"Government gross debt (% of GDP, IMF WEO)",2022,82.932
TUN,Tunisia,TUN.GGXWDG_NGDP.pcent_gdp,"Government gross debt (% of GDP, IMF WEO)",2023,82.519
TUN,Tunisia,TUN.GGXWDG_NGDP.pcent_gdp,"Government gross debt (% of GDP, IMF WEO)",2024,83.132
TUN,Tunisia,TUN.GGXWDG_NGDP.pcent_gdp,"Government gross debt (% of GDP, IMF WEO)",2025,82.872
TUN,Tunisia,TUN.GGXWDG_NGDP.pcent_gdp,"Government gross debt (% of GDP, IMF WEO)",2026,84.188
TUN,Tunisia,TUN.GGXWDG_NGDP.pcent_gdp,"Government gross debt (% of GDP, IMF WEO)",2027,85.557
TUN,Tunisia,TUN.GGXWDG_NGDP.pcent_gdp,"Government gross debt (% of GDP, IMF WEO)",2028,87.225
TUN,Tunisia,TUN.GGXWDG_NGDP.pcent_gdp,"Government gross debt (% of GDP, IMF WEO)",2029,89.193
TUN,Tunisia,TUN.GGXWDG_NGDP.pcent_gdp,"Government gross debt (% of GDP, IMF WEO)",2030,90.949
TUR,Türkiye,TUR.GGXWDG_NGDP.pcent_gdp,"Government gross debt (% of GDP, IMF WEO)",2015,27.163
TUR,Türkiye,TUR.GGXWDG_NGDP.pcent_gdp,"Government gross debt (% of GDP, IMF WEO)",2016,27.747
TUR,Türkiye,TUR.GGXWDG_NGDP.pcent_gdp,"Government gross debt (% of GDP, IMF WEO)",2017,27.777
TUR,Türkiye,TUR.GGXWDG_NGDP.pcent_gdp,"Government gross debt (% of GDP, IMF WEO)",2018,29.86
TUR,Türkiye,TUR.GGXWDG_NGDP.pcent_gdp,"Government gross debt (% of GDP, IMF WEO)",2019,32.39
TUR,Türkiye,TUR.GGXWDG_NGDP.pcent_gdp,"Government gross debt (% of GDP, IMF WEO)",2020,39.446
TUR,Türkiye,TUR.GGXWDG_NGDP.pcent_gdp,"Government gross debt (% of GDP, IMF WEO)",2021,40.384
TUR,Türkiye,TUR.GGXWDG_NGDP.pcent_gdp,"Government gross debt (% of GDP, IMF WEO)",2022,30.802
TUR,Türkiye,TUR.GGXWDG_NGDP.pcent_gdp,"Government gross debt (% of GDP, IMF WEO)",2023,29.263
TUR,Türkiye,TUR.GGXWDG_NGDP.pcent_gdp,"Government gross debt (% of GDP, IMF WEO)",2024,25.971
TUR,Türkiye,TUR.GGXWDG_NGDP.pcent_gdp,"Government gross debt (% of GDP, IMF WEO)",2025,26.673
TUR,Türkiye,TUR.GGXWDG_NGDP.pcent_gdp,"Government gross debt (% of GDP, IMF WEO)",2026,27.101
TUR,Türkiye,TUR.GGXWDG_NGDP.pcent_gdp,"Government gross debt (% of GDP, IMF WEO)",2027,27.099
TUR,Türkiye,TUR.GGXWDG_NGDP.pcent_gdp,"Government gross debt (% of GDP, IMF WEO)",2028,26.504
TUR,Türkiye,TUR.GGXWDG_NGDP.pcent_gdp,"Government gross debt (% of GDP, IMF WEO)",2029,26.132
TUR,Türkiye,TUR.GGXWDG_NGDP.pcent_gdp,"Government gross debt (% of GDP, IMF WEO)",2030,25.832
TWN,Taiwan,TWN.GGXWDG_NGDP.pcent_gdp,"Government gross debt (% of GDP, IMF WEO)",2015,35.941
TWN,Taiwan,TWN.GGXWDG_NGDP.pcent_gdp,"Government gross debt (% of GDP, IMF WEO)",2016,35.364
TWN,Taiwan,TWN.GGXWDG_NGDP.pcent_gdp,"Government gross debt (% of GDP, IMF WEO)",2017,34.458
TWN,Taiwan,TWN.GGXWDG_NGDP.pcent_gdp,"Government gross debt (% of GDP, IMF WEO)",2018,33.831
TWN,Taiwan,TWN.GGXWDG_NGDP.pcent_gdp,"Government gross debt (% of GDP, IMF WEO)",2019,32.612
TWN,Taiwan,TWN.GGXWDG_NGDP.pcent_gdp,"Government gross debt (% of GDP, IMF WEO)",2020,31.958
TWN,Taiwan,TWN.GGXWDG_NGDP.pcent_gdp,"Government gross debt (% of GDP, IMF WEO)",2021,30.086
TWN,Taiwan,TWN.GGXWDG_NGDP.pcent_gdp,"Government gross debt (% of GDP, IMF WEO)",2022,29.483
TWN,Taiwan,TWN.GGXWDG_NGDP.pcent_gdp,"Government gross debt (% of GDP, IMF WEO)",2023,29.044
TWN,Taiwan,TWN.GGXWDG_NGDP.pcent_gdp,"Government gross debt (% of GDP, IMF WEO)",2024,26.165
TWN,Taiwan,TWN.GGXWDG_NGDP.pcent_gdp,"Government gross debt (% of GDP, IMF WEO)",2025,23.951
TWN,Taiwan,TWN.GGXWDG_NGDP.pcent_gdp,"Government gross debt (% of GDP, IMF WEO)",2026,22.036
TWN,Taiwan,TWN.GGXWDG_NGDP.pcent_gdp,"Government gross debt (% of GDP, IMF WEO)",2027,20.292
TWN,Taiwan,TWN.GGXWDG_NGDP.pcent_gdp,"Government gross debt (% of GDP, IMF WEO)",2028,18.709
TWN,Taiwan,TWN.GGXWDG_NGDP.pcent_gdp,"Government gross debt (% of GDP, IMF WEO)",2029,17.252
TWN,Taiwan,TWN.GGXWDG_NGDP.pcent_gdp,"Government gross debt (% of GDP, IMF WEO)",2030,15.957
UGA,Uganda,UGA.GGXWDG_NGDP.pcent_gdp,"Government gross debt (% of GDP, IMF WEO)",2015,28.022
UGA,Uganda,UGA.GGXWDG_NGDP.pcent_gdp,"Government gross debt (% of GDP, IMF WEO)",2016,31.333
UGA,Uganda,UGA.GGXWDG_NGDP.pcent_gdp,"Government gross debt (% of GDP, IMF WEO)",2017,33.64
UGA,Uganda,UGA.GGXWDG_NGDP.pcent_gdp,"Government gross debt (% of GDP, IMF WEO)",2018,34.887
UGA,Uganda,UGA.GGXWDG_NGDP.pcent_gdp,"Government gross debt (% of GDP, IMF WEO)",2019,37.537
UGA,Uganda,UGA.GGXWDG_NGDP.pcent_gdp,"Government gross debt (% of GDP, IMF WEO)",2020,46.344
UGA,Uganda,UGA.GGXWDG_NGDP.pcent_gdp,"Government gross debt (% of GDP, IMF WEO)",2021,50.348
UGA,Uganda,UGA.GGXWDG_NGDP.pcent_gdp,"Government gross debt (% of GDP, IMF WEO)",2022,50.166
UGA,Uganda,UGA.GGXWDG_NGDP.pcent_gdp,"Government gross debt (% of GDP, IMF WEO)",2023,50.204
UGA,Uganda,UGA.GGXWDG_NGDP.pcent_gdp,"Government gross debt (% of GDP, IMF WEO)",2024,51.826
UGA,Uganda,UGA.GGXWDG_NGDP.pcent_gdp,"Government gross debt (% of GDP, IMF WEO)",2025,53.956
UGA,Uganda,UGA.GGXWDG_NGDP.pcent_gdp,"Government gross debt (% of GDP, IMF WEO)",2026,54.591
UGA,Uganda,UGA.GGXWDG_NGDP.pcent_gdp,"Government gross debt (% of GDP, IMF WEO)",2027,54.059
UGA,Uganda,UGA.GGXWDG_NGDP.pcent_gdp,"Government gross debt (% of GDP, IMF WEO)",2028,53.726
UGA,Uganda,UGA.GGXWDG_NGDP.pcent_gdp,"Government gross debt (% of GDP, IMF WEO)",2029,53.189
UGA,Uganda,UGA.GGXWDG_NGDP.pcent_gdp,"Government gross debt (% of GDP, IMF WEO)",2030,52.719
USA,United States,USA.GGXWDG_NGDP.pcent_gdp,"Government gross debt (% of GDP, IMF WEO)",2015,104.854
USA,United States,USA.GGXWDG_NGDP.pcent_gdp,"Government gross debt (% of GDP, IMF WEO)",2016,106.78
USA,United States,USA.GGXWDG_NGDP.pcent_gdp,"Government gross debt (% of GDP, IMF WEO)",2017,105.728
USA,United States,USA.GGXWDG_NGDP.pcent_gdp,"Government gross debt (% of GDP, IMF WEO)",2018,107.041
USA,United States,USA.GGXWDG_NGDP.pcent_gdp,"Government gross debt (% of GDP, IMF WEO)",2019,108.197
USA,United States,USA.GGXWDG_NGDP.pcent_gdp,"Government gross debt (% of GDP, IMF WEO)",2020,132.032
USA,United States,USA.GGXWDG_NGDP.pcent_gdp,"Government gross debt (% of GDP, IMF WEO)",2021,124.716
USA,United States,USA.GGXWDG_NGDP.pcent_gdp,"Government gross debt (% of GDP, IMF WEO)",2022,118.806
USA,United States,USA.GGXWDG_NGDP.pcent_gdp,"Government gross debt (% of GDP, IMF WEO)",2023,118.998
USA,United States,USA.GGXWDG_NGDP.pcent_gdp,"Government gross debt (% of GDP, IMF WEO)",2024,120.786
USA,United States,USA.GGXWDG_NGDP.pcent_gdp,"Government gross debt (% of GDP, IMF WEO)",2025,122.464
USA,United States,USA.GGXWDG_NGDP.pcent_gdp,"Government gross debt (% of GDP, IMF WEO)",2026,123.692
USA,United States,USA.GGXWDG_NGDP.pcent_gdp,"Government gross debt (% of GDP, IMF WEO)",2027,124.925
USA,United States,USA.GGXWDG_NGDP.pcent_gdp,"Government gross debt (% of GDP, IMF WEO)",2028,125.906
USA,United States,USA.GGXWDG_NGDP.pcent_gdp,"Government gross debt (% of GDP, IMF WEO)",2029,127.012
USA,United States,USA.GGXWDG_NGDP.pcent_gdp,"Government gross debt (% of GDP, IMF WEO)",2030,128.154
VNM,Vietnam,VNM.GGXWDG_NGDP.pcent_gdp,"Government gross debt (% of GDP, IMF WEO)",2015,46.117
VNM,Vietnam,VNM.GGXWDG_NGDP.pcent_gdp,"Government gross debt (% of GDP, IMF WEO)",2016,47.88
VNM,Vietnam,VNM.GGXWDG_NGDP.pcent_gdp,"Government gross debt (% of GDP, IMF WEO)",2017,46.621
VNM,Vietnam,VNM.GGXWDG_NGDP.pcent_gdp,"Government gross debt (% of GDP, IMF WEO)",2018,43.798
VNM,Vietnam,VNM.GGXWDG_NGDP.pcent_gdp,"Government gross debt (% of GDP, IMF WEO)",2019,40.993
VNM,Vietnam,VNM.GGXWDG_NGDP.pcent_gdp,"Government gross debt (% of GDP, IMF WEO)",2020,41.319
VNM,Vietnam,VNM.GGXWDG_NGDP.pcent_gdp,"Government gross debt (% of GDP, IMF WEO)",2021,39.237
VNM,Vietnam,VNM.GGXWDG_NGDP.pcent_gdp,"Government gross debt (% of GDP, IMF WEO)",2022,34.923
VNM,Vietnam,VNM.GGXWDG_NGDP.pcent_gdp,"Government gross debt (% of GDP, IMF WEO)",2023,34.417
VNM,Vietnam,VNM.GGXWDG_NGDP.pcent_gdp,"Government gross debt (% of GDP, IMF WEO)",2024,32.86
VNM,Vietnam,VNM.GGXWDG_NGDP.pcent_gdp,"Government gross debt (% of GDP, IMF WEO)",2025,33.566
VNM,Vietnam,VNM.GGXWDG_NGDP.pcent_gdp,"Government gross debt (% of GDP, IMF WEO)",2026,34.856
VNM,Vietnam,VNM.GGXWDG_NGDP.pcent_gdp,"Government gross debt (% of GDP, IMF WEO)",2027,35.593
VNM,Vietnam,VNM.GGXWDG_NGDP.pcent_gdp,"Government gross debt (% of GDP, IMF WEO)",2028,36.123
VNM,Vietnam,VNM.GGXWDG_NGDP.pcent_gdp,"Government gross debt (% of GDP, IMF WEO)",2029,36.603
VNM,Vietnam,VNM.GGXWDG_NGDP.pcent_gdp,"Government gross debt (% of GDP, IMF WEO)",2030,37.051
ZAF,South Africa,ZAF.GGXWDG_NGDP.pcent_gdp,"Government gross debt (% of GDP, IMF WEO)",2015,45.195
ZAF,South Africa,ZAF.GGXWDG_NGDP.pcent_gdp,"Government gross debt (% of GDP, IMF WEO)",2016,47.134
ZAF,South Africa,ZAF.GGXWDG_NGDP.pcent_gdp,"Government gross debt (% of GDP, IMF WEO)",2017,48.588
ZAF,South Africa,ZAF.GGXWDG_NGDP.pcent_gdp,"Government gross debt (% of GDP, IMF WEO)",2018,51.536
ZAF,South Africa,ZAF.GGXWDG_NGDP.pcent_gdp,"Government gross debt (% of GDP, IMF WEO)",2019,56.101
ZAF,South Africa,ZAF.GGXWDG_NGDP.pcent_gdp,"Government gross debt (% of GDP, IMF WEO)",2020,68.927
ZAF,South Africa,ZAF.GGXWDG_NGDP.pcent_gdp,"Government gross debt (% of GDP, IMF WEO)",2021,68.672
ZAF,South Africa,ZAF.GGXWDG_NGDP.pcent_gdp,"Government gross debt (% of GDP, IMF WEO)",2022,70.832
ZAF,South Africa,ZAF.GGXWDG_NGDP.pcent_gdp,"Government gross debt (% of GDP, IMF WEO)",2023,73.363
ZAF,South Africa,ZAF.GGXWDG_NGDP.pcent_gdp,"Government gross debt (% of GDP, IMF WEO)",2024,76.356
ZAF,South Africa,ZAF.GGXWDG_NGDP.pcent_gdp,"Government gross debt (% of GDP, IMF WEO)",2025,79.551
ZAF,South Africa,ZAF.GGXWDG_NGDP.pcent_gdp,"Government gross debt (% of GDP, IMF WEO)",2026,81.706
ZAF,South Africa,ZAF.GGXWDG_NGDP.pcent_gdp,"Government gross debt (% of GDP, IMF WEO)",2027,83.723
ZAF,South Africa,ZAF.GGXWDG_NGDP.pcent_gdp,"Government gross debt (% of GDP, IMF WEO)",2028,85.529
ZAF,South Africa,ZAF.GGXWDG_NGDP.pcent_gdp,"Government gross debt (% of GDP, IMF WEO)",2029,87.114
ZAF,South Africa,ZAF.GGXWDG_NGDP.pcent_gdp,"Government gross debt (% of GDP, IMF WEO)",2030,88.732
ARE,United Arab Emirates,ARE.BCA_NGDPD.pcent_gdp,"Current account balance (% of GDP, IMF WEO)",2015,4.74
ARE,United Arab Emirates,ARE.BCA_NGDPD.pcent_gdp,"Current account balance (% of GDP, IMF WEO)",2016,3.575
ARE,United Arab Emirates,ARE.BCA_NGDPD.pcent_gdp,"Current account balance (% of GDP, IMF WEO)",2017,7.042
ARE,United Arab Emirates,ARE.BCA_NGDPD.pcent_gdp,"Current account balance (% of GDP, IMF WEO)",2018,9.658
ARE,United Arab Emirates,ARE.BCA_NGDPD.pcent_gdp,"Current account balance (% of GDP, IMF WEO)",2019,8.929
ARE,United Arab Emirates,ARE.BCA_NGDPD.pcent_gdp,"Current account balance (% of GDP, IMF WEO)",2020,6.038
ARE,United Arab Emirates,ARE.BCA_NGDPD.pcent_gdp,"Current account balance (% of GDP, IMF WEO)",2021,11.549
ARE,United Arab Emirates,ARE.BCA_NGDPD.pcent_gdp,"Current account balance (% of GDP, IMF WEO)",2022,13.223
ARE,United Arab Emirates,ARE.BCA_NGDPD.pcent_gdp,"Current account balance (% of GDP, IMF WEO)",2023,10.665
ARE,United Arab Emirates,ARE.BCA_NGDPD.pcent_gdp,"Current account balance (% of GDP, IMF WEO)",2024,9.127
ARE,United Arab Emirates,ARE.BCA_NGDPD.pcent_gdp,"Current account balance (% of GDP, IMF WEO)",2025,6.61
ARE,United Arab Emirates,ARE.BCA_NGDPD.pcent_gdp,"Current account balance (% of GDP, IMF WEO)",2026,6.376
ARE,United Arab Emirates,ARE.BCA_NGDPD.pcent_gdp,"Current account balance (% of GDP, IMF WEO)",2027,6.433
ARE,United Arab Emirates,ARE.BCA_NGDPD.pcent_gdp,"Current account balance (% of GDP, IMF WEO)",2028,6.146
ARE,United Arab Emirates,ARE.BCA_NGDPD.pcent_gdp,"Current account balance (% of GDP, IMF WEO)",2029,6.126
ARE,United Arab Emirates,ARE.BCA_NGDPD.pcent_gdp,"Current account balance (% of GDP, IMF WEO)",2030,6.127
AUS,Australia,AUS.BCA_NGDPD.pcent_gdp,"Current account balance (% of GDP, IMF WEO)",2015,-4.714
AUS,Australia,AUS.BCA_NGDPD.pcent_gdp,"Current account balance (% of GDP, IMF WEO)",2016,-3.455
AUS,Australia,AUS.BCA_NGDPD.pcent_gdp,"Current account balance (% of GDP, IMF WEO)",2017,-2.835
AUS,Australia,AUS.BCA_NGDPD.pcent_gdp,"Current account balance (% of GDP, IMF WEO)",2018,-2.569
AUS,Australia,AUS.BCA_NGDPD.pcent_gdp,"Current account balance (% of GDP, IMF WEO)",2019,-0.021
AUS,Australia,AUS.BCA_NGDPD.pcent_gdp,"Current account balance (% of GDP, IMF WEO)",2020,1.734
AUS,Australia,AUS.BCA_NGDPD.pcent_gdp,"Current account balance (% of GDP, IMF WEO)",2021,2.396
AUS,Australia,AUS.BCA_NGDPD.pcent_gdp,"Current account balance (% of GDP, IMF WEO)",2022,0.372
AUS,Australia,AUS.BCA_NGDPD.pcent_gdp,"Current account balance (% of GDP, IMF WEO)",2023,-0.295
AUS,Australia,AUS.BCA_NGDPD.pcent_gdp,"Current account balance (% of GDP, IMF WEO)",2024,-1.927
AUS,Australia,AUS.BCA_NGDPD.pcent_gdp,"Current account balance (% of GDP, IMF WEO)",2025,-3.069
AUS,Australia,AUS.BCA_NGDPD.pcent_gdp,"Current account balance (% of GDP, IMF WEO)",2026,-3.437
AUS,Australia,AUS.BCA_NGDPD.pcent_gdp,"Current account balance (% of GDP, IMF WEO)",2027,-3.383
AUS,Australia,AUS.BCA_NGDPD.pcent_gdp,"Current account balance (% of GDP, IMF WEO)",2028,-3.363
AUS,Australia,AUS.BCA_NGDPD.pcent_gdp,"Current account balance (% of GDP, IMF WEO)",2029,-3.38
AUS,Australia,AUS.BCA_NGDPD.pcent_gdp,"Current account balance (% of GDP, IMF WEO)",2030,-3.502
BEL,Belgium,BEL.BCA_NGDPD.pcent_gdp,"Current account balance (% of GDP, IMF WEO)",2015,1.387
BEL,Belgium,BEL.BCA_NGDPD.pcent_gdp,"Current account balance (% of GDP, IMF WEO)",2016,0.554
BEL,Belgium,BEL.BCA_NGDPD.pcent_gdp,"Current account balance (% of GDP, IMF WEO)",2017,0.701
BEL,Belgium,BEL.BCA_NGDPD.pcent_gdp,"Current account balance (% of GDP, IMF WEO)",2018,-0.915
BEL,Belgium,BEL.BCA_NGDPD.pcent_gdp,"Current account balance (% of GDP, IMF WEO)",2019,0.124
BEL,Belgium,BEL.BCA_NGDPD.pcent_gdp,"Current account balance (% of GDP, IMF WEO)",2020,0.887
BEL,Belgium,BEL.BCA_NGDPD.pcent_gdp,"Current account balance (% of GDP, IMF WEO)",2021,1.834
BEL,Belgium,BEL.BCA_NGDPD.pcent_gdp,"Current account balance (% of GDP, IMF WEO)",2022,-1.314
BEL,Belgium,BEL.BCA_NGDPD.pcent_gdp,"Current account balance (% of GDP, IMF WEO)",2023,-0.688
BEL,Belgium,BEL.BCA_NGDPD.pcent_gdp,"Current account balance (% of GDP, IMF WEO)",2024,-0.853
BEL,Belgium,BEL.BCA_NGDPD.pcent_gdp,"Current account balance (% of GDP, IMF WEO)",2025,-1.077
BEL,Belgium,BEL.BCA_NGDPD.pcent_gdp,"Current account balance (% of GDP, IMF WEO)",2026,-1.304
BEL,Belgium,BEL.BCA_NGDPD.pcent_gdp,"Current account balance (% of GDP, IMF WEO)",2027,-1.437
BEL,Belgium,BEL.BCA_NGDPD.pcent_gdp,"Current account balance (% of GDP, IMF WEO)",2028,-1.272
BEL,Belgium,BEL.BCA_NGDPD.pcent_gdp,"Current account balance (% of GDP, IMF WEO)",2029,-1.162
BEL,Belgium,BEL.BCA_NGDPD.pcent_gdp,"Current account balance (% of GDP, IMF WEO)",2030,-1.079
BGR,Bulgaria,BGR.BCA_NGDPD.pcent_gdp,"Current account balance (% of GDP, IMF WEO)",2015,0.017
BGR,Bulgaria,BGR.BCA_NGDPD.pcent_gdp,"Current account balance (% of GDP, IMF WEO)",2016,3.028
BGR,Bulgaria,BGR.BCA_NGDPD.pcent_gdp,"Current account balance (% of GDP, IMF WEO)",2017,3.157
BGR,Bulgaria,BGR.BCA_NGDPD.pcent_gdp,"Current account balance (% of GDP, IMF WEO)",2018,0.655
BGR,Bulgaria,BGR.BCA_NGDPD.pcent_gdp,"Current account balance (% of GDP, IMF WEO)",2019,1.662
BGR,Bulgaria,BGR.BCA_NGDPD.pcent_gdp,"Current account balance (% of GDP, IMF WEO)",2020,0.443
BGR,Bulgaria,BGR.BCA_NGDPD.pcent_gdp,"Current account balance (% of GDP, IMF WEO)",2021,-1.077
BGR,Bulgaria,BGR.BCA_NGDPD.pcent_gdp,"Current account balance (% of GDP, IMF WEO)",2022,-2.593
BGR,Bulgaria,BGR.BCA_NGDPD.pcent_gdp,"Current account balance (% of GDP, IMF WEO)",2023,0.885
BGR,Bulgaria,BGR.BCA_NGDPD.pcent_gdp,"Current account balance (% of GDP, IMF WEO)",2024,0.217
BGR,Bulgaria,BGR.BCA_NGDPD.pcent_gdp,"Current account balance (% of GDP, IMF WEO)",2025,-1.453
BGR,Bulgaria,BGR.BCA_NGDPD.pcent_gdp,"Current account balance (% of GDP, IMF WEO)",2026,-0.964
BGR,Bulgaria,BGR.BCA_NGDPD.pcent_gdp,"Current account balance (% of GDP, IMF WEO)",2027,-1.295
BGR,Bulgaria,BGR.BCA_NGDPD.pcent_gdp,"Current account balance (% of GDP, IMF WEO)",2028,-0.775
BGR,Bulgaria,BGR.BCA_NGDPD.pcent_gdp,"Current account balance (% of GDP, IMF WEO)",2029,-0.831
BGR,Bulgaria,BGR.BCA_NGDPD.pcent_gdp,"Current account balance (% of GDP, IMF WEO)",2030,-0.779
BHR,Bahrain,BHR.BCA_NGDPD.pcent_gdp,"Current account balance (% of GDP, IMF WEO)",2015,-2.313
BHR,Bahrain,BHR.BCA_NGDPD.pcent_gdp,"Current account balance (% of GDP, IMF WEO)",2016,-4.406
BHR,Bahrain,BHR.BCA_NGDPD.pcent_gdp,"Current account balance (% of GDP, IMF WEO)",2017,-3.897
BHR,Bahrain,BHR.BCA_NGDPD.pcent_gdp,"Current account balance (% of GDP, IMF WEO)",2018,-6.153
BHR,Bahrain,BHR.BCA_NGDPD.pcent_gdp,"Current account balance (% of GDP, IMF WEO)",2019,-1.963
BHR,Bahrain,BHR.BCA_NGDPD.pcent_gdp,"Current account balance (% of GDP, IMF WEO)",2020,-9.054
BHR,Bahrain,BHR.BCA_NGDPD.pcent_gdp,"Current account balance (% of GDP, IMF WEO)",2021,6.372
BHR,Bahrain,BHR.BCA_NGDPD.pcent_gdp,"Current account balance (% of GDP, IMF WEO)",2022,14.72
BHR,Bahrain,BHR.BCA_NGDPD.pcent_gdp,"Current account balance (% of GDP, IMF WEO)",2023,5.844
BHR,Bahrain,BHR.BCA_NGDPD.pcent_gdp,"Current account balance (% of GDP, IMF WEO)",2024,4.861
BHR,Bahrain,BHR.BCA_NGDPD.pcent_gdp,"Current account balance (% of GDP, IMF WEO)",2025,3.317
BHR,Bahrain,BHR.BCA_NGDPD.pcent_gdp,"Current account balance (% of GDP, IMF WEO)",2026,1.69
BHR,Bahrain,BHR.BCA_NGDPD.pcent_gdp,"Current account balance (% of GDP, IMF WEO)",2027,0.724
BHR,Bahrain,BHR.BCA_NGDPD.pcent_gdp,"Current account balance (% of GDP, IMF WEO)",2028,-0.064
BHR,Bahrain,BHR.BCA_NGDPD.pcent_gdp,"Current account balance (% of GDP, IMF WEO)",2029,-0.898
BHR,Bahrain,BHR.BCA_NGDPD.pcent_gdp,"Current account balance (% of GDP, IMF WEO)",2030,-1.159
CAN,Canada,CAN.BCA_NGDPD.pcent_gdp,"Current account balance (% of GDP, IMF WEO)",2015,-3.495
CAN,Canada,CAN.BCA_NGDPD.pcent_gdp,"Current account balance (% of GDP, IMF WEO)",2016,-3.088
CAN,Canada,CAN.BCA_NGDPD.pcent_gdp,"Current account balance (% of GDP, IMF WEO)",2017,-2.803
CAN,Canada,CAN.BCA_NGDPD.pcent_gdp,"Current account balance (% of GDP, IMF WEO)",2018,-2.377
CAN,Canada,CAN.BCA_NGDPD.pcent_gdp,"Current account balance (% of GDP, IMF WEO)",2019,-1.953
CAN,Canada,CAN.BCA_NGDPD.pcent_gdp,"Current account balance (% of GDP, IMF WEO)",2020,-2.017
CAN,Canada,CAN.BCA_NGDPD.pcent_gdp,"Current account balance (% of GDP, IMF WEO)",2021,-0.019
CAN,Canada,CAN.BCA_NGDPD.pcent_gdp,"Current account balance (% of GDP, IMF WEO)",2022,-0.304
CAN,Canada,CAN.BCA_NGDPD.pcent_gdp,"Current account balance (% of GDP, IMF WEO)",2023,-0.627
CAN,Canada,CAN.BCA_NGDPD.pcent_gdp,"Current account balance (% of GDP, IMF WEO)",2024,-0.508
CAN,Canada,CAN.BCA_NGDPD.pcent_gdp,"Current account balance (% of GDP, IMF WEO)",2025,-0.139
CAN,Canada,CAN.BCA_NGDPD.pcent_gdp,"Current account balance (% of GDP, IMF WEO)",2026,-0.274
CAN,Canada,CAN.BCA_NGDPD.pcent_gdp,"Current account balance (% of GDP, IMF WEO)",2027,-0.56
CAN,Canada,CAN.BCA_NGDPD.pcent_gdp,"Current account balance (% of GDP, IMF WEO)",2028,-0.893
CAN,Canada,CAN.BCA_NGDPD.pcent_gdp,"Current account balance (% of GDP, IMF WEO)",2029,-1.193
CAN,Canada,CAN.BCA_NGDPD.pcent_gdp,"Current account balance (% of GDP, IMF WEO)",2030,-0.902
CHN,China,CHN.BCA_NGDPD.pcent_gdp,"Current account balance (% of GDP, IMF WEO)",2015,2.591
CHN,China,CHN.BCA_NGDPD.pcent_gdp,"Current account balance (% of GDP, IMF WEO)",2016,1.671
CHN,China,CHN.BCA_NGDPD.pcent_gdp,"Current account balance (% of GDP, IMF WEO)",2017,1.509
CHN,China,CHN.BCA_NGDPD.pcent_gdp,"Current account balance (% of GDP, IMF WEO)",2018,0.171
CHN,China,CHN.BCA_NGDPD.pcent_gdp,"Current account balance (% of GDP, IMF WEO)",2019,0.706
CHN,China,CHN.BCA_NGDPD.pcent_gdp,"Current account balance (% of GDP, IMF WEO)",2020,1.648
CHN,China,CHN.BCA_NGDPD.pcent_gdp,"Current account balance (% of GDP, IMF WEO)",2021,1.94
CHN,China,CHN.BCA_NGDPD.pcent_gdp,"Current account balance (% of GDP, IMF WEO)",2022,2.422
CHN,China,CHN.BCA_NGDPD.pcent_gdp,"Current account balance (% of GDP, IMF WEO)",2023,1.442
CHN,China,CHN.BCA_NGDPD.pcent_gdp,"Current account balance (% of GDP, IMF WEO)",2024,2.261
CHN,China,CHN.BCA_NGDPD.pcent_gdp,"Current account balance (% of GDP, IMF WEO)",2025,1.886
CHN,China,CHN.BCA_NGDPD.pcent_gdp,"Current account balance (% of GDP, IMF WEO)",2026,1.684
CHN,China,CHN.BCA_NGDPD.pcent_gdp,"Current account balance (% of GDP, IMF WEO)",2027,1.66
CHN,China,CHN.BCA_NGDPD.pcent_gdp,"Current account balance (% of GDP, IMF WEO)",2028,1.569
CHN,China,CHN.BCA_NGDPD.pcent_gdp,"Current account balance (% of GDP, IMF WEO)",2029,1.523
CHN,China,CHN.BCA_NGDPD.pcent_gdp,"Current account balance (% of GDP, IMF WEO)",2030,1.513
CYP,Cyprus,CYP.BCA_NGDPD.pcent_gdp,"Current account balance (% of GDP, IMF WEO)",2015,-0.269
CYP,Cyprus,CYP.BCA_NGDPD.pcent_gdp,"Current account balance (% of GDP, IMF WEO)",2016,-3.951
CYP,Cyprus,CYP.BCA_NGDPD.pcent_gdp,"Current account balance (% of GDP, IMF WEO)",2017,-5.016
CYP,Cyprus,CYP.BCA_NGDPD.pcent_gdp,"Current account balance (% of GDP, IMF WEO)",2018,-3.881
CYP,Cyprus,CYP.BCA_NGDPD.pcent_gdp,"Current account balance (% of GDP, IMF WEO)",2019,-5.513
CYP,Cyprus,CYP.BCA_NGDPD.pcent_gdp,"Current account balance (% of GDP, IMF WEO)",2020,-9.698
CYP,Cyprus,CYP.BCA_NGDPD.pcent_gdp,"Current account balance (% of GDP, IMF WEO)",2021,-5.368
CYP,Cyprus,CYP.BCA_NGDPD.pcent_gdp,"Current account balance (% of GDP, IMF WEO)",2022,-5.385
CYP,Cyprus,CYP.BCA_NGDPD.pcent_gdp,"Current account balance (% of GDP, IMF WEO)",2023,-9.465
CYP,Cyprus,CYP.BCA_NGDPD.pcent_gdp,"Current account balance (% of GDP, IMF WEO)",2024,-6.83
CYP,Cyprus,CYP.BCA_NGDPD.pcent_gdp,"Current account balance (% of GDP, IMF WEO)",2025,-7.265
CYP,Cyprus,CYP.BCA_NGDPD.pcent_gdp,"Current account balance (% of GDP, IMF WEO)",2026,-7.839
CYP,Cyprus,CYP.BCA_NGDPD.pcent_gdp,"Current account balance (% of GDP, IMF WEO)",2027,-8.359
CYP,Cyprus,CYP.BCA_NGDPD.pcent_gdp,"Current account balance (% of GDP, IMF WEO)",2028,-8.791
CYP,Cyprus,CYP.BCA_NGDPD.pcent_gdp,"Current account balance (% of GDP, IMF WEO)",2029,-9.181
CYP,Cyprus,CYP.BCA_NGDPD.pcent_gdp,"Current account balance (% of GDP, IMF WEO)",2030,-9.418
CZE,Czechia,CZE.BCA_NGDPD.pcent_gdp,"Current account balance (% of GDP, IMF WEO)",2015,0.446
CZE,Czechia,CZE.BCA_NGDPD.pcent_gdp,"Current account balance (% of GDP, IMF WEO)",2016,1.759
CZE,Czechia,CZE.BCA_NGDPD.pcent_gdp,"Current account balance (% of GDP, IMF WEO)",2017,1.541
CZE,Czechia,CZE.BCA_NGDPD.pcent_gdp,"Current account balance (% of GDP, IMF WEO)",2018,0.392
CZE,Czechia,CZE.BCA_NGDPD.pcent_gdp,"Current account balance (% of GDP, IMF WEO)",2019,0.332
CZE,Czechia,CZE.BCA_NGDPD.pcent_gdp,"Current account balance (% of GDP, IMF WEO)",2020,1.759
CZE,Czechia,CZE.BCA_NGDPD.pcent_gdp,"Current account balance (% of GDP, IMF WEO)",2021,-2.056
CZE,Czechia,CZE.BCA_NGDPD.pcent_gdp,"Current account balance (% of GDP, IMF WEO)",2022,-4.685
CZE,Czechia,CZE.BCA_NGDPD.pcent_gdp,"Current account balance (% of GDP, IMF WEO)",2023,-0.111
CZE,Czechia,CZE.BCA_NGDPD.pcent_gdp,"Current account balance (% of GDP, IMF WEO)",2024,1.755
CZE,Czechia,CZE.BCA_NGDPD.pcent_gdp,"Current account balance (% of GDP, IMF WEO)",2025,-0.075
CZE,Czechia,CZE.BCA_NGDPD.pcent_gdp,"Current account balance (% of GDP, IMF WEO)",2026,-0.61
CZE,Czechia,CZE.BCA_NGDPD.pcent_gdp,"Current account balance (% of GDP, IMF WEO)",2027,-0.514
CZE,Czechia,CZE.BCA_NGDPD.pcent_gdp,"Current account balance (% of GDP, IMF WEO)",2028,-0.423
CZE,Czechia,CZE.BCA_NGDPD.pcent_gdp,"Current account balance (% of GDP, IMF WEO)",2029,-0.401
CZE,Czechia,CZE.BCA_NGDPD.pcent_gdp,"Current account balance (% of GDP, IMF WEO)",2030,-0.39
DEU,Germany,DEU.BCA_NGDPD.pcent_gdp,"Current account balance (% of GDP, IMF WEO)",2015,8.105
DEU,Germany,DEU.BCA_NGDPD.pcent_gdp,"Current account balance (% of GDP, IMF WEO)",2016,8.907
DEU,Germany,DEU.BCA_NGDPD.pcent_gdp,"Current account balance (% of GDP, IMF WEO)",2017,8.067
DEU,Germany,DEU.BCA_NGDPD.pcent_gdp,"Current account balance (% of GDP, IMF WEO)",2018,8.428
DEU,Germany,DEU.BCA_NGDPD.pcent_gdp,"Current account balance (% of GDP, IMF WEO)",2019,7.878
DEU,Germany,DEU.BCA_NGDPD.pcent_gdp,"Current account balance (% of GDP, IMF WEO)",2020,6.32
DEU,Germany,DEU.BCA_NGDPD.pcent_gdp,"Current account balance (% of GDP, IMF WEO)",2021,6.92
DEU,Germany,DEU.BCA_NGDPD.pcent_gdp,"Current account balance (% of GDP, IMF WEO)",2022,3.845
DEU,Germany,DEU.BCA_NGDPD.pcent_gdp,"Current account balance (% of GDP, IMF WEO)",2023,5.562
DEU,Germany,DEU.BCA_NGDPD.pcent_gdp,"Current account balance (% of GDP, IMF WEO)",2024,5.729
DEU,Germany,DEU.BCA_NGDPD.pcent_gdp,"Current account balance (% of GDP, IMF WEO)",2025,5.247
DEU,Germany,DEU.BCA_NGDPD.pcent_gdp,"Current account balance (% of GDP, IMF WEO)",2026,4.972
DEU,Germany,DEU.BCA_NGDPD.pcent_gdp,"Current account balance (% of GDP, IMF WEO)",2027,4.856
DEU,Germany,DEU.BCA_NGDPD.pcent_gdp,"Current account balance (% of GDP, IMF WEO)",2028,4.606
DEU,Germany,DEU.BCA_NGDPD.pcent_gdp,"Current account balance (% of GDP, IMF WEO)",2029,4.506
DEU,Germany,DEU.BCA_NGDPD.pcent_gdp,"Current account balance (% of GDP, IMF WEO)",2030,4.389
DNK,Denmark,DNK.BCA_NGDPD.pcent_gdp,"Current account balance (% of GDP, IMF WEO)",2015,7.957
DNK,Denmark,DNK.BCA_NGDPD.pcent_gdp,"Current account balance (% of GDP, IMF WEO)",2016,7.088
DNK,Denmark,DNK.BCA_NGDPD.pcent_gdp,"Current account balance (% of GDP, IMF WEO)",2017,7.323
DNK,Denmark,DNK.BCA_NGDPD.pcent_gdp,"Current account balance (% of GDP, IMF WEO)",2018,6.307
DNK,Denmark,DNK.BCA_NGDPD.pcent_gdp,"Current account balance (% of GDP, IMF WEO)",2019,7.446
DNK,Denmark,DNK.BCA_NGDPD.pcent_gdp,"Current account balance (% of GDP, IMF WEO)",2020,7.226
DNK,Denmark,DNK.BCA_NGDPD.pcent_gdp,"Current account balance (% of GDP, IMF WEO)",2021,8.678
DNK,Denmark,DNK.BCA_NGDPD.pcent_gdp,"Current account balance (% of GDP, IMF WEO)",2022,11.658
DNK,Denmark,DNK.BCA_NGDPD.pcent_gdp,"Current account balance (% of GDP, IMF WEO)",2023,9.836
DNK,Denmark,DNK.BCA_NGDPD.pcent_gdp,"Current account balance (% of GDP, IMF WEO)",2024,13.022
DNK,Denmark,DNK.BCA_NGDPD.pcent_gdp,"Current account balance (% of GDP, IMF WEO)",2025,12.581
DNK,Denmark,DNK.BCA_NGDPD.pcent_gdp,"Current account balance (% of GDP, IMF WEO)",2026,12.425
DNK,Denmark,DNK.BCA_NGDPD.pcent_gdp,"Current account balance (% of GDP, IMF WEO)",2027,12.262
DNK,Denmark,DNK.BCA_NGDPD.pcent_gdp,"Current account balance (% of GDP, IMF WEO)",2028,11.897
DNK,Denmark,DNK.BCA_NGDPD.pcent_gdp,"Current account balance (% of GDP, IMF WEO)",2029,11.626
DNK,Denmark,DNK.BCA_NGDPD.pcent_gdp,"Current account balance (% of GDP, IMF WEO)",2030,11.408
EGY,Egypt,EGY.BCA_NGDPD.pcent_gdp,"Current account balance (% of GDP, IMF WEO)",2015,-3.468
EGY,Egypt,EGY.BCA_NGDPD.pcent_gdp,"Current account balance (% of GDP, IMF WEO)",2016,-5.643
EGY,Egypt,EGY.BCA_NGDPD.pcent_gdp,"Current account balance (% of GDP, IMF WEO)",2017,-5.832
EGY,Egypt,EGY.BCA_NGDPD.pcent_gdp,"Current account balance (% of GDP, IMF WEO)",2018,-2.266
EGY,Egypt,EGY.BCA_NGDPD.pcent_gdp,"Current account balance (% of GDP, IMF WEO)",2019,-3.427
EGY,Egypt,EGY.BCA_NGDPD.pcent_gdp,"Current account balance (% of GDP, IMF WEO)",2020,-2.919
EGY,Egypt,EGY.BCA_NGDPD.pcent_gdp,"Current account balance (% of GDP, IMF WEO)",2021,-4.355
EGY,Egypt,EGY.BCA_NGDPD.pcent_gdp,"Current account balance (% of GDP, IMF WEO)",2022,-3.483
EGY,Egypt,EGY.BCA_NGDPD.pcent_gdp,"Current account balance (% of GDP, IMF WEO)",2023,-1.196
EGY,Egypt,EGY.BCA_NGDPD.pcent_gdp,"Current account balance (% of GDP, IMF WEO)",2024,-5.431
EGY,Egypt,EGY.BCA_NGDPD.pcent_gdp,"Current account balance (% of GDP, IMF WEO)",2025,-5.81
EGY,Egypt,EGY.BCA_NGDPD.pcent_gdp,"Current account balance (% of GDP, IMF WEO)",2026,-3.659
EGY,Egypt,EGY.BCA_NGDPD.pcent_gdp,"Current account balance (% of GDP, IMF WEO)",2027,-3.166
EGY,Egypt,EGY.BCA_NGDPD.pcent_gdp,"Current account balance (% of GDP, IMF WEO)",2028,-3.097
EGY,Egypt,EGY.BCA_NGDPD.pcent_gdp,"Current account balance (% of GDP, IMF WEO)",2029,-3.227
EGY,Egypt,EGY.BCA_NGDPD.pcent_gdp,"Current account balance (% of GDP, IMF WEO)",2030,-3.28
EST,Estonia,EST.BCA_NGDPD.pcent_gdp,"Current account balance (% of GDP, IMF WEO)",2015,1.475
EST,Estonia,EST.BCA_NGDPD.pcent_gdp,"Current account balance (% of GDP, IMF WEO)",2016,0.978
EST,Estonia,EST.BCA_NGDPD.pcent_gdp,"Current account balance (% of GDP, IMF WEO)",2017,1.685
EST,Estonia,EST.BCA_NGDPD.pcent_gdp,"Current account balance (% of GDP, IMF WEO)",2018,0.553
EST,Estonia,EST.BCA_NGDPD.pcent_gdp,"Current account balance (% of GDP, IMF WEO)",2019,2.011
EST,Estonia,EST.BCA_NGDPD.pcent_gdp,"Current account balance (% of GDP, IMF WEO)",2020,-2.526
EST,Estonia,EST.BCA_NGDPD.pcent_gdp,"Current account balance (% of GDP, IMF WEO)",2021,-3.608
EST,Estonia,EST.BCA_NGDPD.pcent_gdp,"Current account balance (% of GDP, IMF WEO)",2022,-3.894
EST,Estonia,EST.BCA_NGDPD.pcent_gdp,"Current account balance (% of GDP, IMF WEO)",2023,-1.737
EST,Estonia,EST.BCA_NGDPD.pcent_gdp,"Current account balance (% of GDP, IMF WEO)",2024,-1.131
EST,Estonia,EST.BCA_NGDPD.pcent_gdp,"Current account balance (% of GDP, IMF WEO)",2025,-2.569
EST,Estonia,EST.BCA_NGDPD.pcent_gdp,"Current account balance (% of GDP, IMF WEO)",2026,-2.362
EST,Estonia,EST.BCA_NGDPD.pcent_gdp,"Current account balance (% of GDP, IMF WEO)",2027,-2.089
EST,Estonia,EST.BCA_NGDPD.pcent_gdp,"Current account balance (% of GDP, IMF WEO)",2028,-1.701
EST,Estonia,EST.BCA_NGDPD.pcent_gdp,"Current account balance (% of GDP, IMF WEO)",2029,-1.325
EST,Estonia,EST.BCA_NGDPD.pcent_gdp,"Current account balance (% of GDP, IMF WEO)",2030,-1.212
FIN,Finland,FIN.BCA_NGDPD.pcent_gdp,"Current account balance (% of GDP, IMF WEO)",2015,-0.908
FIN,Finland,FIN.BCA_NGDPD.pcent_gdp,"Current account balance (% of GDP, IMF WEO)",2016,-1.969
FIN,Finland,FIN.BCA_NGDPD.pcent_gdp,"Current account balance (% of GDP, IMF WEO)",2017,-0.656
FIN,Finland,FIN.BCA_NGDPD.pcent_gdp,"Current account balance (% of GDP, IMF WEO)",2018,-1.611
FIN,Finland,FIN.BCA_NGDPD.pcent_gdp,"Current account balance (% of GDP, IMF WEO)",2019,-0.138
FIN,Finland,FIN.BCA_NGDPD.pcent_gdp,"Current account balance (% of GDP, IMF WEO)",2020,0.423
FIN,Finland,FIN.BCA_NGDPD.pcent_gdp,"Current account balance (% of GDP, IMF WEO)",2021,0.33
FIN,Finland,FIN.BCA_NGDPD.pcent_gdp,"Current account balance (% of GDP, IMF WEO)",2022,-2.416
FIN,Finland,FIN.BCA_NGDPD.pcent_gdp,"Current account balance (% of GDP, IMF WEO)",2023,-0.525
FIN,Finland,FIN.BCA_NGDPD.pcent_gdp,"Current account balance (% of GDP, IMF WEO)",2024,0.305
FIN,Finland,FIN.BCA_NGDPD.pcent_gdp,"Current account balance (% of GDP, IMF WEO)",2025,-0.505
FIN,Finland,FIN.BCA_NGDPD.pcent_gdp,"Current account balance (% of GDP, IMF WEO)",2026,-0.557
FIN,Finland,FIN.BCA_NGDPD.pcent_gdp,"Current account balance (% of GDP, IMF WEO)",2027,-0.663
FIN,Finland,FIN.BCA_NGDPD.pcent_gdp,"Current account balance (% of GDP, IMF WEO)",2028,-0.693
FIN,Finland,FIN.BCA_NGDPD.pcent_gdp,"Current account balance (% of GDP, IMF WEO)",2029,-0.737
FIN,Finland,FIN.BCA_NGDPD.pcent_gdp,"Current account balance (% of GDP, IMF WEO)",2030,-0.658
FRA,France,FRA.BCA_NGDPD.pcent_gdp,"Current account balance (% of GDP, IMF WEO)",2015,-0.325
FRA,France,FRA.BCA_NGDPD.pcent_gdp,"Current account balance (% of GDP, IMF WEO)",2016,-0.528
FRA,France,FRA.BCA_NGDPD.pcent_gdp,"Current account balance (% of GDP, IMF WEO)",2017,-0.547
FRA,France,FRA.BCA_NGDPD.pcent_gdp,"Current account balance (% of GDP, IMF WEO)",2018,-0.698
FRA,France,FRA.BCA_NGDPD.pcent_gdp,"Current account balance (% of GDP, IMF WEO)",2019,0.597
FRA,France,FRA.BCA_NGDPD.pcent_gdp,"Current account balance (% of GDP, IMF WEO)",2020,-2.053
FRA,France,FRA.BCA_NGDPD.pcent_gdp,"Current account balance (% of GDP, IMF WEO)",2021,0.277
FRA,France,FRA.BCA_NGDPD.pcent_gdp,"Current account balance (% of GDP, IMF WEO)",2022,-1.172
FRA,France,FRA.BCA_NGDPD.pcent_gdp,"Current account balance (% of GDP, IMF WEO)",2023,-0.995
FRA,France,FRA.BCA_NGDPD.pcent_gdp,"Current account balance (% of GDP, IMF WEO)",2024,0.396
FRA,France,FRA.BCA_NGDPD.pcent_gdp,"Current account balance (% of GDP, IMF WEO)",2025,0.19
FRA,France,FRA.BCA_NGDPD.pcent_gdp,"Current account balance (% of GDP, IMF WEO)",2026,-0.183
FRA,France,FRA.BCA_NGDPD.pcent_gdp,"Current account balance (% of GDP, IMF WEO)",2027,-0.424
FRA,France,FRA.BCA_NGDPD.pcent_gdp,"Current account balance (% of GDP, IMF WEO)",2028,-0.339
FRA,France,FRA.BCA_NGDPD.pcent_gdp,"Current account balance (% of GDP, IMF WEO)",2029,-0.139
FRA,France,FRA.BCA_NGDPD.pcent_gdp,"Current account balance (% of GDP, IMF WEO)",2030,-0.115
GBR,United Kingdom,GBR.BCA_NGDPD.pcent_gdp,"Current account balance (% of GDP, IMF WEO)",2015,-4.948
GBR,United Kingdom,GBR.BCA_NGDPD.pcent_gdp,"Current account balance (% of GDP, IMF WEO)",2016,-5.448
GBR,United Kingdom,GBR.BCA_NGDPD.pcent_gdp,"Current account balance (% of GDP, IMF WEO)",2017,-3.493
GBR,United Kingdom,GBR.BCA_NGDPD.pcent_gdp,"Current account balance (% of GDP, IMF WEO)",2018,-3.927
GBR,United Kingdom,GBR.BCA_NGDPD.pcent_gdp,"Current account balance (% of GDP, IMF WEO)",2019,-2.688
GBR,United Kingdom,GBR.BCA_NGDPD.pcent_gdp,"Current account balance (% of GDP, IMF WEO)",2020,-2.934
GBR,United Kingdom,GBR.BCA_NGDPD.pcent_gdp,"Current account balance (% of GDP, IMF WEO)",2021,-0.437
GBR,United Kingdom,GBR.BCA_NGDPD.pcent_gdp,"Current account balance (% of GDP, IMF WEO)",2022,-2.102
GBR,United Kingdom,GBR.BCA_NGDPD.pcent_gdp,"Current account balance (% of GDP, IMF WEO)",2023,-3.509
GBR,United Kingdom,GBR.BCA_NGDPD.pcent_gdp,"Current account balance (% of GDP, IMF WEO)",2024,-3.366
GBR,United Kingdom,GBR.BCA_NGDPD.pcent_gdp,"Current account balance (% of GDP, IMF WEO)",2025,-3.684
GBR,United Kingdom,GBR.BCA_NGDPD.pcent_gdp,"Current account balance (% of GDP, IMF WEO)",2026,-3.683
GBR,United Kingdom,GBR.BCA_NGDPD.pcent_gdp,"Current account balance (% of GDP, IMF WEO)",2027,-3.548
GBR,United Kingdom,GBR.BCA_NGDPD.pcent_gdp,"Current account balance (% of GDP, IMF WEO)",2028,-3.421
GBR,United Kingdom,GBR.BCA_NGDPD.pcent_gdp,"Current account balance (% of GDP, IMF WEO)",2029,-3.124
GBR,United Kingdom,GBR.BCA_NGDPD.pcent_gdp,"Current account balance (% of GDP, IMF WEO)",2030,-2.95
HKG,Hong Kong,HKG.BCA_NGDPD.pcent_gdp,"Current account balance (% of GDP, IMF WEO)",2015,3.317
HKG,Hong Kong,HKG.BCA_NGDPD.pcent_gdp,"Current account balance (% of GDP, IMF WEO)",2016,3.958
HKG,Hong Kong,HKG.BCA_NGDPD.pcent_gdp,"Current account balance (% of GDP, IMF WEO)",2017,4.569
HKG,Hong Kong,HKG.BCA_NGDPD.pcent_gdp,"Current account balance (% of GDP, IMF WEO)",2018,3.739
HKG,Hong Kong,HKG.BCA_NGDPD.pcent_gdp,"Current account balance (% of GDP, IMF WEO)",2019,5.888
HKG,Hong Kong,HKG.BCA_NGDPD.pcent_gdp,"Current account balance (% of GDP, IMF WEO)",2020,6.993
HKG,Hong Kong,HKG.BCA_NGDPD.pcent_gdp,"Current account balance (% of GDP, IMF WEO)",2021,11.798
HKG,Hong Kong,HKG.BCA_NGDPD.pcent_gdp,"Current account balance (% of GDP, IMF WEO)",2022,10.215
HKG,Hong Kong,HKG.BCA_NGDPD.pcent_gdp,"Current account balance (% of GDP, IMF WEO)",2023,8.503
HKG,Hong Kong,HKG.BCA_NGDPD.pcent_gdp,"Current account balance (% of GDP, IMF WEO)",2024,12.955
HKG,Hong Kong,HKG.BCA_NGDPD.pcent_gdp,"Current account balance (% of GDP, IMF WEO)",2025,11.427
HKG,Hong Kong,HKG.BCA_NGDPD.pcent_gdp,"Current account balance (% of GDP, IMF WEO)",2026,10.961
HKG,Hong Kong,HKG.BCA_NGDPD.pcent_gdp,"Current account balance (% of GDP, IMF WEO)",2027,10.608
HKG,Hong Kong,HKG.BCA_NGDPD.pcent_gdp,"Current account balance (% of GDP, IMF WEO)",2028,10.001
HKG,Hong Kong,HKG.BCA_NGDPD.pcent_gdp,"Current account balance (% of GDP, IMF WEO)",2029,9.664
HKG,Hong Kong,HKG.BCA_NGDPD.pcent_gdp,"Current account balance (% of GDP, IMF WEO)",2030,9.517
HUN,Hungary,HUN.BCA_NGDPD.pcent_gdp,"Current account balance (% of GDP, IMF WEO)",2015,2.165
HUN,Hungary,HUN.BCA_NGDPD.pcent_gdp,"Current account balance (% of GDP, IMF WEO)",2016,4.372
HUN,Hungary,HUN.BCA_NGDPD.pcent_gdp,"Current account balance (% of GDP, IMF WEO)",2017,1.785
HUN,Hungary,HUN.BCA_NGDPD.pcent_gdp,"Current account balance (% of GDP, IMF WEO)",2018,0.243
HUN,Hungary,HUN.BCA_NGDPD.pcent_gdp,"Current account balance (% of GDP, IMF WEO)",2019,-0.64
HUN,Hungary,HUN.BCA_NGDPD.pcent_gdp,"Current account balance (% of GDP, IMF WEO)",2020,-0.945
HUN,Hungary,HUN.BCA_NGDPD.pcent_gdp,"Current account balance (% of GDP, IMF WEO)",2021,-4.105
HUN,Hungary,HUN.BCA_NGDPD.pcent_gdp,"Current account balance (% of GDP, IMF WEO)",2022,-8.491
HUN,Hungary,HUN.BCA_NGDPD.pcent_gdp,"Current account balance (% of GDP, IMF WEO)",2023,0.315
HUN,Hungary,HUN.BCA_NGDPD.pcent_gdp,"Current account balance (% of GDP, IMF WEO)",2024,2.228
HUN,Hungary,HUN.BCA_NGDPD.pcent_gdp,"Current account balance (% of GDP, IMF WEO)",2025,1.036
HUN,Hungary,HUN.BCA_NGDPD.pcent_gdp,"Current account balance (% of GDP, IMF WEO)",2026,1.138
HUN,Hungary,HUN.BCA_NGDPD.pcent_gdp,"Current account balance (% of GDP, IMF WEO)",2027,1.234
HUN,Hungary,HUN.BCA_NGDPD.pcent_gdp,"Current account balance (% of GDP, IMF WEO)",2028,1.365
HUN,Hungary,HUN.BCA_NGDPD.pcent_gdp,"Current account balance (% of GDP, IMF WEO)",2029,1.439
HUN,Hungary,HUN.BCA_NGDPD.pcent_gdp,"Current account balance (% of GDP, IMF WEO)",2030,1.546
IDN,Indonesia,IDN.BCA_NGDPD.pcent_gdp,"Current account balance (% of GDP, IMF WEO)",2015,-2.035
IDN,Indonesia,IDN.BCA_NGDPD.pcent_gdp,"Current account balance (% of GDP, IMF WEO)",2016,-1.819
IDN,Indonesia,IDN.BCA_NGDPD.pcent_gdp,"Current account balance (% of GDP, IMF WEO)",2017,-1.595
IDN,Indonesia,IDN.BCA_NGDPD.pcent_gdp,"Current account balance (% of GDP, IMF WEO)",2018,-2.939
IDN,Indonesia,IDN.BCA_NGDPD.pcent_gdp,"Current account balance (% of GDP, IMF WEO)",2019,-2.706
IDN,Indonesia,IDN.BCA_NGDPD.pcent_gdp,"Current account balance (% of GDP, IMF WEO)",2020,-0.419
IDN,Indonesia,IDN.BCA_NGDPD.pcent_gdp,"Current account balance (% of GDP, IMF WEO)",2021,0.296
IDN,Indonesia,IDN.BCA_NGDPD.pcent_gdp,"Current account balance (% of GDP, IMF WEO)",2022,1.002
IDN,Indonesia,IDN.BCA_NGDPD.pcent_gdp,"Current account balance (% of GDP, IMF WEO)",2023,-0.149
IDN,Indonesia,IDN.BCA_NGDPD.pcent_gdp,"Current account balance (% of GDP, IMF WEO)",2024,-0.634
IDN,Indonesia,IDN.BCA_NGDPD.pcent_gdp,"Current account balance (% of GDP, IMF WEO)",2025,-1.485
IDN,Indonesia,IDN.BCA_NGDPD.pcent_gdp,"Current account balance (% of GDP, IMF WEO)",2026,-1.596
IDN,Indonesia,IDN.BCA_NGDPD.pcent_gdp,"Current account balance (% of GDP, IMF WEO)",2027,-1.447
IDN,Indonesia,IDN.BCA_NGDPD.pcent_gdp,"Current account balance (% of GDP, IMF WEO)",2028,-1.392
IDN,Indonesia,IDN.BCA_NGDPD.pcent_gdp,"Current account balance (% of GDP, IMF WEO)",2029,-1.38
IDN,Indonesia,IDN.BCA_NGDPD.pcent_gdp,"Current account balance (% of GDP, IMF WEO)",2030,-1.38
IND,India,IND.BCA_NGDPD.pcent_gdp,"Current account balance (% of GDP, IMF WEO)",2015,-1.05
IND,India,IND.BCA_NGDPD.pcent_gdp,"Current account balance (% of GDP, IMF WEO)",2016,-0.625
IND,India,IND.BCA_NGDPD.pcent_gdp,"Current account balance (% of GDP, IMF WEO)",2017,-1.835
IND,India,IND.BCA_NGDPD.pcent_gdp,"Current account balance (% of GDP, IMF WEO)",2018,-2.116
IND,India,IND.BCA_NGDPD.pcent_gdp,"Current account balance (% of GDP, IMF WEO)",2019,-0.866
IND,India,IND.BCA_NGDPD.pcent_gdp,"Current account balance (% of GDP, IMF WEO)",2020,0.898
IND,India,IND.BCA_NGDPD.pcent_gdp,"Current account balance (% of GDP, IMF WEO)",2021,-1.222
IND,India,IND.BCA_NGDPD.pcent_gdp,"Current account balance (% of GDP, IMF WEO)",2022,-2.002
IND,India,IND.BCA_NGDPD.pcent_gdp,"Current account balance (% of GDP, IMF WEO)",2023,-0.716
IND,India,IND.BCA_NGDPD.pcent_gdp,"Current account balance (% of GDP, IMF WEO)",2024,-0.793
IND,India,IND.BCA_NGDPD.pcent_gdp,"Current account balance (% of GDP, IMF WEO)",2025,-0.946
IND,India,IND.BCA_NGDPD.pcent_gdp,"Current account balance (% of GDP, IMF WEO)",2026,-1.408
IND,India,IND.BCA_NGDPD.pcent_gdp,"Current account balance (% of GDP, IMF WEO)",2027,-1.607
IND,India,IND.BCA_NGDPD.pcent_gdp,"Current account balance (% of GDP, IMF WEO)",2028,-1.859
IND,India,IND.BCA_NGDPD.pcent_gdp,"Current account balance (% of GDP, IMF WEO)",2029,-2.069
IND,India,IND.BCA_NGDPD.pcent_gdp,"Current account balance (% of GDP, IMF WEO)",2030,-2.248
IRL,Ireland,IRL.BCA_NGDPD.pcent_gdp,"Current account balance (% of GDP, IMF WEO)",2015,6.133
IRL,Ireland,IRL.BCA_NGDPD.pcent_gdp,"Current account balance (% of GDP, IMF WEO)",2016,-1.243
IRL,Ireland,IRL.BCA_NGDPD.pcent_gdp,"Current account balance (% of GDP, IMF WEO)",2017,1.143
IRL,Ireland,IRL.BCA_NGDPD.pcent_gdp,"Current account balance (% of GDP, IMF WEO)",2018,4.291
IRL,Ireland,IRL.BCA_NGDPD.pcent_gdp,"Current account balance (% of GDP, IMF WEO)",2019,-20.724
IRL,Ireland,IRL.BCA_NGDPD.pcent_gdp,"Current account balance (% of GDP, IMF WEO)",2020,-7.07
IRL,Ireland,IRL.BCA_NGDPD.pcent_gdp,"Current account balance (% of GDP, IMF WEO)",2021,12.165
IRL,Ireland,IRL.BCA_NGDPD.pcent_gdp,"Current account balance (% of GDP, IMF WEO)",2022,8.762
IRL,Ireland,IRL.BCA_NGDPD.pcent_gdp,"Current account balance (% of GDP, IMF WEO)",2023,8.092
IRL,Ireland,IRL.BCA_NGDPD.pcent_gdp,"Current account balance (% of GDP, IMF WEO)",2024,17.158
IRL,Ireland,IRL.BCA_NGDPD.pcent_gdp,"Current account balance (% of GDP, IMF WEO)",2025,11.598
IRL,Ireland,IRL.BCA_NGDPD.pcent_gdp,"Current account balance (% of GDP, IMF WEO)",2026,11.042
IRL,Ireland,IRL.BCA_NGDPD.pcent_gdp,"Current account balance (% of GDP, IMF WEO)",2027,10.479
IRL,Ireland,IRL.BCA_NGDPD.pcent_gdp,"Current account balance (% of GDP, IMF WEO)",2028,10.068
IRL,Ireland,IRL.BCA_NGDPD.pcent_gdp,"Current account balance (% of GDP, IMF WEO)",2029,9.346
IRL,Ireland,IRL.BCA_NGDPD.pcent_gdp,"Current account balance (% of GDP, IMF WEO)",2030,8.673
ISL,Iceland,ISL.BCA_NGDPD.pcent_gdp,"Current account balance (% of GDP, IMF WEO)",2015,5.626
ISL,Iceland,ISL.BCA_NGDPD.pcent_gdp,"Current account balance (% of GDP, IMF WEO)",2016,8.097
ISL,Iceland,ISL.BCA_NGDPD.pcent_gdp,"Current account balance (% of GDP, IMF WEO)",2017,4.221
ISL,Iceland,ISL.BCA_NGDPD.pcent_gdp,"Current account balance (% of GDP, IMF WEO)",2018,4.258
ISL,Iceland,ISL.BCA_NGDPD.pcent_gdp,"Current account balance (% of GDP, IMF WEO)",2019,6.547
ISL,Iceland,ISL.BCA_NGDPD.pcent_gdp,"Current account balance (% of GDP, IMF WEO)",2020,1.096
ISL,Iceland,ISL.BCA_NGDPD.pcent_gdp,"Current account balance (% of GDP, IMF WEO)",2021,-2.819
ISL,Iceland,ISL.BCA_NGDPD.pcent_gdp,"Current account balance (% of GDP, IMF WEO)",2022,-2.377
ISL,Iceland,ISL.BCA_NGDPD.pcent_gdp,"Current account balance (% of GDP, IMF WEO)",2023,0.84
ISL,Iceland,ISL.BCA_NGDPD.pcent_gdp,"Current account balance (% of GDP, IMF WEO)",2024,-2.53
ISL,Iceland,ISL.BCA_NGDPD.pcent_gdp,"Current account balance (% of GDP, IMF WEO)",2025,-1.949
ISL,Iceland,ISL.BCA_NGDPD.pcent_gdp,"Current account balance (% of GDP, IMF WEO)",2026,-1.161
ISL,Iceland,ISL.BCA_NGDPD.pcent_gdp,"Current account balance (% of GDP, IMF WEO)",2027,-0.536
ISL,Iceland,ISL.BCA_NGDPD.pcent_gdp,"Current account balance (% of GDP, IMF WEO)",2028,0.01
ISL,Iceland,ISL.BCA_NGDPD.pcent_gdp,"Current account balance (% of GDP, IMF WEO)",2029,0.529
ISL,Iceland,ISL.BCA_NGDPD.pcent_gdp,"Current account balance (% of GDP, IMF WEO)",2030,1.074
ISR,Israel,ISR.BCA_NGDPD.pcent_gdp,"Current account balance (% of GDP, IMF WEO)",2015,5.222
ISR,Israel,ISR.BCA_NGDPD.pcent_gdp,"Current account balance (% of GDP, IMF WEO)",2016,3.76
ISR,Israel,ISR.BCA_NGDPD.pcent_gdp,"Current account balance (% of GDP, IMF WEO)",2017,3.636
ISR,Israel,ISR.BCA_NGDPD.pcent_gdp,"Current account balance (% of GDP, IMF WEO)",2018,3.002
ISR,Israel,ISR.BCA_NGDPD.pcent_gdp,"Current account balance (% of GDP, IMF WEO)",2019,3.205
ISR,Israel,ISR.BCA_NGDPD.pcent_gdp,"Current account balance (% of GDP, IMF WEO)",2020,4.024
ISR,Israel,ISR.BCA_NGDPD.pcent_gdp,"Current account balance (% of GDP, IMF WEO)",2021,3.274
ISR,Israel,ISR.BCA_NGDPD.pcent_gdp,"Current account balance (% of GDP, IMF WEO)",2022,3.329
ISR,Israel,ISR.BCA_NGDPD.pcent_gdp,"Current account balance (% of GDP, IMF WEO)",2023,3.748
ISR,Israel,ISR.BCA_NGDPD.pcent_gdp,"Current account balance (% of GDP, IMF WEO)",2024,3.135
ISR,Israel,ISR.BCA_NGDPD.pcent_gdp,"Current account balance (% of GDP, IMF WEO)",2025,2.779
ISR,Israel,ISR.BCA_NGDPD.pcent_gdp,"Current account balance (% of GDP, IMF WEO)",2026,2.912
ISR,Israel,ISR.BCA_NGDPD.pcent_gdp,"Current account balance (% of GDP, IMF WEO)",2027,2.947
ISR,Israel,ISR.BCA_NGDPD.pcent_gdp,"Current account balance (% of GDP, IMF WEO)",2028,2.795
ISR,Israel,ISR.BCA_NGDPD.pcent_gdp,"Current account balance (% of GDP, IMF WEO)",2029,2.809
ISR,Israel,ISR.BCA_NGDPD.pcent_gdp,"Current account balance (% of GDP, IMF WEO)",2030,2.835
ITA,Italy,ITA.BCA_NGDPD.pcent_gdp,"Current account balance (% of GDP, IMF WEO)",2015,1.243
ITA,Italy,ITA.BCA_NGDPD.pcent_gdp,"Current account balance (% of GDP, IMF WEO)",2016,2.461
ITA,Italy,ITA.BCA_NGDPD.pcent_gdp,"Current account balance (% of GDP, IMF WEO)",2017,2.439
ITA,Italy,ITA.BCA_NGDPD.pcent_gdp,"Current account balance (% of GDP, IMF WEO)",2018,2.501
ITA,Italy,ITA.BCA_NGDPD.pcent_gdp,"Current account balance (% of GDP, IMF WEO)",2019,3.157
ITA,Italy,ITA.BCA_NGDPD.pcent_gdp,"Current account balance (% of GDP, IMF WEO)",2020,3.761
ITA,Italy,ITA.BCA_NGDPD.pcent_gdp,"Current account balance (% of GDP, IMF WEO)",2021,2.1
ITA,Italy,ITA.BCA_NGDPD.pcent_gdp,"Current account balance (% of GDP, IMF WEO)",2022,-1.725
ITA,Italy,ITA.BCA_NGDPD.pcent_gdp,"Current account balance (% of GDP, IMF WEO)",2023,0.138
ITA,Italy,ITA.BCA_NGDPD.pcent_gdp,"Current account balance (% of GDP, IMF WEO)",2024,1.13
ITA,Italy,ITA.BCA_NGDPD.pcent_gdp,"Current account balance (% of GDP, IMF WEO)",2025,0.907
ITA,Italy,ITA.BCA_NGDPD.pcent_gdp,"Current account balance (% of GDP, IMF WEO)",2026,0.882
ITA,Italy,ITA.BCA_NGDPD.pcent_gdp,"Current account balance (% of GDP, IMF WEO)",2027,1.263
ITA,Italy,ITA.BCA_NGDPD.pcent_gdp,"Current account balance (% of GDP, IMF WEO)",2028,1.374
ITA,Italy,ITA.BCA_NGDPD.pcent_gdp,"Current account balance (% of GDP, IMF WEO)",2029,1.482
ITA,Italy,ITA.BCA_NGDPD.pcent_gdp,"Current account balance (% of GDP, IMF WEO)",2030,1.978
KAZ,Kazakhstan,KAZ.BCA_NGDPD.pcent_gdp,"Current account balance (% of GDP, IMF WEO)",2015,-5.412
KAZ,Kazakhstan,KAZ.BCA_NGDPD.pcent_gdp,"Current account balance (% of GDP, IMF WEO)",2016,-5.073
KAZ,Kazakhstan,KAZ.BCA_NGDPD.pcent_gdp,"Current account balance (% of GDP, IMF WEO)",2017,-2.054
KAZ,Kazakhstan,KAZ.BCA_NGDPD.pcent_gdp,"Current account balance (% of GDP, IMF WEO)",2018,-0.984
KAZ,Kazakhstan,KAZ.BCA_NGDPD.pcent_gdp,"Current account balance (% of GDP, IMF WEO)",2019,-3.869
KAZ,Kazakhstan,KAZ.BCA_NGDPD.pcent_gdp,"Current account balance (% of GDP, IMF WEO)",2020,-6.462
KAZ,Kazakhstan,KAZ.BCA_NGDPD.pcent_gdp,"Current account balance (% of GDP, IMF WEO)",2021,-1.359
KAZ,Kazakhstan,KAZ.BCA_NGDPD.pcent_gdp,"Current account balance (% of GDP, IMF WEO)",2022,2.854
KAZ,Kazakhstan,KAZ.BCA_NGDPD.pcent_gdp,"Current account balance (% of GDP, IMF WEO)",2023,-3.608
KAZ,Kazakhstan,KAZ.BCA_NGDPD.pcent_gdp,"Current account balance (% of GDP, IMF WEO)",2024,-1.3
KAZ,Kazakhstan,KAZ.BCA_NGDPD.pcent_gdp,"Current account balance (% of GDP, IMF WEO)",2025,-3.565
KAZ,Kazakhstan,KAZ.BCA_NGDPD.pcent_gdp,"Current account balance (% of GDP, IMF WEO)",2026,-3.669
KAZ,Kazakhstan,KAZ.BCA_NGDPD.pcent_gdp,"Current account balance (% of GDP, IMF WEO)",2027,-3.481
KAZ,Kazakhstan,KAZ.BCA_NGDPD.pcent_gdp,"Current account balance (% of GDP, IMF WEO)",2028,-3.423
KAZ,Kazakhstan,KAZ.BCA_NGDPD.pcent_gdp,"Current account balance (% of GDP, IMF WEO)",2029,-3.171
KAZ,Kazakhstan,KAZ.BCA_NGDPD.pcent_gdp,"Current account balance (% of GDP, IMF WEO)",2030,-2.98
KEN,Kenya,KEN.BCA_NGDPD.pcent_gdp,"Current account balance (% of GDP, IMF WEO)",2015,-6.282
KEN,Kenya,KEN.BCA_NGDPD.pcent_gdp,"Current account balance (% of GDP, IMF WEO)",2016,-5.397
KEN,Kenya,KEN.BCA_NGDPD.pcent_gdp,"Current account balance (% of GDP, IMF WEO)",2017,-7.003
KEN,Kenya,KEN.BCA_NGDPD.pcent_gdp,"Current account balance (% of GDP, IMF WEO)",2018,-5.411
KEN,Kenya,KEN.BCA_NGDPD.pcent_gdp,"Current account balance (% of GDP, IMF WEO)",2019,-5.241
KEN,Kenya,KEN.BCA_NGDPD.pcent_gdp,"Current account balance (% of GDP, IMF WEO)",2020,-4.748
KEN,Kenya,KEN.BCA_NGDPD.pcent_gdp,"Current account balance (% of GDP, IMF WEO)",2021,-5.228
KEN,Kenya,KEN.BCA_NGDPD.pcent_gdp,"Current account balance (% of GDP, IMF WEO)",2022,-5.025
KEN,Kenya,KEN.BCA_NGDPD.pcent_gdp,"Current account balance (% of GDP, IMF WEO)",2023,-3.97
KEN,Kenya,KEN.BCA_NGDPD.pcent_gdp,"Current account balance (% of GDP, IMF WEO)",2024,-3.71
KEN,Kenya,KEN.BCA_NGDPD.pcent_gdp,"Current account balance (% of GDP, IMF WEO)",2025,-3.898
KEN,Kenya,KEN.BCA_NGDPD.pcent_gdp,"Current account balance (% of GDP, IMF WEO)",2026,-4.205
KEN,Kenya,KEN.BCA_NGDPD.pcent_gdp,"Current account balance (% of GDP, IMF WEO)",2027,-4.108
KEN,Kenya,KEN.BCA_NGDPD.pcent_gdp,"Current account balance (% of GDP, IMF WEO)",2028,-4.144
KEN,Kenya,KEN.BCA_NGDPD.pcent_gdp,"Current account balance (% of GDP, IMF WEO)",2029,-3.984
KEN,Kenya,KEN.BCA_NGDPD.pcent_gdp,"Current account balance (% of GDP, IMF WEO)",2030,-3.813
KWT,Kuwait,KWT.BCA_NGDPD.pcent_gdp,"Current account balance (% of GDP, IMF WEO)",2015,3.501
KWT,Kuwait,KWT.BCA_NGDPD.pcent_gdp,"Current account balance (% of GDP, IMF WEO)",2016,-4.626
KWT,Kuwait,KWT.BCA_NGDPD.pcent_gdp,"Current account balance (% of GDP, IMF WEO)",2017,7.962
KWT,Kuwait,KWT.BCA_NGDPD.pcent_gdp,"Current account balance (% of GDP, IMF WEO)",2018,14.344
KWT,Kuwait,KWT.BCA_NGDPD.pcent_gdp,"Current account balance (% of GDP, IMF WEO)",2019,12.678
KWT,Kuwait,KWT.BCA_NGDPD.pcent_gdp,"Current account balance (% of GDP, IMF WEO)",2020,4.364
KWT,Kuwait,KWT.BCA_NGDPD.pcent_gdp,"Current account balance (% of GDP, IMF WEO)",2021,25.18
KWT,Kuwait,KWT.BCA_NGDPD.pcent_gdp,"Current account balance (% of GDP, IMF WEO)",2022,34.313
KWT,Kuwait,KWT.BCA_NGDPD.pcent_gdp,"Current account balance (% of GDP, IMF WEO)",2023,31.403
KWT,Kuwait,KWT.BCA_NGDPD.pcent_gdp,"Current account balance (% of GDP, IMF WEO)",2024,29.463
KWT,Kuwait,KWT.BCA_NGDPD.pcent_gdp,"Current account balance (% of GDP, IMF WEO)",2025,22.72
KWT,Kuwait,KWT.BCA_NGDPD.pcent_gdp,"Current account balance (% of GDP, IMF WEO)",2026,19.324
KWT,Kuwait,KWT.BCA_NGDPD.pcent_gdp,"Current account balance (% of GDP, IMF WEO)",2027,17.914
KWT,Kuwait,KWT.BCA_NGDPD.pcent_gdp,"Current account balance (% of GDP, IMF WEO)",2028,16.811
KWT,Kuwait,KWT.BCA_NGDPD.pcent_gdp,"Current account balance (% of GDP, IMF WEO)",2029,15.563
KWT,Kuwait,KWT.BCA_NGDPD.pcent_gdp,"Current account balance (% of GDP, IMF WEO)",2030,14.213
LTU,Lithuania,LTU.BCA_NGDPD.pcent_gdp,"Current account balance (% of GDP, IMF WEO)",2015,-2.506
LTU,Lithuania,LTU.BCA_NGDPD.pcent_gdp,"Current account balance (% of GDP, IMF WEO)",2016,-1.008
LTU,Lithuania,LTU.BCA_NGDPD.pcent_gdp,"Current account balance (% of GDP, IMF WEO)",2017,1.027
LTU,Lithuania,LTU.BCA_NGDPD.pcent_gdp,"Current account balance (% of GDP, IMF WEO)",2018,0.356
LTU,Lithuania,LTU.BCA_NGDPD.pcent_gdp,"Current account balance (% of GDP, IMF WEO)",2019,3.756
LTU,Lithuania,LTU.BCA_NGDPD.pcent_gdp,"Current account balance (% of GDP, IMF WEO)",2020,7.208
LTU,Lithuania,LTU.BCA_NGDPD.pcent_gdp,"Current account balance (% of GDP, IMF WEO)",2021,1.449
LTU,Lithuania,LTU.BCA_NGDPD.pcent_gdp,"Current account balance (% of GDP, IMF WEO)",2022,-6.099
LTU,Lithuania,LTU.BCA_NGDPD.pcent_gdp,"Current account balance (% of GDP, IMF WEO)",2023,1.099
LTU,Lithuania,LTU.BCA_NGDPD.pcent_gdp,"Current account balance (% of GDP, IMF WEO)",2024,2.473
LTU,Lithuania,LTU.BCA_NGDPD.pcent_gdp,"Current account balance (% of GDP, IMF WEO)",2025,1.966
LTU,Lithuania,LTU.BCA_NGDPD.pcent_gdp,"Current account balance (% of GDP, IMF WEO)",2026,1.72
LTU,Lithuania,LTU.BCA_NGDPD.pcent_gdp,"Current account balance (% of GDP, IMF WEO)",2027,1.723
LTU,Lithuania,LTU.BCA_NGDPD.pcent_gdp,"Current account balance (% of GDP, IMF WEO)",2028,1.639
LTU,Lithuania,LTU.BCA_NGDPD.pcent_gdp,"Current account balance (% of GDP, IMF WEO)",2029,1.601
LTU,Lithuania,LTU.BCA_NGDPD.pcent_gdp,"Current account balance (% of GDP, IMF WEO)",2030,1.583
LVA,Latvia,LVA.BCA_NGDPD.pcent_gdp,"Current account balance (% of GDP, IMF WEO)",2015,-0.105
LVA,Latvia,LVA.BCA_NGDPD.pcent_gdp,"Current account balance (% of GDP, IMF WEO)",2016,1.78
LVA,Latvia,LVA.BCA_NGDPD.pcent_gdp,"Current account balance (% of GDP, IMF WEO)",2017,1.472
LVA,Latvia,LVA.BCA_NGDPD.pcent_gdp,"Current account balance (% of GDP, IMF WEO)",2018,-0.394
LVA,Latvia,LVA.BCA_NGDPD.pcent_gdp,"Current account balance (% of GDP, IMF WEO)",2019,-0.172
LVA,Latvia,LVA.BCA_NGDPD.pcent_gdp,"Current account balance (% of GDP, IMF WEO)",2020,3.039
LVA,Latvia,LVA.BCA_NGDPD.pcent_gdp,"Current account balance (% of GDP, IMF WEO)",2021,-4.067
LVA,Latvia,LVA.BCA_NGDPD.pcent_gdp,"Current account balance (% of GDP, IMF WEO)",2022,-5.468
LVA,Latvia,LVA.BCA_NGDPD.pcent_gdp,"Current account balance (% of GDP, IMF WEO)",2023,-3.901
LVA,Latvia,LVA.BCA_NGDPD.pcent_gdp,"Current account balance (% of GDP, IMF WEO)",2024,-2.107
LVA,Latvia,LVA.BCA_NGDPD.pcent_gdp,"Current account balance (% of GDP, IMF WEO)",2025,-2.519
LVA,Latvia,LVA.BCA_NGDPD.pcent_gdp,"Current account balance (% of GDP, IMF WEO)",2026,-2.445
LVA,Latvia,LVA.BCA_NGDPD.pcent_gdp,"Current account balance (% of GDP, IMF WEO)",2027,-2.448
LVA,Latvia,LVA.BCA_NGDPD.pcent_gdp,"Current account balance (% of GDP, IMF WEO)",2028,-2.363
LVA,Latvia,LVA.BCA_NGDPD.pcent_gdp,"Current account balance (% of GDP, IMF WEO)",2029,-2.333
LVA,Latvia,LVA.BCA_NGDPD.pcent_gdp,"Current account balance (% of GDP, IMF WEO)",2030,-2.324
MAC,Macao,MAC.BCA_NGDPD.pcent_gdp,"Current account balance (% of GDP, IMF WEO)",2015,23.342
MAC,Macao,MAC.BCA_NGDPD.pcent_gdp,"Current account balance (% of GDP, IMF WEO)",2016,26.524
MAC,Macao,MAC.BCA_NGDPD.pcent_gdp,"Current account balance (% of GDP, IMF WEO)",2017,30.765
MAC,Macao,MAC.BCA_NGDPD.pcent_gdp,"Current account balance (% of GDP, IMF WEO)",2018,32.878
MAC,Macao,MAC.BCA_NGDPD.pcent_gdp,"Current account balance (% of GDP, IMF WEO)",2019,33.542
MAC,Macao,MAC.BCA_NGDPD.pcent_gdp,"Current account balance (% of GDP, IMF WEO)",2020,14.805
MAC,Macao,MAC.BCA_NGDPD.pcent_gdp,"Current account balance (% of GDP, IMF WEO)",2021,8.734
MAC,Macao,MAC.BCA_NGDPD.pcent_gdp,"Current account balance (% of GDP, IMF WEO)",2022,13.904
MAC,Macao,MAC.BCA_NGDPD.pcent_gdp,"Current account balance (% of GDP, IMF WEO)",2023,31.395
MAC,Macao,MAC.BCA_NGDPD.pcent_gdp,"Current account balance (% of GDP, IMF WEO)",2024,31.72
MAC,Macao,MAC.BCA_NGDPD.pcent_gdp,"Current account balance (% of GDP, IMF WEO)",2025,30.01
MAC,Macao,MAC.BCA_NGDPD.pcent_gdp,"Current account balance (% of GDP, IMF WEO)",2026,28.889
MAC,Macao,MAC.BCA_NGDPD.pcent_gdp,"Current account balance (% of GDP, IMF WEO)",2027,28.749
MAC,Macao,MAC.BCA_NGDPD.pcent_gdp,"Current account balance (% of GDP, IMF WEO)",2028,29.003
MAC,Macao,MAC.BCA_NGDPD.pcent_gdp,"Current account balance (% of GDP, IMF WEO)",2029,29.063
MAC,Macao,MAC.BCA_NGDPD.pcent_gdp,"Current account balance (% of GDP, IMF WEO)",2030,28.911
MAR,Morocco,MAR.BCA_NGDPD.pcent_gdp,"Current account balance (% of GDP, IMF WEO)",2015,-1.961
MAR,Morocco,MAR.BCA_NGDPD.pcent_gdp,"Current account balance (% of GDP, IMF WEO)",2016,-3.75
MAR,Morocco,MAR.BCA_NGDPD.pcent_gdp,"Current account balance (% of GDP, IMF WEO)",2017,-3.163
MAR,Morocco,MAR.BCA_NGDPD.pcent_gdp,"Current account balance (% of GDP, IMF WEO)",2018,-4.883
MAR,Morocco,MAR.BCA_NGDPD.pcent_gdp,"Current account balance (% of GDP, IMF WEO)",2019,-3.421
MAR,Morocco,MAR.BCA_NGDPD.pcent_gdp,"Current account balance (% of GDP, IMF WEO)",2020,-1.166
MAR,Morocco,MAR.BCA_NGDPD.pcent_gdp,"Current account balance (% of GDP, IMF WEO)",2021,-2.344
MAR,Morocco,MAR.BCA_NGDPD.pcent_gdp,"Current account balance (% of GDP, IMF WEO)",2022,-3.557
MAR,Morocco,MAR.BCA_NGDPD.pcent_gdp,"Current account balance (% of GDP, IMF WEO)",2023,-0.618
MAR,Morocco,MAR.BCA_NGDPD.pcent_gdp,"Current account balance (% of GDP, IMF WEO)",2024,-1.45
MAR,Morocco,MAR.BCA_NGDPD.pcent_gdp,"Current account balance (% of GDP, IMF WEO)",2025,-1.951
MAR,Morocco,MAR.BCA_NGDPD.pcent_gdp,"Current account balance (% of GDP, IMF WEO)",2026,-2.245
MAR,Morocco,MAR.BCA_NGDPD.pcent_gdp,"Current account balance (% of GDP, IMF WEO)",2027,-2.623
MAR,Morocco,MAR.BCA_NGDPD.pcent_gdp,"Current account balance (% of GDP, IMF WEO)",2028,-2.925
MAR,Morocco,MAR.BCA_NGDPD.pcent_gdp,"Current account balance (% of GDP, IMF WEO)",2029,-3.105
MAR,Morocco,MAR.BCA_NGDPD.pcent_gdp,"Current account balance (% of GDP, IMF WEO)",2030,-3.247
MEX,Mexico,MEX.BCA_NGDPD.pcent_gdp,"Current account balance (% of GDP, IMF WEO)",2015,-2.599
MEX,Mexico,MEX.BCA_NGDPD.pcent_gdp,"Current account balance (% of GDP, IMF WEO)",2016,-2.273
MEX,Mexico,MEX.BCA_NGDPD.pcent_gdp,"Current account balance (% of GDP, IMF WEO)",2017,-1.797
MEX,Mexico,MEX.BCA_NGDPD.pcent_gdp,"Current account balance (% of GDP, IMF WEO)",2018,-2.064
MEX,Mexico,MEX.BCA_NGDPD.pcent_gdp,"Current account balance (% of GDP, IMF WEO)",2019,-0.297
MEX,Mexico,MEX.BCA_NGDPD.pcent_gdp,"Current account balance (% of GDP, IMF WEO)",2020,2.397
MEX,Mexico,MEX.BCA_NGDPD.pcent_gdp,"Current account balance (% of GDP, IMF WEO)",2021,-0.347
MEX,Mexico,MEX.BCA_NGDPD.pcent_gdp,"Current account balance (% of GDP, IMF WEO)",2022,-1.207
MEX,Mexico,MEX.BCA_NGDPD.pcent_gdp,"Current account balance (% of GDP, IMF WEO)",2023,-0.313
MEX,Mexico,MEX.BCA_NGDPD.pcent_gdp,"Current account balance (% of GDP, IMF WEO)",2024,-0.323
MEX,Mexico,MEX.BCA_NGDPD.pcent_gdp,"Current account balance (% of GDP, IMF WEO)",2025,-0.492
MEX,Mexico,MEX.BCA_NGDPD.pcent_gdp,"Current account balance (% of GDP, IMF WEO)",2026,-1.13
MEX,Mexico,MEX.BCA_NGDPD.pcent_gdp,"Current account balance (% of GDP, IMF WEO)",2027,-1.183
MEX,Mexico,MEX.BCA_NGDPD.pcent_gdp,"Current account balance (% of GDP, IMF WEO)",2028,-1.174
MEX,Mexico,MEX.BCA_NGDPD.pcent_gdp,"Current account balance (% of GDP, IMF WEO)",2029,-1.145
MEX,Mexico,MEX.BCA_NGDPD.pcent_gdp,"Current account balance (% of GDP, IMF WEO)",2030,-1.096
MKD,North Macedonia,MKD.BCA_NGDPD.pcent_gdp,"Current account balance (% of GDP, IMF WEO)",2015,-1.752
MKD,North Macedonia,MKD.BCA_NGDPD.pcent_gdp,"Current account balance (% of GDP, IMF WEO)",2016,-2.615
MKD,North Macedonia,MKD.BCA_NGDPD.pcent_gdp,"Current account balance (% of GDP, IMF WEO)",2017,-0.78
MKD,North Macedonia,MKD.BCA_NGDPD.pcent_gdp,"Current account balance (% of GDP, IMF WEO)",2018,0.208
MKD,North Macedonia,MKD.BCA_NGDPD.pcent_gdp,"Current account balance (% of GDP, IMF WEO)",2019,-2.972
MKD,North Macedonia,MKD.BCA_NGDPD.pcent_gdp,"Current account balance (% of GDP, IMF WEO)",2020,-2.93
MKD,North Macedonia,MKD.BCA_NGDPD.pcent_gdp,"Current account balance (% of GDP, IMF WEO)",2021,-2.78
MKD,North Macedonia,MKD.BCA_NGDPD.pcent_gdp,"Current account balance (% of GDP, IMF WEO)",2022,-6.051
MKD,North Macedonia,MKD.BCA_NGDPD.pcent_gdp,"Current account balance (% of GDP, IMF WEO)",2023,0.381
MKD,North Macedonia,MKD.BCA_NGDPD.pcent_gdp,"Current account balance (% of GDP, IMF WEO)",2024,-2.306
MKD,North Macedonia,MKD.BCA_NGDPD.pcent_gdp,"Current account balance (% of GDP, IMF WEO)",2025,-2.16
MKD,North Macedonia,MKD.BCA_NGDPD.pcent_gdp,"Current account balance (% of GDP, IMF WEO)",2026,-2.139
MKD,North Macedonia,MKD.BCA_NGDPD.pcent_gdp,"Current account balance (% of GDP, IMF WEO)",2027,-2.184
MKD,North Macedonia,MKD.BCA_NGDPD.pcent_gdp,"Current account balance (% of GDP, IMF WEO)",2028,-2.203
MKD,North Macedonia,MKD.BCA_NGDPD.pcent_gdp,"Current account balance (% of GDP, IMF WEO)",2029,-2.251
MKD,North Macedonia,MKD.BCA_NGDPD.pcent_gdp,"Current account balance (% of GDP, IMF WEO)",2030,-2.265
MNE,Montenegro,MNE.BCA_NGDPD.pcent_gdp,"Current account balance (% of GDP, IMF WEO)",2015,-10.991
MNE,Montenegro,MNE.BCA_NGDPD.pcent_gdp,"Current account balance (% of GDP, IMF WEO)",2016,-16.235
MNE,Montenegro,MNE.BCA_NGDPD.pcent_gdp,"Current account balance (% of GDP, IMF WEO)",2017,-16.085
MNE,Montenegro,MNE.BCA_NGDPD.pcent_gdp,"Current account balance (% of GDP, IMF WEO)",2018,-17.001
MNE,Montenegro,MNE.BCA_NGDPD.pcent_gdp,"Current account balance (% of GDP, IMF WEO)",2019,-14.276
MNE,Montenegro,MNE.BCA_NGDPD.pcent_gdp,"Current account balance (% of GDP, IMF WEO)",2020,-26.052
MNE,Montenegro,MNE.BCA_NGDPD.pcent_gdp,"Current account balance (% of GDP, IMF WEO)",2021,-9.201
MNE,Montenegro,MNE.BCA_NGDPD.pcent_gdp,"Current account balance (% of GDP, IMF WEO)",2022,-12.931
MNE,Montenegro,MNE.BCA_NGDPD.pcent_gdp,"Current account balance (% of GDP, IMF WEO)",2023,-11.363
MNE,Montenegro,MNE.BCA_NGDPD.pcent_gdp,"Current account balance (% of GDP, IMF WEO)",2024,-17.433
MNE,Montenegro,MNE.BCA_NGDPD.pcent_gdp,"Current account balance (% of GDP, IMF WEO)",2025,-15.232
MNE,Montenegro,MNE.BCA_NGDPD.pcent_gdp,"Current account balance (% of GDP, IMF WEO)",2026,-13.951
MNE,Montenegro,MNE.BCA_NGDPD.pcent_gdp,"Current account balance (% of GDP, IMF WEO)",2027,-13.332
MNE,Montenegro,MNE.BCA_NGDPD.pcent_gdp,"Current account balance (% of GDP, IMF WEO)",2028,-12.98
MNE,Montenegro,MNE.BCA_NGDPD.pcent_gdp,"Current account balance (% of GDP, IMF WEO)",2029,-12.742
MNE,Montenegro,MNE.BCA_NGDPD.pcent_gdp,"Current account balance (% of GDP, IMF WEO)",2030,-12.582
MYS,Malaysia,MYS.BCA_NGDPD.pcent_gdp,"Current account balance (% of GDP, IMF WEO)",2015,2.987
MYS,Malaysia,MYS.BCA_NGDPD.pcent_gdp,"Current account balance (% of GDP, IMF WEO)",2016,2.393
MYS,Malaysia,MYS.BCA_NGDPD.pcent_gdp,"Current account balance (% of GDP, IMF WEO)",2017,2.791
MYS,Malaysia,MYS.BCA_NGDPD.pcent_gdp,"Current account balance (% of GDP, IMF WEO)",2018,2.231
MYS,Malaysia,MYS.BCA_NGDPD.pcent_gdp,"Current account balance (% of GDP, IMF WEO)",2019,3.498
MYS,Malaysia,MYS.BCA_NGDPD.pcent_gdp,"Current account balance (% of GDP, IMF WEO)",2020,4.166
MYS,Malaysia,MYS.BCA_NGDPD.pcent_gdp,"Current account balance (% of GDP, IMF WEO)",2021,3.886
MYS,Malaysia,MYS.BCA_NGDPD.pcent_gdp,"Current account balance (% of GDP, IMF WEO)",2022,3.19
MYS,Malaysia,MYS.BCA_NGDPD.pcent_gdp,"Current account balance (% of GDP, IMF WEO)",2023,1.547
MYS,Malaysia,MYS.BCA_NGDPD.pcent_gdp,"Current account balance (% of GDP, IMF WEO)",2024,1.7
MYS,Malaysia,MYS.BCA_NGDPD.pcent_gdp,"Current account balance (% of GDP, IMF WEO)",2025,1.643
MYS,Malaysia,MYS.BCA_NGDPD.pcent_gdp,"Current account balance (% of GDP, IMF WEO)",2026,1.777
MYS,Malaysia,MYS.BCA_NGDPD.pcent_gdp,"Current account balance (% of GDP, IMF WEO)",2027,1.955
MYS,Malaysia,MYS.BCA_NGDPD.pcent_gdp,"Current account balance (% of GDP, IMF WEO)",2028,1.998
MYS,Malaysia,MYS.BCA_NGDPD.pcent_gdp,"Current account balance (% of GDP, IMF WEO)",2029,2.049
MYS,Malaysia,MYS.BCA_NGDPD.pcent_gdp,"Current account balance (% of GDP, IMF WEO)",2030,2.056
NLD,Netherlands,NLD.BCA_NGDPD.pcent_gdp,"Current account balance (% of GDP, IMF WEO)",2015,4.879
NLD,Netherlands,NLD.BCA_NGDPD.pcent_gdp,"Current account balance (% of GDP, IMF WEO)",2016,7.316
NLD,Netherlands,NLD.BCA_NGDPD.pcent_gdp,"Current account balance (% of GDP, IMF WEO)",2017,8.129
NLD,Netherlands,NLD.BCA_NGDPD.pcent_gdp,"Current account balance (% of GDP, IMF WEO)",2018,8.995
NLD,Netherlands,NLD.BCA_NGDPD.pcent_gdp,"Current account balance (% of GDP, IMF WEO)",2019,6.841
NLD,Netherlands,NLD.BCA_NGDPD.pcent_gdp,"Current account balance (% of GDP, IMF WEO)",2020,5.584
NLD,Netherlands,NLD.BCA_NGDPD.pcent_gdp,"Current account balance (% of GDP, IMF WEO)",2021,10.018
NLD,Netherlands,NLD.BCA_NGDPD.pcent_gdp,"Current account balance (% of GDP, IMF WEO)",2022,6.615
NLD,Netherlands,NLD.BCA_NGDPD.pcent_gdp,"Current account balance (% of GDP, IMF WEO)",2023,9.854
NLD,Netherlands,NLD.BCA_NGDPD.pcent_gdp,"Current account balance (% of GDP, IMF WEO)",2024,9.94
NLD,Netherlands,NLD.BCA_NGDPD.pcent_gdp,"Current account balance (% of GDP, IMF WEO)",2025,10.354
NLD,Netherlands,NLD.BCA_NGDPD.pcent_gdp,"Current account balance (% of GDP, IMF WEO)",2026,10.46
NLD,Netherlands,NLD.BCA_NGDPD.pcent_gdp,"Current account balance (% of GDP, IMF WEO)",2027,10.589
NLD,Netherlands,NLD.BCA_NGDPD.pcent_gdp,"Current account balance (% of GDP, IMF WEO)",2028,10.647
NLD,Netherlands,NLD.BCA_NGDPD.pcent_gdp,"Current account balance (% of GDP, IMF WEO)",2029,10.778
NLD,Netherlands,NLD.BCA_NGDPD.pcent_gdp,"Current account balance (% of GDP, IMF WEO)",2030,10.91
NOR,Norway,NOR.BCA_NGDPD.pcent_gdp,"Current account balance (% of GDP, IMF WEO)",2015,8.994
NOR,Norway,NOR.BCA_NGDPD.pcent_gdp,"Current account balance (% of GDP, IMF WEO)",2016,5.219
NOR,Norway,NOR.BCA_NGDPD.pcent_gdp,"Current account balance (% of GDP, IMF WEO)",2017,6.313
NOR,Norway,NOR.BCA_NGDPD.pcent_gdp,"Current account balance (% of GDP, IMF WEO)",2018,8.954
NOR,Norway,NOR.BCA_NGDPD.pcent_gdp,"Current account balance (% of GDP, IMF WEO)",2019,3.792
NOR,Norway,NOR.BCA_NGDPD.pcent_gdp,"Current account balance (% of GDP, IMF WEO)",2020,1.103
NOR,Norway,NOR.BCA_NGDPD.pcent_gdp,"Current account balance (% of GDP, IMF WEO)",2021,14.885
NOR,Norway,NOR.BCA_NGDPD.pcent_gdp,"Current account balance (% of GDP, IMF WEO)",2022,29.631
NOR,Norway,NOR.BCA_NGDPD.pcent_gdp,"Current account balance (% of GDP, IMF WEO)",2023,17.38
NOR,Norway,NOR.BCA_NGDPD.pcent_gdp,"Current account balance (% of GDP, IMF WEO)",2024,17.127
NOR,Norway,NOR.BCA_NGDPD.pcent_gdp,"Current account balance (% of GDP, IMF WEO)",2025,15.898
NOR,Norway,NOR.BCA_NGDPD.pcent_gdp,"Current account balance (% of GDP, IMF WEO)",2026,15.076
NOR,Norway,NOR.BCA_NGDPD.pcent_gdp,"Current account balance (% of GDP, IMF WEO)",2027,14.253
NOR,Norway,NOR.BCA_NGDPD.pcent_gdp,"Current account balance (% of GDP, IMF WEO)",2028,13.415
NOR,Norway,NOR.BCA_NGDPD.pcent_gdp,"Current account balance (% of GDP, IMF WEO)",2029,12.57
NOR,Norway,NOR.BCA_NGDPD.pcent_gdp,"Current account balance (% of GDP, IMF WEO)",2030,11.756
NZL,New Zealand,NZL.BCA_NGDPD.pcent_gdp,"Current account balance (% of GDP, IMF WEO)",2015,-2.818
NZL,New Zealand,NZL.BCA_NGDPD.pcent_gdp,"Current account balance (% of GDP, IMF WEO)",2016,-2.052
NZL,New Zealand,NZL.BCA_NGDPD.pcent_gdp,"Current account balance (% of GDP, IMF WEO)",2017,-2.867
NZL,New Zealand,NZL.BCA_NGDPD.pcent_gdp,"Current account balance (% of GDP, IMF WEO)",2018,-4.236
NZL,New Zealand,NZL.BCA_NGDPD.pcent_gdp,"Current account balance (% of GDP, IMF WEO)",2019,-2.859
NZL,New Zealand,NZL.BCA_NGDPD.pcent_gdp,"Current account balance (% of GDP, IMF WEO)",2020,-1.07
NZL,New Zealand,NZL.BCA_NGDPD.pcent_gdp,"Current account balance (% of GDP, IMF WEO)",2021,-6.025
NZL,New Zealand,NZL.BCA_NGDPD.pcent_gdp,"Current account balance (% of GDP, IMF WEO)",2022,-9.245
NZL,New Zealand,NZL.BCA_NGDPD.pcent_gdp,"Current account balance (% of GDP, IMF WEO)",2023,-6.936
NZL,New Zealand,NZL.BCA_NGDPD.pcent_gdp,"Current account balance (% of GDP, IMF WEO)",2024,-6.03
NZL,New Zealand,NZL.BCA_NGDPD.pcent_gdp,"Current account balance (% of GDP, IMF WEO)",2025,-4.916
NZL,New Zealand,NZL.BCA_NGDPD.pcent_gdp,"Current account balance (% of GDP, IMF WEO)",2026,-4.704
NZL,New Zealand,NZL.BCA_NGDPD.pcent_gdp,"Current account balance (% of GDP, IMF WEO)",2027,-4.362
NZL,New Zealand,NZL.BCA_NGDPD.pcent_gdp,"Current account balance (% of GDP, IMF WEO)",2028,-4.016
NZL,New Zealand,NZL.BCA_NGDPD.pcent_gdp,"Current account balance (% of GDP, IMF WEO)",2029,-3.729
NZL,New Zealand,NZL.BCA_NGDPD.pcent_gdp,"Current account balance (% of GDP, IMF WEO)",2030,-3.546
OMN,Oman,OMN.BCA_NGDPD.pcent_gdp,"Current account balance (% of GDP, IMF WEO)",2015,-13.763
OMN,Oman,OMN.BCA_NGDPD.pcent_gdp,"Current account balance (% of GDP, IMF WEO)",2016,-16.555
OMN,Oman,OMN.BCA_NGDPD.pcent_gdp,"Current account balance (% of GDP, IMF WEO)",2017,-13.614
OMN,Oman,OMN.BCA_NGDPD.pcent_gdp,"Current account balance (% of GDP, IMF WEO)",2018,-4.873
OMN,Oman,OMN.BCA_NGDPD.pcent_gdp,"Current account balance (% of GDP, IMF WEO)",2019,-4.918
OMN,Oman,OMN.BCA_NGDPD.pcent_gdp,"Current account balance (% of GDP, IMF WEO)",2020,-16.549
OMN,Oman,OMN.BCA_NGDPD.pcent_gdp,"Current account balance (% of GDP, IMF WEO)",2021,-5.538
OMN,Oman,OMN.BCA_NGDPD.pcent_gdp,"Current account balance (% of GDP, IMF WEO)",2022,3.971
OMN,Oman,OMN.BCA_NGDPD.pcent_gdp,"Current account balance (% of GDP, IMF WEO)",2023,2.489
OMN,Oman,OMN.BCA_NGDPD.pcent_gdp,"Current account balance (% of GDP, IMF WEO)",2024,2.177
OMN,Oman,OMN.BCA_NGDPD.pcent_gdp,"Current account balance (% of GDP, IMF WEO)",2025,-1.467
OMN,Oman,OMN.BCA_NGDPD.pcent_gdp,"Current account balance (% of GDP, IMF WEO)",2026,-2.52
OMN,Oman,OMN.BCA_NGDPD.pcent_gdp,"Current account balance (% of GDP, IMF WEO)",2027,-0.489
OMN,Oman,OMN.BCA_NGDPD.pcent_gdp,"Current account balance (% of GDP, IMF WEO)",2028,0.64
OMN,Oman,OMN.BCA_NGDPD.pcent_gdp,"Current account balance (% of GDP, IMF WEO)",2029,1.189
OMN,Oman,OMN.BCA_NGDPD.pcent_gdp,"Current account balance (% of GDP, IMF WEO)",2030,1.264
PHL,Philippines,PHL.BCA_NGDPD.pcent_gdp,"Current account balance (% of GDP, IMF WEO)",2015,2.371
PHL,Philippines,PHL.BCA_NGDPD.pcent_gdp,"Current account balance (% of GDP, IMF WEO)",2016,-0.376
PHL,Philippines,PHL.BCA_NGDPD.pcent_gdp,"Current account balance (% of GDP, IMF WEO)",2017,-0.652
PHL,Philippines,PHL.BCA_NGDPD.pcent_gdp,"Current account balance (% of GDP, IMF WEO)",2018,-2.559
PHL,Philippines,PHL.BCA_NGDPD.pcent_gdp,"Current account balance (% of GDP, IMF WEO)",2019,-0.809
PHL,Philippines,PHL.BCA_NGDPD.pcent_gdp,"Current account balance (% of GDP, IMF WEO)",2020,3.201
PHL,Philippines,PHL.BCA_NGDPD.pcent_gdp,"Current account balance (% of GDP, IMF WEO)",2021,-1.508
PHL,Philippines,PHL.BCA_NGDPD.pcent_gdp,"Current account balance (% of GDP, IMF WEO)",2022,-4.516
PHL,Philippines,PHL.BCA_NGDPD.pcent_gdp,"Current account balance (% of GDP, IMF WEO)",2023,-2.834
PHL,Philippines,PHL.BCA_NGDPD.pcent_gdp,"Current account balance (% of GDP, IMF WEO)",2024,-3.794
PHL,Philippines,PHL.BCA_NGDPD.pcent_gdp,"Current account balance (% of GDP, IMF WEO)",2025,-3.424
PHL,Philippines,PHL.BCA_NGDPD.pcent_gdp,"Current account balance (% of GDP, IMF WEO)",2026,-3.158
PHL,Philippines,PHL.BCA_NGDPD.pcent_gdp,"Current account balance (% of GDP, IMF WEO)",2027,-3.067
PHL,Philippines,PHL.BCA_NGDPD.pcent_gdp,"Current account balance (% of GDP, IMF WEO)",2028,-2.55
PHL,Philippines,PHL.BCA_NGDPD.pcent_gdp,"Current account balance (% of GDP, IMF WEO)",2029,-2.077
PHL,Philippines,PHL.BCA_NGDPD.pcent_gdp,"Current account balance (% of GDP, IMF WEO)",2030,-1.838
POL,Poland,POL.BCA_NGDPD.pcent_gdp,"Current account balance (% of GDP, IMF WEO)",2015,-1.324
POL,Poland,POL.BCA_NGDPD.pcent_gdp,"Current account balance (% of GDP, IMF WEO)",2016,-1.072
POL,Poland,POL.BCA_NGDPD.pcent_gdp,"Current account balance (% of GDP, IMF WEO)",2017,-1.194
POL,Poland,POL.BCA_NGDPD.pcent_gdp,"Current account balance (% of GDP, IMF WEO)",2018,-1.964
POL,Poland,POL.BCA_NGDPD.pcent_gdp,"Current account balance (% of GDP, IMF WEO)",2019,-0.276
POL,Poland,POL.BCA_NGDPD.pcent_gdp,"Current account balance (% of GDP, IMF WEO)",2020,2.417
POL,Poland,POL.BCA_NGDPD.pcent_gdp,"Current account balance (% of GDP, IMF WEO)",2021,-1.297
POL,Poland,POL.BCA_NGDPD.pcent_gdp,"Current account balance (% of GDP, IMF WEO)",2022,-2.288
POL,Poland,POL.BCA_NGDPD.pcent_gdp,"Current account balance (% of GDP, IMF WEO)",2023,1.78
POL,Poland,POL.BCA_NGDPD.pcent_gdp,"Current account balance (% of GDP, IMF WEO)",2024,0.136
POL,Poland,POL.BCA_NGDPD.pcent_gdp,"Current account balance (% of GDP, IMF WEO)",2025,-0.293
POL,Poland,POL.BCA_NGDPD.pcent_gdp,"Current account balance (% of GDP, IMF WEO)",2026,-0.697
POL,Poland,POL.BCA_NGDPD.pcent_gdp,"Current account balance (% of GDP, IMF WEO)",2027,-0.942
POL,Poland,POL.BCA_NGDPD.pcent_gdp,"Current account balance (% of GDP, IMF WEO)",2028,-1.123
POL,Poland,POL.BCA_NGDPD.pcent_gdp,"Current account balance (% of GDP, IMF WEO)",2029,-1.385
POL,Poland,POL.BCA_NGDPD.pcent_gdp,"Current account balance (% of GDP, IMF WEO)",2030,-1.617
QAT,Qatar,QAT.BCA_NGDPD.pcent_gdp,"Current account balance (% of GDP, IMF WEO)",2015,8.502
QAT,Qatar,QAT.BCA_NGDPD.pcent_gdp,"Current account balance (% of GDP, IMF WEO)",2016,-5.45
QAT,Qatar,QAT.BCA_NGDPD.pcent_gdp,"Current account balance (% of GDP, IMF WEO)",2017,3.989
QAT,Qatar,QAT.BCA_NGDPD.pcent_gdp,"Current account balance (% of GDP, IMF WEO)",2018,9.083
QAT,Qatar,QAT.BCA_NGDPD.pcent_gdp,"Current account balance (% of GDP, IMF WEO)",2019,2.415
QAT,Qatar,QAT.BCA_NGDPD.pcent_gdp,"Current account balance (% of GDP, IMF WEO)",2020,-2.068
QAT,Qatar,QAT.BCA_NGDPD.pcent_gdp,"Current account balance (% of GDP, IMF WEO)",2021,14.644
QAT,Qatar,QAT.BCA_NGDPD.pcent_gdp,"Current account balance (% of GDP, IMF WEO)",2022,26.778
QAT,Qatar,QAT.BCA_NGDPD.pcent_gdp,"Current account balance (% of GDP, IMF WEO)",2023,17.114
QAT,Qatar,QAT.BCA_NGDPD.pcent_gdp,"Current account balance (% of GDP, IMF WEO)",2024,17.212
QAT,Qatar,QAT.BCA_NGDPD.pcent_gdp,"Current account balance (% of GDP, IMF WEO)",2025,10.802
QAT,Qatar,QAT.BCA_NGDPD.pcent_gdp,"Current account balance (% of GDP, IMF WEO)",2026,10.335
QAT,Qatar,QAT.BCA_NGDPD.pcent_gdp,"Current account balance (% of GDP, IMF WEO)",2027,12.135
QAT,Qatar,QAT.BCA_NGDPD.pcent_gdp,"Current account balance (% of GDP, IMF WEO)",2028,12.185
QAT,Qatar,QAT.BCA_NGDPD.pcent_gdp,"Current account balance (% of GDP, IMF WEO)",2029,11.523
QAT,Qatar,QAT.BCA_NGDPD.pcent_gdp,"Current account balance (% of GDP, IMF WEO)",2030,11.791
ROU,Romania,ROU.BCA_NGDPD.pcent_gdp,"Current account balance (% of GDP, IMF WEO)",2015,-0.65
ROU,Romania,ROU.BCA_NGDPD.pcent_gdp,"Current account balance (% of GDP, IMF WEO)",2016,-2.085
ROU,Romania,ROU.BCA_NGDPD.pcent_gdp,"Current account balance (% of GDP, IMF WEO)",2017,-3.185
ROU,Romania,ROU.BCA_NGDPD.pcent_gdp,"Current account balance (% of GDP, IMF WEO)",2018,-4.605
ROU,Romania,ROU.BCA_NGDPD.pcent_gdp,"Current account balance (% of GDP, IMF WEO)",2019,-4.85
ROU,Romania,ROU.BCA_NGDPD.pcent_gdp,"Current account balance (% of GDP, IMF WEO)",2020,-5.069
ROU,Romania,ROU.BCA_NGDPD.pcent_gdp,"Current account balance (% of GDP, IMF WEO)",2021,-7.192
ROU,Romania,ROU.BCA_NGDPD.pcent_gdp,"Current account balance (% of GDP, IMF WEO)",2022,-9.522
ROU,Romania,ROU.BCA_NGDPD.pcent_gdp,"Current account balance (% of GDP, IMF WEO)",2023,-6.625
ROU,Romania,ROU.BCA_NGDPD.pcent_gdp,"Current account balance (% of GDP, IMF WEO)",2024,-8.273
ROU,Romania,ROU.BCA_NGDPD.pcent_gdp,"Current account balance (% of GDP, IMF WEO)",2025,-7.568
ROU,Romania,ROU.BCA_NGDPD.pcent_gdp,"Current account balance (% of GDP, IMF WEO)",2026,-7.409
ROU,Romania,ROU.BCA_NGDPD.pcent_gdp,"Current account balance (% of GDP, IMF WEO)",2027,-7.12
ROU,Romania,ROU.BCA_NGDPD.pcent_gdp,"Current account balance (% of GDP, IMF WEO)",2028,-6.892
ROU,Romania,ROU.BCA_NGDPD.pcent_gdp,"Current account balance (% of GDP, IMF WEO)",2029,-6.46
ROU,Romania,ROU.BCA_NGDPD.pcent_gdp,"Current account balance (% of GDP, IMF WEO)",2030,-6.131
RUS,Russia,RUS.BCA_NGDPD.pcent_gdp,"Current account balance (% of GDP, IMF WEO)",2015,4.996
RUS,Russia,RUS.BCA_NGDPD.pcent_gdp,"Current account balance (% of GDP, IMF WEO)",2016,1.911
RUS,Russia,RUS.BCA_NGDPD.pcent_gdp,"Current account balance (% of GDP, IMF WEO)",2017,2.043
RUS,Russia,RUS.BCA_NGDPD.pcent_gdp,"Current account balance (% of GDP, IMF WEO)",2018,6.998
RUS,Russia,RUS.BCA_NGDPD.pcent_gdp,"Current account balance (% of GDP, IMF WEO)",2019,3.872
RUS,Russia,RUS.BCA_NGDPD.pcent_gdp,"Current account balance (% of GDP, IMF WEO)",2020,2.377
RUS,Russia,RUS.BCA_NGDPD.pcent_gdp,"Current account balance (% of GDP, IMF WEO)",2021,6.832
RUS,Russia,RUS.BCA_NGDPD.pcent_gdp,"Current account balance (% of GDP, IMF WEO)",2022,10.356
RUS,Russia,RUS.BCA_NGDPD.pcent_gdp,"Current account balance (% of GDP, IMF WEO)",2023,2.4
RUS,Russia,RUS.BCA_NGDPD.pcent_gdp,"Current account balance (% of GDP, IMF WEO)",2024,2.882
RUS,Russia,RUS.BCA_NGDPD.pcent_gdp,"Current account balance (% of GDP, IMF WEO)",2025,1.855
RUS,Russia,RUS.BCA_NGDPD.pcent_gdp,"Current account balance (% of GDP, IMF WEO)",2026,1.761
RUS,Russia,RUS.BCA_NGDPD.pcent_gdp,"Current account balance (% of GDP, IMF WEO)",2027,1.686
RUS,Russia,RUS.BCA_NGDPD.pcent_gdp,"Current account balance (% of GDP, IMF WEO)",2028,1.639
RUS,Russia,RUS.BCA_NGDPD.pcent_gdp,"Current account balance (% of GDP, IMF WEO)",2029,1.327
RUS,Russia,RUS.BCA_NGDPD.pcent_gdp,"Current account balance (% of GDP, IMF WEO)",2030,1.262
SAU,Saudi Arabia,SAU.BCA_NGDPD.pcent_gdp,"Current account balance (% of GDP, IMF WEO)",2015,-7.863
SAU,Saudi Arabia,SAU.BCA_NGDPD.pcent_gdp,"Current account balance (% of GDP, IMF WEO)",2016,-3.672
SAU,Saudi Arabia,SAU.BCA_NGDPD.pcent_gdp,"Current account balance (% of GDP, IMF WEO)",2017,1.696
SAU,Saudi Arabia,SAU.BCA_NGDPD.pcent_gdp,"Current account balance (% of GDP, IMF WEO)",2018,8.618
SAU,Saudi Arabia,SAU.BCA_NGDPD.pcent_gdp,"Current account balance (% of GDP, IMF WEO)",2019,4.585
SAU,Saudi Arabia,SAU.BCA_NGDPD.pcent_gdp,"Current account balance (% of GDP, IMF WEO)",2020,-3.479
SAU,Saudi Arabia,SAU.BCA_NGDPD.pcent_gdp,"Current account balance (% of GDP, IMF WEO)",2021,4.637
SAU,Saudi Arabia,SAU.BCA_NGDPD.pcent_gdp,"Current account balance (% of GDP, IMF WEO)",2022,13.563
SAU,Saudi Arabia,SAU.BCA_NGDPD.pcent_gdp,"Current account balance (% of GDP, IMF WEO)",2023,3.291
SAU,Saudi Arabia,SAU.BCA_NGDPD.pcent_gdp,"Current account balance (% of GDP, IMF WEO)",2024,-0.524
SAU,Saudi Arabia,SAU.BCA_NGDPD.pcent_gdp,"Current account balance (% of GDP, IMF WEO)",2025,-4.015
SAU,Saudi Arabia,SAU.BCA_NGDPD.pcent_gdp,"Current account balance (% of GDP, IMF WEO)",2026,-4.251
SAU,Saudi Arabia,SAU.BCA_NGDPD.pcent_gdp,"Current account balance (% of GDP, IMF WEO)",2027,-3.697
SAU,Saudi Arabia,SAU.BCA_NGDPD.pcent_gdp,"Current account balance (% of GDP, IMF WEO)",2028,-3.415
SAU,Saudi Arabia,SAU.BCA_NGDPD.pcent_gdp,"Current account balance (% of GDP, IMF WEO)",2029,-3.338
SAU,Saudi Arabia,SAU.BCA_NGDPD.pcent_gdp,"Current account balance (% of GDP, IMF WEO)",2030,-3.431
SGP,Singapore,SGP.BCA_NGDPD.pcent_gdp,"Current account balance (% of GDP, IMF WEO)",2015,18.693
SGP,Singapore,SGP.BCA_NGDPD.pcent_gdp,"Current account balance (% of GDP, IMF WEO)",2016,18.006
SGP,Singapore,SGP.BCA_NGDPD.pcent_gdp,"Current account balance (% of GDP, IMF WEO)",2017,18.604
SGP,Singapore,SGP.BCA_NGDPD.pcent_gdp,"Current account balance (% of GDP, IMF WEO)",2018,15.693
SGP,Singapore,SGP.BCA_NGDPD.pcent_gdp,"Current account balance (% of GDP, IMF WEO)",2019,15.384
SGP,Singapore,SGP.BCA_NGDPD.pcent_gdp,"Current account balance (% of GDP, IMF WEO)",2020,17.501
SGP,Singapore,SGP.BCA_NGDPD.pcent_gdp,"Current account balance (% of GDP, IMF WEO)",2021,19.798
SGP,Singapore,SGP.BCA_NGDPD.pcent_gdp,"Current account balance (% of GDP, IMF WEO)",2022,18.422
SGP,Singapore,SGP.BCA_NGDPD.pcent_gdp,"Current account balance (% of GDP, IMF WEO)",2023,17.688
SGP,Singapore,SGP.BCA_NGDPD.pcent_gdp,"Current account balance (% of GDP, IMF WEO)",2024,17.541
SGP,Singapore,SGP.BCA_NGDPD.pcent_gdp,"Current account balance (% of GDP, IMF WEO)",2025,17.15
SGP,Singapore,SGP.BCA_NGDPD.pcent_gdp,"Current account balance (% of GDP, IMF WEO)",2026,17.0
SGP,Singapore,SGP.BCA_NGDPD.pcent_gdp,"Current account balance (% of GDP, IMF WEO)",2027,16.883
SGP,Singapore,SGP.BCA_NGDPD.pcent_gdp,"Current account balance (% of GDP, IMF WEO)",2028,16.395
SGP,Singapore,SGP.BCA_NGDPD.pcent_gdp,"Current account balance (% of GDP, IMF WEO)",2029,16.105
SGP,Singapore,SGP.BCA_NGDPD.pcent_gdp,"Current account balance (% of GDP, IMF WEO)",2030,15.73
SRB,Serbia,SRB.BCA_NGDPD.pcent_gdp,"Current account balance (% of GDP, IMF WEO)",2015,-3.316
SRB,Serbia,SRB.BCA_NGDPD.pcent_gdp,"Current account balance (% of GDP, IMF WEO)",2016,-2.816
SRB,Serbia,SRB.BCA_NGDPD.pcent_gdp,"Current account balance (% of GDP, IMF WEO)",2017,-5.026
SRB,Serbia,SRB.BCA_NGDPD.pcent_gdp,"Current account balance (% of GDP, IMF WEO)",2018,-4.644
SRB,Serbia,SRB.BCA_NGDPD.pcent_gdp,"Current account balance (% of GDP, IMF WEO)",2019,-6.571
SRB,Serbia,SRB.BCA_NGDPD.pcent_gdp,"Current account balance (% of GDP, IMF WEO)",2020,-3.934
SRB,Serbia,SRB.BCA_NGDPD.pcent_gdp,"Current account balance (% of GDP, IMF WEO)",2021,-4.106
SRB,Serbia,SRB.BCA_NGDPD.pcent_gdp,"Current account balance (% of GDP, IMF WEO)",2022,-6.519
SRB,Serbia,SRB.BCA_NGDPD.pcent_gdp,"Current account balance (% of GDP, IMF WEO)",2023,-2.345
SRB,Serbia,SRB.BCA_NGDPD.pcent_gdp,"Current account balance (% of GDP, IMF WEO)",2024,-6.327
SRB,Serbia,SRB.BCA_NGDPD.pcent_gdp,"Current account balance (% of GDP, IMF WEO)",2025,-5.763
SRB,Serbia,SRB.BCA_NGDPD.pcent_gdp,"Current account balance (% of GDP, IMF WEO)",2026,-5.733
SRB,Serbia,SRB.BCA_NGDPD.pcent_gdp,"Current account balance (% of GDP, IMF WEO)",2027,-5.642
SRB,Serbia,SRB.BCA_NGDPD.pcent_gdp,"Current account balance (% of GDP, IMF WEO)",2028,-5.654
SRB,Serbia,SRB.BCA_NGDPD.pcent_gdp,"Current account balance (% of GDP, IMF WEO)",2029,-5.587
SRB,Serbia,SRB.BCA_NGDPD.pcent_gdp,"Current account balance (% of GDP, IMF WEO)",2030,-5.527
SWE,Sweden,SWE.BCA_NGDPD.pcent_gdp,"Current account balance (% of GDP, IMF WEO)",2015,2.599
SWE,Sweden,SWE.BCA_NGDPD.pcent_gdp,"Current account balance (% of GDP, IMF WEO)",2016,1.876
SWE,Sweden,SWE.BCA_NGDPD.pcent_gdp,"Current account balance (% of GDP, IMF WEO)",2017,2.064
SWE,Sweden,SWE.BCA_NGDPD.pcent_gdp,"Current account balance (% of GDP, IMF WEO)",2018,2.224
SWE,Sweden,SWE.BCA_NGDPD.pcent_gdp,"Current account balance (% of GDP, IMF WEO)",2019,5.324
SWE,Sweden,SWE.BCA_NGDPD.pcent_gdp,"Current account balance (% of GDP, IMF WEO)",2020,5.839
SWE,Sweden,SWE.BCA_NGDPD.pcent_gdp,"Current account balance (% of GDP, IMF WEO)",2021,6.688
SWE,Sweden,SWE.BCA_NGDPD.pcent_gdp,"Current account balance (% of GDP, IMF WEO)",2022,4.701
SWE,Sweden,SWE.BCA_NGDPD.pcent_gdp,"Current account balance (% of GDP, IMF WEO)",2023,6.973
SWE,Sweden,SWE.BCA_NGDPD.pcent_gdp,"Current account balance (% of GDP, IMF WEO)",2024,7.431
SWE,Sweden,SWE.BCA_NGDPD.pcent_gdp,"Current account balance (% of GDP, IMF WEO)",2025,6.761
SWE,Sweden,SWE.BCA_NGDPD.pcent_gdp,"Current account balance (% of GDP, IMF WEO)",2026,6.02
SWE,Sweden,SWE.BCA_NGDPD.pcent_gdp,"Current account balance (% of GDP, IMF WEO)",2027,5.57
SWE,Sweden,SWE.BCA_NGDPD.pcent_gdp,"Current account balance (% of GDP, IMF WEO)",2028,5.094
SWE,Sweden,SWE.BCA_NGDPD.pcent_gdp,"Current account balance (% of GDP, IMF WEO)",2029,4.843
SWE,Sweden,SWE.BCA_NGDPD.pcent_gdp,"Current account balance (% of GDP, IMF WEO)",2030,4.545
THA,Thailand,THA.BCA_NGDPD.pcent_gdp,"Current account balance (% of GDP, IMF WEO)",2015,6.916
THA,Thailand,THA.BCA_NGDPD.pcent_gdp,"Current account balance (% of GDP, IMF WEO)",2016,10.508
THA,Thailand,THA.BCA_NGDPD.pcent_gdp,"Current account balance (% of GDP, IMF WEO)",2017,9.631
THA,Thailand,THA.BCA_NGDPD.pcent_gdp,"Current account balance (% of GDP, IMF WEO)",2018,5.62
THA,Thailand,THA.BCA_NGDPD.pcent_gdp,"Current account balance (% of GDP, IMF WEO)",2019,7.033
THA,Thailand,THA.BCA_NGDPD.pcent_gdp,"Current account balance (% of GDP, IMF WEO)",2020,4.183
THA,Thailand,THA.BCA_NGDPD.pcent_gdp,"Current account balance (% of GDP, IMF WEO)",2021,-2.118
THA,Thailand,THA.BCA_NGDPD.pcent_gdp,"Current account balance (% of GDP, IMF WEO)",2022,-3.463
THA,Thailand,THA.BCA_NGDPD.pcent_gdp,"Current account balance (% of GDP, IMF WEO)",2023,1.437
THA,Thailand,THA.BCA_NGDPD.pcent_gdp,"Current account balance (% of GDP, IMF WEO)",2024,2.107
THA,Thailand,THA.BCA_NGDPD.pcent_gdp,"Current account balance (% of GDP, IMF WEO)",2025,1.179
THA,Thailand,THA.BCA_NGDPD.pcent_gdp,"Current account balance (% of GDP, IMF WEO)",2026,1.241
THA,Thailand,THA.BCA_NGDPD.pcent_gdp,"Current account balance (% of GDP, IMF WEO)",2027,1.364
THA,Thailand,THA.BCA_NGDPD.pcent_gdp,"Current account balance (% of GDP, IMF WEO)",2028,1.482
THA,Thailand,THA.BCA_NGDPD.pcent_gdp,"Current account balance (% of GDP, IMF WEO)",2029,1.699
THA,Thailand,THA.BCA_NGDPD.pcent_gdp,"Current account balance (% of GDP, IMF WEO)",2030,1.773
TUN,Tunisia,TUN.BCA_NGDPD.pcent_gdp,"Current account balance (% of GDP, IMF WEO)",2015,-9.144
TUN,Tunisia,TUN.BCA_NGDPD.pcent_gdp,"Current account balance (% of GDP, IMF WEO)",2016,-9.708
TUN,Tunisia,TUN.BCA_NGDPD.pcent_gdp,"Current account balance (% of GDP, IMF WEO)",2017,-9.676
TUN,Tunisia,TUN.BCA_NGDPD.pcent_gdp,"Current account balance (% of GDP, IMF WEO)",2018,-10.799
TUN,Tunisia,TUN.BCA_NGDPD.pcent_gdp,"Current account balance (% of GDP, IMF WEO)",2019,-8.085
TUN,Tunisia,TUN.BCA_NGDPD.pcent_gdp,"Current account balance (% of GDP, IMF WEO)",2020,-5.968
TUN,Tunisia,TUN.BCA_NGDPD.pcent_gdp,"Current account balance (% of GDP, IMF WEO)",2021,-5.97
TUN,Tunisia,TUN.BCA_NGDPD.pcent_gdp,"Current account balance (% of GDP, IMF WEO)",2022,-8.996
TUN,Tunisia,TUN.BCA_NGDPD.pcent_gdp,"Current account balance (% of GDP, IMF WEO)",2023,-2.691
TUN,Tunisia,TUN.BCA_NGDPD.pcent_gdp,"Current account balance (% of GDP, IMF WEO)",2024,-1.664
TUN,Tunisia,TUN.BCA_NGDPD.pcent_gdp,"Current account balance (% of GDP, IMF WEO)",2025,-2.732
TUN,Tunisia,TUN.BCA_NGDPD.pcent_gdp,"Current account balance (% of GDP, IMF WEO)",2026,-3.121
TUN,Tunisia,TUN.BCA_NGDPD.pcent_gdp,"Current account balance (% of GDP, IMF WEO)",2027,-3.329
TUN,Tunisia,TUN.BCA_NGDPD.pcent_gdp,"Current account balance (% of GDP, IMF WEO)",2028,-3.581
TUN,Tunisia,TUN.BCA_NGDPD.pcent_gdp,"Current account balance (% of GDP, IMF WEO)",2029,-3.925
TUN,Tunisia,TUN.BCA_NGDPD.pcent_gdp,"Current account balance (% of GDP, IMF WEO)",2030,-4.226
TUR,Türkiye,TUR.BCA_NGDPD.pcent_gdp,"Current account balance (% of GDP, IMF WEO)",2015,-2.463
TUR,Türkiye,TUR.BCA_NGDPD.pcent_gdp,"Current account balance (% of GDP, IMF WEO)",2016,-2.55
TUR,Türkiye,TUR.BCA_NGDPD.pcent_gdp,"Current account balance (% of GDP, IMF WEO)",2017,-4.091
TUR,Türkiye,TUR.BCA_NGDPD.pcent_gdp,"Current account balance (% of GDP, IMF WEO)",2018,-1.831
TUR,Türkiye,TUR.BCA_NGDPD.pcent_gdp,"Current account balance (% of GDP, IMF WEO)",2019,1.975
TUR,Türkiye,TUR.BCA_NGDPD.pcent_gdp,"Current account balance (% of GDP, IMF WEO)",2020,-4.32
TUR,Türkiye,TUR.BCA_NGDPD.pcent_gdp,"Current account balance (% of GDP, IMF WEO)",2021,-0.77
TUR,Türkiye,TUR.BCA_NGDPD.pcent_gdp,"Current account balance (% of GDP, IMF WEO)",2022,-5.11
TUR,Türkiye,TUR.BCA_NGDPD.pcent_gdp,"Current account balance (% of GDP, IMF WEO)",2023,-3.529
TUR,Türkiye,TUR.BCA_NGDPD.pcent_gdp,"Current account balance (% of GDP, IMF WEO)",2024,-0.758
TUR,Türkiye,TUR.BCA_NGDPD.pcent_gdp,"Current account balance (% of GDP, IMF WEO)",2025,-1.192
TUR,Türkiye,TUR.BCA_NGDPD.pcent_gdp,"Current account balance (% of GDP, IMF WEO)",2026,-1.213
TUR,Türkiye,TUR.BCA_NGDPD.pcent_gdp,"Current account balance (% of GDP, IMF WEO)",2027,-1.37
TUR,Türkiye,TUR.BCA_NGDPD.pcent_gdp,"Current account balance (% of GDP, IMF WEO)",2028,-1.375
TUR,Türkiye,TUR.BCA_NGDPD.pcent_gdp,"Current account balance (% of GDP, IMF WEO)",2029,-1.495
TUR,Türkiye,TUR.BCA_NGDPD.pcent_gdp,"Current account balance (% of GDP, IMF WEO)",2030,-1.61
TWN,Taiwan,TWN.BCA_NGDPD.pcent_gdp,"Current account balance (% of GDP, IMF WEO)",2015,13.614
TWN,Taiwan,TWN.BCA_NGDPD.pcent_gdp,"Current account balance (% of GDP, IMF WEO)",2016,13.121
TWN,Taiwan,TWN.BCA_NGDPD.pcent_gdp,"Current account balance (% of GDP, IMF WEO)",2017,14.04
TWN,Taiwan,TWN.BCA_NGDPD.pcent_gdp,"Current account balance (% of GDP, IMF WEO)",2018,11.607
TWN,Taiwan,TWN.BCA_NGDPD.pcent_gdp,"Current account balance (% of GDP, IMF WEO)",2019,10.71
TWN,Taiwan,TWN.BCA_NGDPD.pcent_gdp,"Current account balance (% of GDP, IMF WEO)",2020,14.414
TWN,Taiwan,TWN.BCA_NGDPD.pcent_gdp,"Current account balance (% of GDP, IMF WEO)",2021,15.226
TWN,Taiwan,TWN.BCA_NGDPD.pcent_gdp,"Current account balance (% of GDP, IMF WEO)",2022,13.257
TWN,Taiwan,TWN.BCA_NGDPD.pcent_gdp,"Current account balance (% of GDP, IMF WEO)",2023,13.977
TWN,Taiwan,TWN.BCA_NGDPD.pcent_gdp,"Current account balance (% of GDP, IMF WEO)",2024,15.711
TWN,Taiwan,TWN.BCA_NGDPD.pcent_gdp,"Current account balance (% of GDP, IMF WEO)",2025,18.459
TWN,Taiwan,TWN.BCA_NGDPD.pcent_gdp,"Current account balance (% of GDP, IMF WEO)",2026,19.563
TWN,Taiwan,TWN.BCA_NGDPD.pcent_gdp,"Current account balance (% of GDP, IMF WEO)",2027,19.391
TWN,Taiwan,TWN.BCA_NGDPD.pcent_gdp,"Current account balance (% of GDP, IMF WEO)",2028,19.953
TWN,Taiwan,TWN.BCA_NGDPD.pcent_gdp,"Current account balance (% of GDP, IMF WEO)",2029,20.91
TWN,Taiwan,TWN.BCA_NGDPD.pcent_gdp,"Current account balance (% of GDP, IMF WEO)",2030,21.156
UGA,Uganda,UGA.BCA_NGDPD.pcent_gdp,"Current account balance (% of GDP, IMF WEO)",2015,-5.476
UGA,Uganda,UGA.BCA_NGDPD.pcent_gdp,"Current account balance (% of GDP, IMF WEO)",2016,-2.633
UGA,Uganda,UGA.BCA_NGDPD.pcent_gdp,"Current account balance (% of GDP, IMF WEO)",2017,-4.752
UGA,Uganda,UGA.BCA_NGDPD.pcent_gdp,"Current account balance (% of GDP, IMF WEO)",2018,-6.107
UGA,Uganda,UGA.BCA_NGDPD.pcent_gdp,"Current account balance (% of GDP, IMF WEO)",2019,-6.947
UGA,Uganda,UGA.BCA_NGDPD.pcent_gdp,"Current account balance (% of GDP, IMF WEO)",2020,-9.497
UGA,Uganda,UGA.BCA_NGDPD.pcent_gdp,"Current account balance (% of GDP, IMF WEO)",2021,-8.422
UGA,Uganda,UGA.BCA_NGDPD.pcent_gdp,"Current account balance (% of GDP, IMF WEO)",2022,-8.598
UGA,Uganda,UGA.BCA_NGDPD.pcent_gdp,"Current account balance (% of GDP, IMF WEO)",2023,-7.252
UGA,Uganda,UGA.BCA_NGDPD.pcent_gdp,"Current account balance (% of GDP, IMF WEO)",2024,-7.28
UGA,Uganda,UGA.BCA_NGDPD.pcent_gdp,"Current account balance (% of GDP, IMF WEO)",2025,-6.362
UGA,Uganda,UGA.BCA_NGDPD.pcent_gdp,"Current account balance (% of GDP, IMF WEO)",2026,-4.193
UGA,Uganda,UGA.BCA_NGDPD.pcent_gdp,"Current account balance (% of GDP, IMF WEO)",2027,-3.372
UGA,Uganda,UGA.BCA_NGDPD.pcent_gdp,"Current account balance (% of GDP, IMF WEO)",2028,-2.949
UGA,Uganda,UGA.BCA_NGDPD.pcent_gdp,"Current account balance (% of GDP, IMF WEO)",2029,-1.845
UGA,Uganda,UGA.BCA_NGDPD.pcent_gdp,"Current account balance (% of GDP, IMF WEO)",2030,-0.117
USA,United States,USA.BCA_NGDPD.pcent_gdp,"Current account balance (% of GDP, IMF WEO)",2015,-2.233
USA,United States,USA.BCA_NGDPD.pcent_gdp,"Current account balance (% of GDP, IMF WEO)",2016,-2.107
USA,United States,USA.BCA_NGDPD.pcent_gdp,"Current account balance (% of GDP, IMF WEO)",2017,-1.874
USA,United States,USA.BCA_NGDPD.pcent_gdp,"Current account balance (% of GDP, IMF WEO)",2018,-2.129
USA,United States,USA.BCA_NGDPD.pcent_gdp,"Current account balance (% of GDP, IMF WEO)",2019,-2.051
USA,United States,USA.BCA_NGDPD.pcent_gdp,"Current account balance (% of GDP, IMF WEO)",2020,-2.815
USA,United States,USA.BCA_NGDPD.pcent_gdp,"Current account balance (% of GDP, IMF WEO)",2021,-3.665
USA,United States,USA.BCA_NGDPD.pcent_gdp,"Current account balance (% of GDP, IMF WEO)",2022,-3.892
USA,United States,USA.BCA_NGDPD.pcent_gdp,"Current account balance (% of GDP, IMF WEO)",2023,-3.266
USA,United States,USA.BCA_NGDPD.pcent_gdp,"Current account balance (% of GDP, IMF WEO)",2024,-3.884
USA,United States,USA.BCA_NGDPD.pcent_gdp,"Current account balance (% of GDP, IMF WEO)",2025,-3.729
USA,United States,USA.BCA_NGDPD.pcent_gdp,"Current account balance (% of GDP, IMF WEO)",2026,-3.173
USA,United States,USA.BCA_NGDPD.pcent_gdp,"Current account balance (% of GDP, IMF WEO)",2027,-3.045
USA,United States,USA.BCA_NGDPD.pcent_gdp,"Current account balance (% of GDP, IMF WEO)",2028,-2.623
USA,United States,USA.BCA_NGDPD.pcent_gdp,"Current account balance (% of GDP, IMF WEO)",2029,-2.55
USA,United States,USA.BCA_NGDPD.pcent_gdp,"Current account balance (% of GDP, IMF WEO)",2030,-2.405
VNM,Vietnam,VNM.BCA_NGDPD.pcent_gdp,"Current account balance (% of GDP, IMF WEO)",2015,-0.861
VNM,Vietnam,VNM.BCA_NGDPD.pcent_gdp,"Current account balance (% of GDP, IMF WEO)",2016,0.248
VNM,Vietnam,VNM.BCA_NGDPD.pcent_gdp,"Current account balance (% of GDP, IMF WEO)",2017,-0.596
VNM,Vietnam,VNM.BCA_NGDPD.pcent_gdp,"Current account balance (% of GDP, IMF WEO)",2018,1.895
VNM,Vietnam,VNM.BCA_NGDPD.pcent_gdp,"Current account balance (% of GDP, IMF WEO)",2019,3.76
VNM,Vietnam,VNM.BCA_NGDPD.pcent_gdp,"Current account balance (% of GDP, IMF WEO)",2020,4.349
VNM,Vietnam,VNM.BCA_NGDPD.pcent_gdp,"Current account balance (% of GDP, IMF WEO)",2021,-2.202
VNM,Vietnam,VNM.BCA_NGDPD.pcent_gdp,"Current account balance (% of GDP, IMF WEO)",2022,0.341
VNM,Vietnam,VNM.BCA_NGDPD.pcent_gdp,"Current account balance (% of GDP, IMF WEO)",2023,5.906
VNM,Vietnam,VNM.BCA_NGDPD.pcent_gdp,"Current account balance (% of GDP, IMF WEO)",2024,6.104
VNM,Vietnam,VNM.BCA_NGDPD.pcent_gdp,"Current account balance (% of GDP, IMF WEO)",2025,3.2
VNM,Vietnam,VNM.BCA_NGDPD.pcent_gdp,"Current account balance (% of GDP, IMF WEO)",2026,1.88
VNM,Vietnam,VNM.BCA_NGDPD.pcent_gdp,"Current account balance (% of GDP, IMF WEO)",2027,1.863
VNM,Vietnam,VNM.BCA_NGDPD.pcent_gdp,"Current account balance (% of GDP, IMF WEO)",2028,1.099
VNM,Vietnam,VNM.BCA_NGDPD.pcent_gdp,"Current account balance (% of GDP, IMF WEO)",2029,0.805
VNM,Vietnam,VNM.BCA_NGDPD.pcent_gdp,"Current account balance (% of GDP, IMF WEO)",2030,0.47
ZAF,South Africa,ZAF.BCA_NGDPD.pcent_gdp,"Current account balance (% of GDP, IMF WEO)",2015,-4.339
ZAF,South Africa,ZAF.BCA_NGDPD.pcent_gdp,"Current account balance (% of GDP, IMF WEO)",2016,-2.676
ZAF,South Africa,ZAF.BCA_NGDPD.pcent_gdp,"Current account balance (% of GDP, IMF WEO)",2017,-2.368
ZAF,South Africa,ZAF.BCA_NGDPD.pcent_gdp,"Current account balance (% of GDP, IMF WEO)",2018,-2.929
ZAF,South Africa,ZAF.BCA_NGDPD.pcent_gdp,"Current account balance (% of GDP, IMF WEO)",2019,-2.604
ZAF,South Africa,ZAF.BCA_NGDPD.pcent_gdp,"Current account balance (% of GDP, IMF WEO)",2020,1.969
ZAF,South Africa,ZAF.BCA_NGDPD.pcent_gdp,"Current account balance (% of GDP, IMF WEO)",2021,3.691
ZAF,South Africa,ZAF.BCA_NGDPD.pcent_gdp,"Current account balance (% of GDP, IMF WEO)",2022,-0.5
ZAF,South Africa,ZAF.BCA_NGDPD.pcent_gdp,"Current account balance (% of GDP, IMF WEO)",2023,-1.596
ZAF,South Africa,ZAF.BCA_NGDPD.pcent_gdp,"Current account balance (% of GDP, IMF WEO)",2024,-0.644
ZAF,South Africa,ZAF.BCA_NGDPD.pcent_gdp,"Current account balance (% of GDP, IMF WEO)",2025,-1.232
ZAF,South Africa,ZAF.BCA_NGDPD.pcent_gdp,"Current account balance (% of GDP, IMF WEO)",2026,-1.406
ZAF,South Africa,ZAF.BCA_NGDPD.pcent_gdp,"Current account balance (% of GDP, IMF WEO)",2027,-1.624
ZAF,South Africa,ZAF.BCA_NGDPD.pcent_gdp,"Current account balance (% of GDP, IMF WEO)",2028,-1.991
ZAF,South Africa,ZAF.BCA_NGDPD.pcent_gdp,"Current account balance (% of GDP, IMF WEO)",2029,-2.087
ZAF,South Africa,ZAF.BCA_NGDPD.pcent_gdp,"Current account balance (% of GDP, IMF WEO)",2030,-2.191
ARE,United Arab Emirates,ARE.LUR.pcent_total_labor_force,Unemployment rate (IMF WEO),2015,NA
ARE,United Arab Emirates,ARE.LUR.pcent_total_labor_force,Unemployment rate (IMF WEO),2016,NA
ARE,United Arab Emirates,ARE.LUR.pcent_total_labor_force,Unemployment rate (IMF WEO),2017,NA
ARE,United Arab Emirates,ARE.LUR.pcent_total_labor_force,Unemployment rate (IMF WEO),2018,NA
ARE,United Arab Emirates,ARE.LUR.pcent_total_labor_force,Unemployment rate (IMF WEO),2019,NA
ARE,United Arab Emirates,ARE.LUR.pcent_total_labor_force,Unemployment rate (IMF WEO),2020,NA
ARE,United Arab Emirates,ARE.LUR.pcent_total_labor_force,Unemployment rate (IMF WEO),2021,NA
ARE,United Arab Emirates,ARE.LUR.pcent_total_labor_force,Unemployment rate (IMF WEO),2022,NA
ARE,United Arab Emirates,ARE.LUR.pcent_total_labor_force,Unemployment rate (IMF WEO),2023,NA
ARE,United Arab Emirates,ARE.LUR.pcent_total_labor_force,Unemployment rate (IMF WEO),2024,NA
ARE,United Arab Emirates,ARE.LUR.pcent_total_labor_force,Unemployment rate (IMF WEO),2025,NA
ARE,United Arab Emirates,ARE.LUR.pcent_total_labor_force,Unemployment rate (IMF WEO),2026,NA
ARE,United Arab Emirates,ARE.LUR.pcent_total_labor_force,Unemployment rate (IMF WEO),2027,NA
ARE,United Arab Emirates,ARE.LUR.pcent_total_labor_force,Unemployment rate (IMF WEO),2028,NA
ARE,United Arab Emirates,ARE.LUR.pcent_total_labor_force,Unemployment rate (IMF WEO),2029,NA
ARE,United Arab Emirates,ARE.LUR.pcent_total_labor_force,Unemployment rate (IMF WEO),2030,NA
AUS,Australia,AUS.LUR.pcent_total_labor_force,Unemployment rate (IMF WEO),2015,6.058
AUS,Australia,AUS.LUR.pcent_total_labor_force,Unemployment rate (IMF WEO),2016,5.717
AUS,Australia,AUS.LUR.pcent_total_labor_force,Unemployment rate (IMF WEO),2017,5.6
AUS,Australia,AUS.LUR.pcent_total_labor_force,Unemployment rate (IMF WEO),2018,5.283
AUS,Australia,AUS.LUR.pcent_total_labor_force,Unemployment rate (IMF WEO),2019,5.175
AUS,Australia,AUS.LUR.pcent_total_labor_force,Unemployment rate (IMF WEO),2020,6.475
AUS,Australia,AUS.LUR.pcent_total_labor_force,Unemployment rate (IMF WEO),2021,5.125
AUS,Australia,AUS.LUR.pcent_total_labor_force,Unemployment rate (IMF WEO),2022,3.708
AUS,Australia,AUS.LUR.pcent_total_labor_force,Unemployment rate (IMF WEO),2023,3.7
AUS,Australia,AUS.LUR.pcent_total_labor_force,Unemployment rate (IMF WEO),2024,4.025
AUS,Australia,AUS.LUR.pcent_total_labor_force,Unemployment rate (IMF WEO),2025,4.329
AUS,Australia,AUS.LUR.pcent_total_labor_force,Unemployment rate (IMF WEO),2026,4.542
AUS,Australia,AUS.LUR.pcent_total_labor_force,Unemployment rate (IMF WEO),2027,4.527
AUS,Australia,AUS.LUR.pcent_total_labor_force,Unemployment rate (IMF WEO),2028,4.492
AUS,Australia,AUS.LUR.pcent_total_labor_force,Unemployment rate (IMF WEO),2029,4.466
AUS,Australia,AUS.LUR.pcent_total_labor_force,Unemployment rate (IMF WEO),2030,4.452
BEL,Belgium,BEL.LUR.pcent_total_labor_force,Unemployment rate (IMF WEO),2015,8.667
BEL,Belgium,BEL.LUR.pcent_total_labor_force,Unemployment rate (IMF WEO),2016,7.842
BEL,Belgium,BEL.LUR.pcent_total_labor_force,Unemployment rate (IMF WEO),2017,7.108
BEL,Belgium,BEL.LUR.pcent_total_labor_force,Unemployment rate (IMF WEO),2018,5.983
BEL,Belgium,BEL.LUR.pcent_total_labor_force,Unemployment rate (IMF WEO),2019,5.367
BEL,Belgium,BEL.LUR.pcent_total_labor_force,Unemployment rate (IMF WEO),2020,5.567
BEL,Belgium,BEL.LUR.pcent_total_labor_force,Unemployment rate (IMF WEO),2021,6.267
BEL,Belgium,BEL.LUR.pcent_total_labor_force,Unemployment rate (IMF WEO),2022,5.55
BEL,Belgium,BEL.LUR.pcent_total_labor_force,Unemployment rate (IMF WEO),2023,5.517
BEL,Belgium,BEL.LUR.pcent_total_labor_force,Unemployment rate (IMF WEO),2024,5.7
BEL,Belgium,BEL.LUR.pcent_total_labor_force,Unemployment rate (IMF WEO),2025,5.9
BEL,Belgium,BEL.LUR.pcent_total_labor_force,Unemployment rate (IMF WEO),2026,5.7
BEL,Belgium,BEL.LUR.pcent_total_labor_force,Unemployment rate (IMF WEO),2027,5.5
BEL,Belgium,BEL.LUR.pcent_total_labor_force,Unemployment rate (IMF WEO),2028,5.5
BEL,Belgium,BEL.LUR.pcent_total_labor_force,Unemployment rate (IMF WEO),2029,5.7
BEL,Belgium,BEL.LUR.pcent_total_labor_force,Unemployment rate (IMF WEO),2030,5.8
BGR,Bulgaria,BGR.LUR.pcent_total_labor_force,Unemployment rate (IMF WEO),2015,9.233
BGR,Bulgaria,BGR.LUR.pcent_total_labor_force,Unemployment rate (IMF WEO),2016,7.666
BGR,Bulgaria,BGR.LUR.pcent_total_labor_force,Unemployment rate (IMF WEO),2017,6.23
BGR,Bulgaria,BGR.LUR.pcent_total_labor_force,Unemployment rate (IMF WEO),2018,5.273
BGR,Bulgaria,BGR.LUR.pcent_total_labor_force,Unemployment rate (IMF WEO),2019,4.275
BGR,Bulgaria,BGR.LUR.pcent_total_labor_force,Unemployment rate (IMF WEO),2020,5.207
BGR,Bulgaria,BGR.LUR.pcent_total_labor_force,Unemployment rate (IMF WEO),2021,5.249
BGR,Bulgaria,BGR.LUR.pcent_total_labor_force,Unemployment rate (IMF WEO),2022,4.206
BGR,Bulgaria,BGR.LUR.pcent_total_labor_force,Unemployment rate (IMF WEO),2023,4.395
BGR,Bulgaria,BGR.LUR.pcent_total_labor_force,Unemployment rate (IMF WEO),2024,4.234
BGR,Bulgaria,BGR.LUR.pcent_total_labor_force,Unemployment rate (IMF WEO),2025,4.1
BGR,Bulgaria,BGR.LUR.pcent_total_labor_force,Unemployment rate (IMF WEO),2026,4.05
BGR,Bulgaria,BGR.LUR.pcent_total_labor_force,Unemployment rate (IMF WEO),2027,4.0
BGR,Bulgaria,BGR.LUR.pcent_total_labor_force,Unemployment rate (IMF WEO),2028,4.0
BGR,Bulgaria,BGR.LUR.pcent_total_labor_force,Unemployment rate (IMF WEO),2029,4.0
BGR,Bulgaria,BGR.LUR.pcent_total_labor_force,Unemployment rate (IMF WEO),2030,4.0
BHR,Bahrain,BHR.LUR.pcent_total_labor_force,Unemployment rate (IMF WEO),2015,3.5
BHR,Bahrain,BHR.LUR.pcent_total_labor_force,Unemployment rate (IMF WEO),2016,3.9
BHR,Bahrain,BHR.LUR.pcent_total_labor_force,Unemployment rate (IMF WEO),2017,4.1
BHR,Bahrain,BHR.LUR.pcent_total_labor_force,Unemployment rate (IMF WEO),2018,4.3
BHR,Bahrain,BHR.LUR.pcent_total_labor_force,Unemployment rate (IMF WEO),2019,4.7
BHR,Bahrain,BHR.LUR.pcent_total_labor_force,Unemployment rate (IMF WEO),2020,5.9
BHR,Bahrain,BHR.LUR.pcent_total_labor_force,Unemployment rate (IMF WEO),2021,6.8
BHR,Bahrain,BHR.LUR.pcent_total_labor_force,Unemployment rate (IMF WEO),2022,5.4
BHR,Bahrain,BHR.LUR.pcent_total_labor_force,Unemployment rate (IMF WEO),2023,6.3
BHR,Bahrain,BHR.LUR.pcent_total_labor_force,Unemployment rate (IMF WEO),2024,5.9
BHR,Bahrain,BHR.LUR.pcent_total_labor_force,Unemployment rate (IMF WEO),2025,NA
BHR,Bahrain,BHR.LUR.pcent_total_labor_force,Unemployment rate (IMF WEO),2026,NA
BHR,Bahrain,BHR.LUR.pcent_total_labor_force,Unemployment rate (IMF WEO),2027,NA
BHR,Bahrain,BHR.LUR.pcent_total_labor_force,Unemployment rate (IMF WEO),2028,NA
BHR,Bahrain,BHR.LUR.pcent_total_labor_force,Unemployment rate (IMF WEO),2029,NA
BHR,Bahrain,BHR.LUR.pcent_total_labor_force,Unemployment rate (IMF WEO),2030,NA
CAN,Canada,CAN.LUR.pcent_total_labor_force,Unemployment rate (IMF WEO),2015,7.0
CAN,Canada,CAN.LUR.pcent_total_labor_force,Unemployment rate (IMF WEO),2016,7.05
CAN,Canada,CAN.LUR.pcent_total_labor_force,Unemployment rate (IMF WEO),2017,6.417
CAN,Canada,CAN.LUR.pcent_total_labor_force,Unemployment rate (IMF WEO),2018,5.833
CAN,Canada,CAN.LUR.pcent_total_labor_force,Unemployment rate (IMF WEO),2019,5.683
CAN,Canada,CAN.LUR.pcent_total_labor_force,Unemployment rate (IMF WEO),2020,9.742
CAN,Canada,CAN.LUR.pcent_total_labor_force,Unemployment rate (IMF WEO),2021,7.483
CAN,Canada,CAN.LUR.pcent_total_labor_force,Unemployment rate (IMF WEO),2022,5.25
CAN,Canada,CAN.LUR.pcent_total_labor_force,Unemployment rate (IMF WEO),2023,5.383
CAN,Canada,CAN.LUR.pcent_total_labor_force,Unemployment rate (IMF WEO),2024,6.375
CAN,Canada,CAN.LUR.pcent_total_labor_force,Unemployment rate (IMF WEO),2025,6.597
CAN,Canada,CAN.LUR.pcent_total_labor_force,Unemployment rate (IMF WEO),2026,6.482
CAN,Canada,CAN.LUR.pcent_total_labor_force,Unemployment rate (IMF WEO),2027,6.268
CAN,Canada,CAN.LUR.pcent_total_labor_force,Unemployment rate (IMF WEO),2028,6.147
CAN,Canada,CAN.LUR.pcent_total_labor_force,Unemployment rate (IMF WEO),2029,6.054
CAN,Canada,CAN.LUR.pcent_total_labor_force,Unemployment rate (IMF WEO),2030,6.007
CHN,China,CHN.LUR.pcent_total_labor_force,Unemployment rate (IMF WEO),2015,NA
CHN,China,CHN.LUR.pcent_total_labor_force,Unemployment rate (IMF WEO),2016,NA
CHN,China,CHN.LUR.pcent_total_labor_force,Unemployment rate (IMF WEO),2017,5.0
CHN,China,CHN.LUR.pcent_total_labor_force,Unemployment rate (IMF WEO),2018,4.93
CHN,China,CHN.LUR.pcent_total_labor_force,Unemployment rate (IMF WEO),2019,5.15
CHN,China,CHN.LUR.pcent_total_labor_force,Unemployment rate (IMF WEO),2020,5.617
CHN,China,CHN.LUR.pcent_total_labor_force,Unemployment rate (IMF WEO),2021,5.117
CHN,China,CHN.LUR.pcent_total_labor_force,Unemployment rate (IMF WEO),2022,5.583
CHN,China,CHN.LUR.pcent_total_labor_force,Unemployment rate (IMF WEO),2023,5.217
CHN,China,CHN.LUR.pcent_total_labor_force,Unemployment rate (IMF WEO),2024,5.117
CHN,China,CHN.LUR.pcent_total_labor_force,Unemployment rate (IMF WEO),2025,5.1
CHN,China,CHN.LUR.pcent_total_labor_force,Unemployment rate (IMF WEO),2026,5.1
CHN,China,CHN.LUR.pcent_total_labor_force,Unemployment rate (IMF WEO),2027,5.1
CHN,China,CHN.LUR.pcent_total_labor_force,Unemployment rate (IMF WEO),2028,5.1
CHN,China,CHN.LUR.pcent_total_labor_force,Unemployment rate (IMF WEO),2029,5.1
CHN,China,CHN.LUR.pcent_total_labor_force,Unemployment rate (IMF WEO),2030,5.1
CYP,Cyprus,CYP.LUR.pcent_total_labor_force,Unemployment rate (IMF WEO),2015,14.9
CYP,Cyprus,CYP.LUR.pcent_total_labor_force,Unemployment rate (IMF WEO),2016,12.95
CYP,Cyprus,CYP.LUR.pcent_total_labor_force,Unemployment rate (IMF WEO),2017,11.05
CYP,Cyprus,CYP.LUR.pcent_total_labor_force,Unemployment rate (IMF WEO),2018,8.35
CYP,Cyprus,CYP.LUR.pcent_total_labor_force,Unemployment rate (IMF WEO),2019,7.125
CYP,Cyprus,CYP.LUR.pcent_total_labor_force,Unemployment rate (IMF WEO),2020,7.55
CYP,Cyprus,CYP.LUR.pcent_total_labor_force,Unemployment rate (IMF WEO),2021,7.15
CYP,Cyprus,CYP.LUR.pcent_total_labor_force,Unemployment rate (IMF WEO),2022,6.275
CYP,Cyprus,CYP.LUR.pcent_total_labor_force,Unemployment rate (IMF WEO),2023,5.82
CYP,Cyprus,CYP.LUR.pcent_total_labor_force,Unemployment rate (IMF WEO),2024,4.862
CYP,Cyprus,CYP.LUR.pcent_total_labor_force,Unemployment rate (IMF WEO),2025,4.773
CYP,Cyprus,CYP.LUR.pcent_total_labor_force,Unemployment rate (IMF WEO),2026,4.962
CYP,Cyprus,CYP.LUR.pcent_total_labor_force,Unemployment rate (IMF WEO),2027,4.962
CYP,Cyprus,CYP.LUR.pcent_total_labor_force,Unemployment rate (IMF WEO),2028,4.962
CYP,Cyprus,CYP.LUR.pcent_total_labor_force,Unemployment rate (IMF WEO),2029,4.962
CYP,Cyprus,CYP.LUR.pcent_total_labor_force,Unemployment rate (IMF WEO),2030,4.962
CZE,Czechia,CZE.LUR.pcent_total_labor_force,Unemployment rate (IMF WEO),2015,5.021
CZE,Czechia,CZE.LUR.pcent_total_labor_force,Unemployment rate (IMF WEO),2016,3.946
CZE,Czechia,CZE.LUR.pcent_total_labor_force,Unemployment rate (IMF WEO),2017,2.89
CZE,Czechia,CZE.LUR.pcent_total_labor_force,Unemployment rate (IMF WEO),2018,2.177
CZE,Czechia,CZE.LUR.pcent_total_labor_force,Unemployment rate (IMF WEO),2019,1.96
CZE,Czechia,CZE.LUR.pcent_total_labor_force,Unemployment rate (IMF WEO),2020,2.512
CZE,Czechia,CZE.LUR.pcent_total_labor_force,Unemployment rate (IMF WEO),2021,2.734
CZE,Czechia,CZE.LUR.pcent_total_labor_force,Unemployment rate (IMF WEO),2022,2.165
CZE,Czechia,CZE.LUR.pcent_total_labor_force,Unemployment rate (IMF WEO),2023,2.579
CZE,Czechia,CZE.LUR.pcent_total_labor_force,Unemployment rate (IMF WEO),2024,2.8
CZE,Czechia,CZE.LUR.pcent_total_labor_force,Unemployment rate (IMF WEO),2025,2.5
CZE,Czechia,CZE.LUR.pcent_total_labor_force,Unemployment rate (IMF WEO),2026,2.4
CZE,Czechia,CZE.LUR.pcent_total_labor_force,Unemployment rate (IMF WEO),2027,2.4
CZE,Czechia,CZE.LUR.pcent_total_labor_force,Unemployment rate (IMF WEO),2028,2.4
CZE,Czechia,CZE.LUR.pcent_total_labor_force,Unemployment rate (IMF WEO),2029,2.4
CZE,Czechia,CZE.LUR.pcent_total_labor_force,Unemployment rate (IMF WEO),2030,2.4
DEU,Germany,DEU.LUR.pcent_total_labor_force,Unemployment rate (IMF WEO),2015,4.367
DEU,Germany,DEU.LUR.pcent_total_labor_force,Unemployment rate (IMF WEO),2016,3.908
DEU,Germany,DEU.LUR.pcent_total_labor_force,Unemployment rate (IMF WEO),2017,3.567
DEU,Germany,DEU.LUR.pcent_total_labor_force,Unemployment rate (IMF WEO),2018,3.208
DEU,Germany,DEU.LUR.pcent_total_labor_force,Unemployment rate (IMF WEO),2019,2.975
DEU,Germany,DEU.LUR.pcent_total_labor_force,Unemployment rate (IMF WEO),2020,3.625
DEU,Germany,DEU.LUR.pcent_total_labor_force,Unemployment rate (IMF WEO),2021,3.575
DEU,Germany,DEU.LUR.pcent_total_labor_force,Unemployment rate (IMF WEO),2022,3.067
DEU,Germany,DEU.LUR.pcent_total_labor_force,Unemployment rate (IMF WEO),2023,3.025
DEU,Germany,DEU.LUR.pcent_total_labor_force,Unemployment rate (IMF WEO),2024,3.408
DEU,Germany,DEU.LUR.pcent_total_labor_force,Unemployment rate (IMF WEO),2025,3.468
DEU,Germany,DEU.LUR.pcent_total_labor_force,Unemployment rate (IMF WEO),2026,3.215
DEU,Germany,DEU.LUR.pcent_total_labor_force,Unemployment rate (IMF WEO),2027,3.023
DEU,Germany,DEU.LUR.pcent_total_labor_force,Unemployment rate (IMF WEO),2028,2.914
DEU,Germany,DEU.LUR.pcent_total_labor_force,Unemployment rate (IMF WEO),2029,2.918
DEU,Germany,DEU.LUR.pcent_total_labor_force,Unemployment rate (IMF WEO),2030,2.922
DNK,Denmark,DNK.LUR.pcent_total_labor_force,Unemployment rate (IMF WEO),2015,4.542
DNK,Denmark,DNK.LUR.pcent_total_labor_force,Unemployment rate (IMF WEO),2016,4.125
DNK,Denmark,DNK.LUR.pcent_total_labor_force,Unemployment rate (IMF WEO),2017,4.2
DNK,Denmark,DNK.LUR.pcent_total_labor_force,Unemployment rate (IMF WEO),2018,3.85
DNK,Denmark,DNK.LUR.pcent_total_labor_force,Unemployment rate (IMF WEO),2019,3.658
DNK,Denmark,DNK.LUR.pcent_total_labor_force,Unemployment rate (IMF WEO),2020,4.658
DNK,Denmark,DNK.LUR.pcent_total_labor_force,Unemployment rate (IMF WEO),2021,3.608
DNK,Denmark,DNK.LUR.pcent_total_labor_force,Unemployment rate (IMF WEO),2022,2.517
DNK,Denmark,DNK.LUR.pcent_total_labor_force,Unemployment rate (IMF WEO),2023,2.767
DNK,Denmark,DNK.LUR.pcent_total_labor_force,Unemployment rate (IMF WEO),2024,2.9
DNK,Denmark,DNK.LUR.pcent_total_labor_force,Unemployment rate (IMF WEO),2025,2.97
DNK,Denmark,DNK.LUR.pcent_total_labor_force,Unemployment rate (IMF WEO),2026,2.97
DNK,Denmark,DNK.LUR.pcent_total_labor_force,Unemployment rate (IMF WEO),2027,2.97
DNK,Denmark,DNK.LUR.pcent_total_labor_force,Unemployment rate (IMF WEO),2028,2.97
DNK,Denmark,DNK.LUR.pcent_total_labor_force,Unemployment rate (IMF WEO),2029,2.97
DNK,Denmark,DNK.LUR.pcent_total_labor_force,Unemployment rate (IMF WEO),2030,3.0
EGY,Egypt,EGY.LUR.pcent_total_labor_force,Unemployment rate (IMF WEO),2015,12.859
EGY,Egypt,EGY.LUR.pcent_total_labor_force,Unemployment rate (IMF WEO),2016,12.705
EGY,Egypt,EGY.LUR.pcent_total_labor_force,Unemployment rate (IMF WEO),2017,12.245
EGY,Egypt,EGY.LUR.pcent_total_labor_force,Unemployment rate (IMF WEO),2018,10.932
EGY,Egypt,EGY.LUR.pcent_total_labor_force,Unemployment rate (IMF WEO),2019,8.612
EGY,Egypt,EGY.LUR.pcent_total_labor_force,Unemployment rate (IMF WEO),2020,8.296
EGY,Egypt,EGY.LUR.pcent_total_labor_force,Unemployment rate (IMF WEO),2021,7.292
EGY,Egypt,EGY.LUR.pcent_total_labor_force,Unemployment rate (IMF WEO),2022,7.323
EGY,Egypt,EGY.LUR.pcent_total_labor_force,Unemployment rate (IMF WEO),2023,7.185
EGY,Egypt,EGY.LUR.pcent_total_labor_force,Unemployment rate (IMF WEO),2024,7.375
EGY,Egypt,EGY.LUR.pcent_total_labor_force,Unemployment rate (IMF WEO),2025,7.665
EGY,Egypt,EGY.LUR.pcent_total_labor_force,Unemployment rate (IMF WEO),2026,7.676
EGY,Egypt,EGY.LUR.pcent_total_labor_force,Unemployment rate (IMF WEO),2027,7.425
EGY,Egypt,EGY.LUR.pcent_total_labor_force,Unemployment rate (IMF WEO),2028,7.022
EGY,Egypt,EGY.LUR.pcent_total_labor_force,Unemployment rate (IMF WEO),2029,6.973
EGY,Egypt,EGY.LUR.pcent_total_labor_force,Unemployment rate (IMF WEO),2030,7.707
EST,Estonia,EST.LUR.pcent_total_labor_force,Unemployment rate (IMF WEO),2015,6.185
EST,Estonia,EST.LUR.pcent_total_labor_force,Unemployment rate (IMF WEO),2016,6.758
EST,Estonia,EST.LUR.pcent_total_labor_force,Unemployment rate (IMF WEO),2017,5.763
EST,Estonia,EST.LUR.pcent_total_labor_force,Unemployment rate (IMF WEO),2018,5.371
EST,Estonia,EST.LUR.pcent_total_labor_force,Unemployment rate (IMF WEO),2019,4.448
EST,Estonia,EST.LUR.pcent_total_labor_force,Unemployment rate (IMF WEO),2020,6.806
EST,Estonia,EST.LUR.pcent_total_labor_force,Unemployment rate (IMF WEO),2021,6.177
EST,Estonia,EST.LUR.pcent_total_labor_force,Unemployment rate (IMF WEO),2022,5.571
EST,Estonia,EST.LUR.pcent_total_labor_force,Unemployment rate (IMF WEO),2023,6.376
EST,Estonia,EST.LUR.pcent_total_labor_force,Unemployment rate (IMF WEO),2024,7.501
EST,Estonia,EST.LUR.pcent_total_labor_force,Unemployment rate (IMF WEO),2025,7.123
EST,Estonia,EST.LUR.pcent_total_labor_force,Unemployment rate (IMF WEO),2026,6.87
EST,Estonia,EST.LUR.pcent_total_labor_force,Unemployment rate (IMF WEO),2027,6.911
EST,Estonia,EST.LUR.pcent_total_labor_force,Unemployment rate (IMF WEO),2028,6.814
EST,Estonia,EST.LUR.pcent_total_labor_force,Unemployment rate (IMF WEO),2029,6.539
EST,Estonia,EST.LUR.pcent_total_labor_force,Unemployment rate (IMF WEO),2030,6.539
FIN,Finland,FIN.LUR.pcent_total_labor_force,Unemployment rate (IMF WEO),2015,9.575
FIN,Finland,FIN.LUR.pcent_total_labor_force,Unemployment rate (IMF WEO),2016,8.975
FIN,Finland,FIN.LUR.pcent_total_labor_force,Unemployment rate (IMF WEO),2017,8.825
FIN,Finland,FIN.LUR.pcent_total_labor_force,Unemployment rate (IMF WEO),2018,7.417
FIN,Finland,FIN.LUR.pcent_total_labor_force,Unemployment rate (IMF WEO),2019,6.725
FIN,Finland,FIN.LUR.pcent_total_labor_force,Unemployment rate (IMF WEO),2020,7.767
FIN,Finland,FIN.LUR.pcent_total_labor_force,Unemployment rate (IMF WEO),2021,7.617
FIN,Finland,FIN.LUR.pcent_total_labor_force,Unemployment rate (IMF WEO),2022,6.783
FIN,Finland,FIN.LUR.pcent_total_labor_force,Unemployment rate (IMF WEO),2023,7.208
FIN,Finland,FIN.LUR.pcent_total_labor_force,Unemployment rate (IMF WEO),2024,8.4
FIN,Finland,FIN.LUR.pcent_total_labor_force,Unemployment rate (IMF WEO),2025,8.125
FIN,Finland,FIN.LUR.pcent_total_labor_force,Unemployment rate (IMF WEO),2026,7.6
FIN,Finland,FIN.LUR.pcent_total_labor_force,Unemployment rate (IMF WEO),2027,7.551
FIN,Finland,FIN.LUR.pcent_total_labor_force,Unemployment rate (IMF WEO),2028,7.496
FIN,Finland,FIN.LUR.pcent_total_labor_force,Unemployment rate (IMF WEO),2029,7.328
FIN,Finland,FIN.LUR.pcent_total_labor_force,Unemployment rate (IMF WEO),2030,7.234
FRA,France,FRA.LUR.pcent_total_labor_force,Unemployment rate (IMF WEO),2015,10.342
FRA,France,FRA.LUR.pcent_total_labor_force,Unemployment rate (IMF WEO),2016,10.067
FRA,France,FRA.LUR.pcent_total_labor_force,Unemployment rate (IMF WEO),2017,9.408
FRA,France,FRA.LUR.pcent_total_labor_force,Unemployment rate (IMF WEO),2018,9.025
FRA,France,FRA.LUR.pcent_total_labor_force,Unemployment rate (IMF WEO),2019,8.425
FRA,France,FRA.LUR.pcent_total_labor_force,Unemployment rate (IMF WEO),2020,8.025
FRA,France,FRA.LUR.pcent_total_labor_force,Unemployment rate (IMF WEO),2021,7.867
FRA,France,FRA.LUR.pcent_total_labor_force,Unemployment rate (IMF WEO),2022,7.308
FRA,France,FRA.LUR.pcent_total_labor_force,Unemployment rate (IMF WEO),2023,7.342
FRA,France,FRA.LUR.pcent_total_labor_force,Unemployment rate (IMF WEO),2024,7.383
FRA,France,FRA.LUR.pcent_total_labor_force,Unemployment rate (IMF WEO),2025,7.7
FRA,France,FRA.LUR.pcent_total_labor_force,Unemployment rate (IMF WEO),2026,7.442
FRA,France,FRA.LUR.pcent_total_labor_force,Unemployment rate (IMF WEO),2027,7.235
FRA,France,FRA.LUR.pcent_total_labor_force,Unemployment rate (IMF WEO),2028,7.099
FRA,France,FRA.LUR.pcent_total_labor_force,Unemployment rate (IMF WEO),2029,6.993
FRA,France,FRA.LUR.pcent_total_labor_force,Unemployment rate (IMF WEO),2030,6.993
GBR,United Kingdom,GBR.LUR.pcent_total_labor_force,Unemployment rate (IMF WEO),2015,5.375
GBR,United Kingdom,GBR.LUR.pcent_total_labor_force,Unemployment rate (IMF WEO),2016,4.875
GBR,United Kingdom,GBR.LUR.pcent_total_labor_force,Unemployment rate (IMF WEO),2017,4.425
GBR,United Kingdom,GBR.LUR.pcent_total_labor_force,Unemployment rate (IMF WEO),2018,4.075
GBR,United Kingdom,GBR.LUR.pcent_total_labor_force,Unemployment rate (IMF WEO),2019,3.825
GBR,United Kingdom,GBR.LUR.pcent_total_labor_force,Unemployment rate (IMF WEO),2020,4.625
GBR,United Kingdom,GBR.LUR.pcent_total_labor_force,Unemployment rate (IMF WEO),2021,4.55
GBR,United Kingdom,GBR.LUR.pcent_total_labor_force,Unemployment rate (IMF WEO),2022,3.8
GBR,United Kingdom,GBR.LUR.pcent_total_labor_force,Unemployment rate (IMF WEO),2023,4.05
GBR,United Kingdom,GBR.LUR.pcent_total_labor_force,Unemployment rate (IMF WEO),2024,4.275
GBR,United Kingdom,GBR.LUR.pcent_total_labor_force,Unemployment rate (IMF WEO),2025,4.5
GBR,United Kingdom,GBR.LUR.pcent_total_labor_force,Unemployment rate (IMF WEO),2026,4.4
GBR,United Kingdom,GBR.LUR.pcent_total_labor_force,Unemployment rate (IMF WEO),2027,4.3
GBR,United Kingdom,GBR.LUR.pcent_total_labor_force,Unemployment rate (IMF WEO),2028,4.2
GBR,United Kingdom,GBR.LUR.pcent_total_labor_force,Unemployment rate (IMF WEO),2029,4.1
GBR,United Kingdom,GBR.LUR.pcent_total_labor_force,Unemployment rate (IMF WEO),2030,4.1
HKG,Hong Kong,HKG.LUR.pcent_total_labor_force,Unemployment rate (IMF WEO),2015,3.3
HKG,Hong Kong,HKG.LUR.pcent_total_labor_force,Unemployment rate (IMF WEO),2016,3.383
HKG,Hong Kong,HKG.LUR.pcent_total_labor_force,Unemployment rate (IMF WEO),2017,3.15
HKG,Hong Kong,HKG.LUR.pcent_total_labor_force,Unemployment rate (IMF WEO),2018,2.808
HKG,Hong Kong,HKG.LUR.pcent_total_labor_force,Unemployment rate (IMF WEO),2019,2.908
HKG,Hong Kong,HKG.LUR.pcent_total_labor_force,Unemployment rate (IMF WEO),2020,5.525
HKG,Hong Kong,HKG.LUR.pcent_total_labor_force,Unemployment rate (IMF WEO),2021,5.408
HKG,Hong Kong,HKG.LUR.pcent_total_labor_force,Unemployment rate (IMF WEO),2022,4.35
HKG,Hong Kong,HKG.LUR.pcent_total_labor_force,Unemployment rate (IMF WEO),2023,2.975
HKG,Hong Kong,HKG.LUR.pcent_total_labor_force,Unemployment rate (IMF WEO),2024,3.0
HKG,Hong Kong,HKG.LUR.pcent_total_labor_force,Unemployment rate (IMF WEO),2025,3.539
HKG,Hong Kong,HKG.LUR.pcent_total_labor_force,Unemployment rate (IMF WEO),2026,3.443
HKG,Hong Kong,HKG.LUR.pcent_total_labor_force,Unemployment rate (IMF WEO),2027,3.346
HKG,Hong Kong,HKG.LUR.pcent_total_labor_force,Unemployment rate (IMF WEO),2028,3.201
HKG,Hong Kong,HKG.LUR.pcent_total_labor_force,Unemployment rate (IMF WEO),2029,3.056
HKG,Hong Kong,HKG.LUR.pcent_total_labor_force,Unemployment rate (IMF WEO),2030,2.91
HUN,Hungary,HUN.LUR.pcent_total_labor_force,Unemployment rate (IMF WEO),2015,6.625
HUN,Hungary,HUN.LUR.pcent_total_labor_force,Unemployment rate (IMF WEO),2016,4.975
HUN,Hungary,HUN.LUR.pcent_total_labor_force,Unemployment rate (IMF WEO),2017,4.05
HUN,Hungary,HUN.LUR.pcent_total_labor_force,Unemployment rate (IMF WEO),2018,3.575
HUN,Hungary,HUN.LUR.pcent_total_labor_force,Unemployment rate (IMF WEO),2019,3.3
HUN,Hungary,HUN.LUR.pcent_total_labor_force,Unemployment rate (IMF WEO),2020,4.125
HUN,Hungary,HUN.LUR.pcent_total_labor_force,Unemployment rate (IMF WEO),2021,4.05
HUN,Hungary,HUN.LUR.pcent_total_labor_force,Unemployment rate (IMF WEO),2022,3.6
HUN,Hungary,HUN.LUR.pcent_total_labor_force,Unemployment rate (IMF WEO),2023,4.075
HUN,Hungary,HUN.LUR.pcent_total_labor_force,Unemployment rate (IMF WEO),2024,4.475
HUN,Hungary,HUN.LUR.pcent_total_labor_force,Unemployment rate (IMF WEO),2025,4.6
HUN,Hungary,HUN.LUR.pcent_total_labor_force,Unemployment rate (IMF WEO),2026,4.2
HUN,Hungary,HUN.LUR.pcent_total_labor_force,Unemployment rate (IMF WEO),2027,3.965
HUN,Hungary,HUN.LUR.pcent_total_labor_force,Unemployment rate (IMF WEO),2028,3.9
HUN,Hungary,HUN.LUR.pcent_total_labor_force,Unemployment rate (IMF WEO),2029,3.8
HUN,Hungary,HUN.LUR.pcent_total_labor_force,Unemployment rate (IMF WEO),2030,3.8
IDN,Indonesia,IDN.LUR.pcent_total_labor_force,Unemployment rate (IMF WEO),2015,6.18
IDN,Indonesia,IDN.LUR.pcent_total_labor_force,Unemployment rate (IMF WEO),2016,5.61
IDN,Indonesia,IDN.LUR.pcent_total_labor_force,Unemployment rate (IMF WEO),2017,5.5
IDN,Indonesia,IDN.LUR.pcent_total_labor_force,Unemployment rate (IMF WEO),2018,5.24
IDN,Indonesia,IDN.LUR.pcent_total_labor_force,Unemployment rate (IMF WEO),2019,5.18
IDN,Indonesia,IDN.LUR.pcent_total_labor_force,Unemployment rate (IMF WEO),2020,7.07
IDN,Indonesia,IDN.LUR.pcent_total_labor_force,Unemployment rate (IMF WEO),2021,6.49
IDN,Indonesia,IDN.LUR.pcent_total_labor_force,Unemployment rate (IMF WEO),2022,5.86
IDN,Indonesia,IDN.LUR.pcent_total_labor_force,Unemployment rate (IMF WEO),2023,5.32
IDN,Indonesia,IDN.LUR.pcent_total_labor_force,Unemployment rate (IMF WEO),2024,4.91
IDN,Indonesia,IDN.LUR.pcent_total_labor_force,Unemployment rate (IMF WEO),2025,5.0
IDN,Indonesia,IDN.LUR.pcent_total_labor_force,Unemployment rate (IMF WEO),2026,5.1
IDN,Indonesia,IDN.LUR.pcent_total_labor_force,Unemployment rate (IMF WEO),2027,5.1
IDN,Indonesia,IDN.LUR.pcent_total_labor_force,Unemployment rate (IMF WEO),2028,5.1
IDN,Indonesia,IDN.LUR.pcent_total_labor_force,Unemployment rate (IMF WEO),2029,5.0
IDN,Indonesia,IDN.LUR.pcent_total_labor_force,Unemployment rate (IMF WEO),2030,5.0
IND,India,IND.LUR.pcent_total_labor_force,Unemployment rate (IMF WEO),2015,NA
IND,India,IND.LUR.pcent_total_labor_force,Unemployment rate (IMF WEO),2016,NA
IND,India,IND.LUR.pcent_total_labor_force,Unemployment rate (IMF WEO),2017,NA
IND,India,IND.LUR.pcent_total_labor_force,Unemployment rate (IMF WEO),2018,8.901
IND,India,IND.LUR.pcent_total_labor_force,Unemployment rate (IMF WEO),2019,7.484
IND,India,IND.LUR.pcent_total_labor_force,Unemployment rate (IMF WEO),2020,8.662
IND,India,IND.LUR.pcent_total_labor_force,Unemployment rate (IMF WEO),2021,7.365
IND,India,IND.LUR.pcent_total_labor_force,Unemployment rate (IMF WEO),2022,5.3
IND,India,IND.LUR.pcent_total_labor_force,Unemployment rate (IMF WEO),2023,4.939
IND,India,IND.LUR.pcent_total_labor_force,Unemployment rate (IMF WEO),2024,4.939
IND,India,IND.LUR.pcent_total_labor_force,Unemployment rate (IMF WEO),2025,4.939
IND,India,IND.LUR.pcent_total_labor_force,Unemployment rate (IMF WEO),2026,4.939
IND,India,IND.LUR.pcent_total_labor_force,Unemployment rate (IMF WEO),2027,4.939
IND,India,IND.LUR.pcent_total_labor_force,Unemployment rate (IMF WEO),2028,4.939
IND,India,IND.LUR.pcent_total_labor_force,Unemployment rate (IMF WEO),2029,4.939
IND,India,IND.LUR.pcent_total_labor_force,Unemployment rate (IMF WEO),2030,4.939
IRL,Ireland,IRL.LUR.pcent_total_labor_force,Unemployment rate (IMF WEO),2015,9.925
IRL,Ireland,IRL.LUR.pcent_total_labor_force,Unemployment rate (IMF WEO),2016,8.375
IRL,Ireland,IRL.LUR.pcent_total_labor_force,Unemployment rate (IMF WEO),2017,6.758
IRL,Ireland,IRL.LUR.pcent_total_labor_force,Unemployment rate (IMF WEO),2018,5.808
IRL,Ireland,IRL.LUR.pcent_total_labor_force,Unemployment rate (IMF WEO),2019,4.992
IRL,Ireland,IRL.LUR.pcent_total_labor_force,Unemployment rate (IMF WEO),2020,5.842
IRL,Ireland,IRL.LUR.pcent_total_labor_force,Unemployment rate (IMF WEO),2021,6.258
IRL,Ireland,IRL.LUR.pcent_total_labor_force,Unemployment rate (IMF WEO),2022,4.467
IRL,Ireland,IRL.LUR.pcent_total_labor_force,Unemployment rate (IMF WEO),2023,4.308
IRL,Ireland,IRL.LUR.pcent_total_labor_force,Unemployment rate (IMF WEO),2024,4.3
IRL,Ireland,IRL.LUR.pcent_total_labor_force,Unemployment rate (IMF WEO),2025,4.542
IRL,Ireland,IRL.LUR.pcent_total_labor_force,Unemployment rate (IMF WEO),2026,4.66
IRL,Ireland,IRL.LUR.pcent_total_labor_force,Unemployment rate (IMF WEO),2027,4.755
IRL,Ireland,IRL.LUR.pcent_total_labor_force,Unemployment rate (IMF WEO),2028,4.755
IRL,Ireland,IRL.LUR.pcent_total_labor_force,Unemployment rate (IMF WEO),2029,4.755
IRL,Ireland,IRL.LUR.pcent_total_labor_force,Unemployment rate (IMF WEO),2030,4.755
ISL,Iceland,ISL.LUR.pcent_total_labor_force,Unemployment rate (IMF WEO),2015,4.592
ISL,Iceland,ISL.LUR.pcent_total_labor_force,Unemployment rate (IMF WEO),2016,3.442
ISL,Iceland,ISL.LUR.pcent_total_labor_force,Unemployment rate (IMF WEO),2017,3.3
ISL,Iceland,ISL.LUR.pcent_total_labor_force,Unemployment rate (IMF WEO),2018,3.133
ISL,Iceland,ISL.LUR.pcent_total_labor_force,Unemployment rate (IMF WEO),2019,3.9
ISL,Iceland,ISL.LUR.pcent_total_labor_force,Unemployment rate (IMF WEO),2020,6.267
ISL,Iceland,ISL.LUR.pcent_total_labor_force,Unemployment rate (IMF WEO),2021,5.842
ISL,Iceland,ISL.LUR.pcent_total_labor_force,Unemployment rate (IMF WEO),2022,3.592
ISL,Iceland,ISL.LUR.pcent_total_labor_force,Unemployment rate (IMF WEO),2023,3.375
ISL,Iceland,ISL.LUR.pcent_total_labor_force,Unemployment rate (IMF WEO),2024,3.367
ISL,Iceland,ISL.LUR.pcent_total_labor_force,Unemployment rate (IMF WEO),2025,3.964
ISL,Iceland,ISL.LUR.pcent_total_labor_force,Unemployment rate (IMF WEO),2026,4.012
ISL,Iceland,ISL.LUR.pcent_total_labor_force,Unemployment rate (IMF WEO),2027,4.001
ISL,Iceland,ISL.LUR.pcent_total_labor_force,Unemployment rate (IMF WEO),2028,4.008
ISL,Iceland,ISL.LUR.pcent_total_labor_force,Unemployment rate (IMF WEO),2029,4.0
ISL,Iceland,ISL.LUR.pcent_total_labor_force,Unemployment rate (IMF WEO),2030,4.0
ISR,Israel,ISR.LUR.pcent_total_labor_force,Unemployment rate (IMF WEO),2015,5.242
ISR,Israel,ISR.LUR.pcent_total_labor_force,Unemployment rate (IMF WEO),2016,4.825
ISR,Israel,ISR.LUR.pcent_total_labor_force,Unemployment rate (IMF WEO),2017,4.225
ISR,Israel,ISR.LUR.pcent_total_labor_force,Unemployment rate (IMF WEO),2018,3.983
ISR,Israel,ISR.LUR.pcent_total_labor_force,Unemployment rate (IMF WEO),2019,3.842
ISR,Israel,ISR.LUR.pcent_total_labor_force,Unemployment rate (IMF WEO),2020,4.308
ISR,Israel,ISR.LUR.pcent_total_labor_force,Unemployment rate (IMF WEO),2021,4.967
ISR,Israel,ISR.LUR.pcent_total_labor_force,Unemployment rate (IMF WEO),2022,3.767
ISR,Israel,ISR.LUR.pcent_total_labor_force,Unemployment rate (IMF WEO),2023,3.45
ISR,Israel,ISR.LUR.pcent_total_labor_force,Unemployment rate (IMF WEO),2024,2.975
ISR,Israel,ISR.LUR.pcent_total_labor_force,Unemployment rate (IMF WEO),2025,2.9
ISR,Israel,ISR.LUR.pcent_total_labor_force,Unemployment rate (IMF WEO),2026,3.2
ISR,Israel,ISR.LUR.pcent_total_labor_force,Unemployment rate (IMF WEO),2027,3.5
ISR,Israel,ISR.LUR.pcent_total_labor_force,Unemployment rate (IMF WEO),2028,3.733
ISR,Israel,ISR.LUR.pcent_total_labor_force,Unemployment rate (IMF WEO),2029,3.933
ISR,Israel,ISR.LUR.pcent_total_labor_force,Unemployment rate (IMF WEO),2030,3.933
ITA,Italy,ITA.LUR.pcent_total_labor_force,Unemployment rate (IMF WEO),2015,12.017
ITA,Italy,ITA.LUR.pcent_total_labor_force,Unemployment rate (IMF WEO),2016,11.717
ITA,Italy,ITA.LUR.pcent_total_labor_force,Unemployment rate (IMF WEO),2017,11.3
ITA,Italy,ITA.LUR.pcent_total_labor_force,Unemployment rate (IMF WEO),2018,10.6
ITA,Italy,ITA.LUR.pcent_total_labor_force,Unemployment rate (IMF WEO),2019,9.908
ITA,Italy,ITA.LUR.pcent_total_labor_force,Unemployment rate (IMF WEO),2020,9.358
ITA,Italy,ITA.LUR.pcent_total_labor_force,Unemployment rate (IMF WEO),2021,9.508
ITA,Italy,ITA.LUR.pcent_total_labor_force,Unemployment rate (IMF WEO),2022,8.125
ITA,Italy,ITA.LUR.pcent_total_labor_force,Unemployment rate (IMF WEO),2023,7.683
ITA,Italy,ITA.LUR.pcent_total_labor_force,Unemployment rate (IMF WEO),2024,6.558
ITA,Italy,ITA.LUR.pcent_total_labor_force,Unemployment rate (IMF WEO),2025,6.654
ITA,Italy,ITA.LUR.pcent_total_labor_force,Unemployment rate (IMF WEO),2026,6.711
ITA,Italy,ITA.LUR.pcent_total_labor_force,Unemployment rate (IMF WEO),2027,6.793
ITA,Italy,ITA.LUR.pcent_total_labor_force,Unemployment rate (IMF WEO),2028,6.866
ITA,Italy,ITA.LUR.pcent_total_labor_force,Unemployment rate (IMF WEO),2029,6.836
ITA,Italy,ITA.LUR.pcent_total_labor_force,Unemployment rate (IMF WEO),2030,6.806
KAZ,Kazakhstan,KAZ.LUR.pcent_total_labor_force,Unemployment rate (IMF WEO),2015,4.975
KAZ,Kazakhstan,KAZ.LUR.pcent_total_labor_force,Unemployment rate (IMF WEO),2016,4.975
KAZ,Kazakhstan,KAZ.LUR.pcent_total_labor_force,Unemployment rate (IMF WEO),2017,4.9
KAZ,Kazakhstan,KAZ.LUR.pcent_total_labor_force,Unemployment rate (IMF WEO),2018,4.85
KAZ,Kazakhstan,KAZ.LUR.pcent_total_labor_force,Unemployment rate (IMF WEO),2019,4.8
KAZ,Kazakhstan,KAZ.LUR.pcent_total_labor_force,Unemployment rate (IMF WEO),2020,4.925
KAZ,Kazakhstan,KAZ.LUR.pcent_total_labor_force,Unemployment rate (IMF WEO),2021,4.9
KAZ,Kazakhstan,KAZ.LUR.pcent_total_labor_force,Unemployment rate (IMF WEO),2022,4.875
KAZ,Kazakhstan,KAZ.LUR.pcent_total_labor_force,Unemployment rate (IMF WEO),2023,4.725
KAZ,Kazakhstan,KAZ.LUR.pcent_total_labor_force,Unemployment rate (IMF WEO),2024,4.674
KAZ,Kazakhstan,KAZ.LUR.pcent_total_labor_force,Unemployment rate (IMF WEO),2025,4.648
KAZ,Kazakhstan,KAZ.LUR.pcent_total_labor_force,Unemployment rate (IMF WEO),2026,4.584
KAZ,Kazakhstan,KAZ.LUR.pcent_total_labor_force,Unemployment rate (IMF WEO),2027,4.539
KAZ,Kazakhstan,KAZ.LUR.pcent_total_labor_force,Unemployment rate (IMF WEO),2028,4.497
KAZ,Kazakhstan,KAZ.LUR.pcent_total_labor_force,Unemployment rate (IMF WEO),2029,4.45
KAZ,Kazakhstan,KAZ.LUR.pcent_total_labor_force,Unemployment rate (IMF WEO),2030,4.407
KEN,Kenya,KEN.LUR.pcent_total_labor_force,Unemployment rate (IMF WEO),2015,NA
KEN,Kenya,KEN.LUR.pcent_total_labor_force,Unemployment rate (IMF WEO),2016,NA
KEN,Kenya,KEN.LUR.pcent_total_labor_force,Unemployment rate (IMF WEO),2017,NA
KEN,Kenya,KEN.LUR.pcent_total_labor_force,Unemployment rate (IMF WEO),2018,NA
KEN,Kenya,KEN.LUR.pcent_total_labor_force,Unemployment rate (IMF WEO),2019,NA
KEN,Kenya,KEN.LUR.pcent_total_labor_force,Unemployment rate (IMF WEO),2020,NA
KEN,Kenya,KEN.LUR.pcent_total_labor_force,Unemployment rate (IMF WEO),2021,NA
KEN,Kenya,KEN.LUR.pcent_total_labor_force,Unemployment rate (IMF WEO),2022,NA
KEN,Kenya,KEN.LUR.pcent_total_labor_force,Unemployment rate (IMF WEO),2023,NA
KEN,Kenya,KEN.LUR.pcent_total_labor_force,Unemployment rate (IMF WEO),2024,NA
KEN,Kenya,KEN.LUR.pcent_total_labor_force,Unemployment rate (IMF WEO),2025,NA
KEN,Kenya,KEN.LUR.pcent_total_labor_force,Unemployment rate (IMF WEO),2026,NA
KEN,Kenya,KEN.LUR.pcent_total_labor_force,Unemployment rate (IMF WEO),2027,NA
KEN,Kenya,KEN.LUR.pcent_total_labor_force,Unemployment rate (IMF WEO),2028,NA
KEN,Kenya,KEN.LUR.pcent_total_labor_force,Unemployment rate (IMF WEO),2029,NA
KEN,Kenya,KEN.LUR.pcent_total_labor_force,Unemployment rate (IMF WEO),2030,NA
KWT,Kuwait,KWT.LUR.pcent_total_labor_force,Unemployment rate (IMF WEO),2015,NA
KWT,Kuwait,KWT.LUR.pcent_total_labor_force,Unemployment rate (IMF WEO),2016,NA
KWT,Kuwait,KWT.LUR.pcent_total_labor_force,Unemployment rate (IMF WEO),2017,NA
KWT,Kuwait,KWT.LUR.pcent_total_labor_force,Unemployment rate (IMF WEO),2018,NA
KWT,Kuwait,KWT.LUR.pcent_total_labor_force,Unemployment rate (IMF WEO),2019,NA
KWT,Kuwait,KWT.LUR.pcent_total_labor_force,Unemployment rate (IMF WEO),2020,NA
KWT,Kuwait,KWT.LUR.pcent_total_labor_force,Unemployment rate (IMF WEO),2021,NA
KWT,Kuwait,KWT.LUR.pcent_total_labor_force,Unemployment rate (IMF WEO),2022,NA
KWT,Kuwait,KWT.LUR.pcent_total_labor_force,Unemployment rate (IMF WEO),2023,NA
KWT,Kuwait,KWT.LUR.pcent_total_labor_force,Unemployment rate (IMF WEO),2024,NA
KWT,Kuwait,KWT.LUR.pcent_total_labor_force,Unemployment rate (IMF WEO),2025,NA
KWT,Kuwait,KWT.LUR.pcent_total_labor_force,Unemployment rate (IMF WEO),2026,NA
KWT,Kuwait,KWT.LUR.pcent_total_labor_force,Unemployment rate (IMF WEO),2027,NA
KWT,Kuwait,KWT.LUR.pcent_total_labor_force,Unemployment rate (IMF WEO),2028,NA
KWT,Kuwait,KWT.LUR.pcent_total_labor_force,Unemployment rate (IMF WEO),2029,NA
KWT,Kuwait,KWT.LUR.pcent_total_labor_force,Unemployment rate (IMF WEO),2030,NA
LTU,Lithuania,LTU.LUR.pcent_total_labor_force,Unemployment rate (IMF WEO),2015,9.119
LTU,Lithuania,LTU.LUR.pcent_total_labor_force,Unemployment rate (IMF WEO),2016,7.861
LTU,Lithuania,LTU.LUR.pcent_total_labor_force,Unemployment rate (IMF WEO),2017,7.073
LTU,Lithuania,LTU.LUR.pcent_total_labor_force,Unemployment rate (IMF WEO),2018,6.146
LTU,Lithuania,LTU.LUR.pcent_total_labor_force,Unemployment rate (IMF WEO),2019,6.254
LTU,Lithuania,LTU.LUR.pcent_total_labor_force,Unemployment rate (IMF WEO),2020,8.488
LTU,Lithuania,LTU.LUR.pcent_total_labor_force,Unemployment rate (IMF WEO),2021,7.113
LTU,Lithuania,LTU.LUR.pcent_total_labor_force,Unemployment rate (IMF WEO),2022,5.95
LTU,Lithuania,LTU.LUR.pcent_total_labor_force,Unemployment rate (IMF WEO),2023,6.875
LTU,Lithuania,LTU.LUR.pcent_total_labor_force,Unemployment rate (IMF WEO),2024,7.133
LTU,Lithuania,LTU.LUR.pcent_total_labor_force,Unemployment rate (IMF WEO),2025,6.6
LTU,Lithuania,LTU.LUR.pcent_total_labor_force,Unemployment rate (IMF WEO),2026,6.1
LTU,Lithuania,LTU.LUR.pcent_total_labor_force,Unemployment rate (IMF WEO),2027,6.0
LTU,Lithuania,LTU.LUR.pcent_total_labor_force,Unemployment rate (IMF WEO),2028,5.9
LTU,Lithuania,LTU.LUR.pcent_total_labor_force,Unemployment rate (IMF WEO),2029,5.9
LTU,Lithuania,LTU.LUR.pcent_total_labor_force,Unemployment rate (IMF WEO),2030,5.9
LVA,Latvia,LVA.LUR.pcent_total_labor_force,Unemployment rate (IMF WEO),2015,9.875
LVA,Latvia,LVA.LUR.pcent_total_labor_force,Unemployment rate (IMF WEO),2016,9.642
LVA,Latvia,LVA.LUR.pcent_total_labor_force,Unemployment rate (IMF WEO),2017,8.715
LVA,Latvia,LVA.LUR.pcent_total_labor_force,Unemployment rate (IMF WEO),2018,7.415
LVA,Latvia,LVA.LUR.pcent_total_labor_force,Unemployment rate (IMF WEO),2019,6.311
LVA,Latvia,LVA.LUR.pcent_total_labor_force,Unemployment rate (IMF WEO),2020,8.099
LVA,Latvia,LVA.LUR.pcent_total_labor_force,Unemployment rate (IMF WEO),2021,7.557
LVA,Latvia,LVA.LUR.pcent_total_labor_force,Unemployment rate (IMF WEO),2022,6.851
LVA,Latvia,LVA.LUR.pcent_total_labor_force,Unemployment rate (IMF WEO),2023,6.506
LVA,Latvia,LVA.LUR.pcent_total_labor_force,Unemployment rate (IMF WEO),2024,6.927
LVA,Latvia,LVA.LUR.pcent_total_labor_force,Unemployment rate (IMF WEO),2025,6.698
LVA,Latvia,LVA.LUR.pcent_total_labor_force,Unemployment rate (IMF WEO),2026,6.605
LVA,Latvia,LVA.LUR.pcent_total_labor_force,Unemployment rate (IMF WEO),2027,6.566
LVA,Latvia,LVA.LUR.pcent_total_labor_force,Unemployment rate (IMF WEO),2028,6.527
LVA,Latvia,LVA.LUR.pcent_total_labor_force,Unemployment rate (IMF WEO),2029,6.488
LVA,Latvia,LVA.LUR.pcent_total_labor_force,Unemployment rate (IMF WEO),2030,6.394
MAC,Macao,MAC.LUR.pcent_total_labor_force,Unemployment rate (IMF WEO),2015,1.825
MAC,Macao,MAC.LUR.pcent_total_labor_force,Unemployment rate (IMF WEO),2016,1.9
MAC,Macao,MAC.LUR.pcent_total_labor_force,Unemployment rate (IMF WEO),2017,1.975
MAC,Macao,MAC.LUR.pcent_total_labor_force,Unemployment rate (IMF WEO),2018,1.8
MAC,Macao,MAC.LUR.pcent_total_labor_force,Unemployment rate (IMF WEO),2019,1.725
MAC,Macao,MAC.LUR.pcent_total_labor_force,Unemployment rate (IMF WEO),2020,2.55
MAC,Macao,MAC.LUR.pcent_total_labor_force,Unemployment rate (IMF WEO),2021,2.95
MAC,Macao,MAC.LUR.pcent_total_labor_force,Unemployment rate (IMF WEO),2022,3.675
MAC,Macao,MAC.LUR.pcent_total_labor_force,Unemployment rate (IMF WEO),2023,2.65
MAC,Macao,MAC.LUR.pcent_total_labor_force,Unemployment rate (IMF WEO),2024,1.8
MAC,Macao,MAC.LUR.pcent_total_labor_force,Unemployment rate (IMF WEO),2025,1.7
MAC,Macao,MAC.LUR.pcent_total_labor_force,Unemployment rate (IMF WEO),2026,1.7
MAC,Macao,MAC.LUR.pcent_total_labor_force,Unemployment rate (IMF WEO),2027,1.65
MAC,Macao,MAC.LUR.pcent_total_labor_force,Unemployment rate (IMF WEO),2028,1.65
MAC,Macao,MAC.LUR.pcent_total_labor_force,Unemployment rate (IMF WEO),2029,1.65
MAC,Macao,MAC.LUR.pcent_total_labor_force,Unemployment rate (IMF WEO),2030,1.65
MAR,Morocco,MAR.LUR.pcent_total_labor_force,Unemployment rate (IMF WEO),2015,9.7
MAR,Morocco,MAR.LUR.pcent_total_labor_force,Unemployment rate (IMF WEO),2016,9.4
MAR,Morocco,MAR.LUR.pcent_total_labor_force,Unemployment rate (IMF WEO),2017,10.2
MAR,Morocco,MAR.LUR.pcent_total_labor_force,Unemployment rate (IMF WEO),2018,9.5
MAR,Morocco,MAR.LUR.pcent_total_labor_force,Unemployment rate (IMF WEO),2019,9.2
MAR,Morocco,MAR.LUR.pcent_total_labor_force,Unemployment rate (IMF WEO),2020,11.9
MAR,Morocco,MAR.LUR.pcent_total_labor_force,Unemployment rate (IMF WEO),2021,12.3
MAR,Morocco,MAR.LUR.pcent_total_labor_force,Unemployment rate (IMF WEO),2022,11.8
MAR,Morocco,MAR.LUR.pcent_total_labor_force,Unemployment rate (IMF WEO),2023,13.0
MAR,Morocco,MAR.LUR.pcent_total_labor_force,Unemployment rate (IMF WEO),2024,13.3
MAR,Morocco,MAR.LUR.pcent_total_labor_force,Unemployment rate (IMF WEO),2025,13.178
MAR,Morocco,MAR.LUR.pcent_total_labor_force,Unemployment rate (IMF WEO),2026,12.941
MAR,Morocco,MAR.LUR.pcent_total_labor_force,Unemployment rate (IMF WEO),2027,12.393
MAR,Morocco,MAR.LUR.pcent_total_labor_force,Unemployment rate (IMF WEO),2028,12.123
MAR,Morocco,MAR.LUR.pcent_total_labor_force,Unemployment rate (IMF WEO),2029,11.9
MAR,Morocco,MAR.LUR.pcent_total_labor_force,Unemployment rate (IMF WEO),2030,11.766
MEX,Mexico,MEX.LUR.pcent_total_labor_force,Unemployment rate (IMF WEO),2015,4.346
MEX,Mexico,MEX.LUR.pcent_total_labor_force,Unemployment rate (IMF WEO),2016,3.874
MEX,Mexico,MEX.LUR.pcent_total_labor_force,Unemployment rate (IMF WEO),2017,3.419
MEX,Mexico,MEX.LUR.pcent_total_labor_force,Unemployment rate (IMF WEO),2018,3.321
MEX,Mexico,MEX.LUR.pcent_total_labor_force,Unemployment rate (IMF WEO),2019,3.489
MEX,Mexico,MEX.LUR.pcent_total_labor_force,Unemployment rate (IMF WEO),2020,4.407
MEX,Mexico,MEX.LUR.pcent_total_labor_force,Unemployment rate (IMF WEO),2021,4.141
MEX,Mexico,MEX.LUR.pcent_total_labor_force,Unemployment rate (IMF WEO),2022,3.274
MEX,Mexico,MEX.LUR.pcent_total_labor_force,Unemployment rate (IMF WEO),2023,2.797
MEX,Mexico,MEX.LUR.pcent_total_labor_force,Unemployment rate (IMF WEO),2024,2.668
MEX,Mexico,MEX.LUR.pcent_total_labor_force,Unemployment rate (IMF WEO),2025,3.845
MEX,Mexico,MEX.LUR.pcent_total_labor_force,Unemployment rate (IMF WEO),2026,3.788
MEX,Mexico,MEX.LUR.pcent_total_labor_force,Unemployment rate (IMF WEO),2027,3.681
MEX,Mexico,MEX.LUR.pcent_total_labor_force,Unemployment rate (IMF WEO),2028,3.623
MEX,Mexico,MEX.LUR.pcent_total_labor_force,Unemployment rate (IMF WEO),2029,3.592
MEX,Mexico,MEX.LUR.pcent_total_labor_force,Unemployment rate (IMF WEO),2030,3.581
MKD,North Macedonia,MKD.LUR.pcent_total_labor_force,Unemployment rate (IMF WEO),2015,26.05
MKD,North Macedonia,MKD.LUR.pcent_total_labor_force,Unemployment rate (IMF WEO),2016,23.75
MKD,North Macedonia,MKD.LUR.pcent_total_labor_force,Unemployment rate (IMF WEO),2017,22.275
MKD,North Macedonia,MKD.LUR.pcent_total_labor_force,Unemployment rate (IMF WEO),2018,20.6
MKD,North Macedonia,MKD.LUR.pcent_total_labor_force,Unemployment rate (IMF WEO),2019,17.15
MKD,North Macedonia,MKD.LUR.pcent_total_labor_force,Unemployment rate (IMF WEO),2020,16.15
MKD,North Macedonia,MKD.LUR.pcent_total_labor_force,Unemployment rate (IMF WEO),2021,15.425
MKD,North Macedonia,MKD.LUR.pcent_total_labor_force,Unemployment rate (IMF WEO),2022,14.375
MKD,North Macedonia,MKD.LUR.pcent_total_labor_force,Unemployment rate (IMF WEO),2023,13.05
MKD,North Macedonia,MKD.LUR.pcent_total_labor_force,Unemployment rate (IMF WEO),2024,13.01
MKD,North Macedonia,MKD.LUR.pcent_total_labor_force,Unemployment rate (IMF WEO),2025,12.841
MKD,North Macedonia,MKD.LUR.pcent_total_labor_force,Unemployment rate (IMF WEO),2026,12.7
MKD,North Macedonia,MKD.LUR.pcent_total_labor_force,Unemployment rate (IMF WEO),2027,12.5
MKD,North Macedonia,MKD.LUR.pcent_total_labor_force,Unemployment rate (IMF WEO),2028,12.4
MKD,North Macedonia,MKD.LUR.pcent_total_labor_force,Unemployment rate (IMF WEO),2029,12.2
MKD,North Macedonia,MKD.LUR.pcent_total_labor_force,Unemployment rate (IMF WEO),2030,12.1
MNE,Montenegro,MNE.LUR.pcent_total_labor_force,Unemployment rate (IMF WEO),2015,NA
MNE,Montenegro,MNE.LUR.pcent_total_labor_force,Unemployment rate (IMF WEO),2016,NA
MNE,Montenegro,MNE.LUR.pcent_total_labor_force,Unemployment rate (IMF WEO),2017,NA
MNE,Montenegro,MNE.LUR.pcent_total_labor_force,Unemployment rate (IMF WEO),2018,NA
MNE,Montenegro,MNE.LUR.pcent_total_labor_force,Unemployment rate (IMF WEO),2019,NA
MNE,Montenegro,MNE.LUR.pcent_total_labor_force,Unemployment rate (IMF WEO),2020,NA
MNE,Montenegro,MNE.LUR.pcent_total_labor_force,Unemployment rate (IMF WEO),2021,NA
MNE,Montenegro,MNE.LUR.pcent_total_labor_force,Unemployment rate (IMF WEO),2022,NA
MNE,Montenegro,MNE.LUR.pcent_total_labor_force,Unemployment rate (IMF WEO),2023,NA
MNE,Montenegro,MNE.LUR.pcent_total_labor_force,Unemployment rate (IMF WEO),2024,NA
MNE,Montenegro,MNE.LUR.pcent_total_labor_force,Unemployment rate (IMF WEO),2025,NA
MNE,Montenegro,MNE.LUR.pcent_total_labor_force,Unemployment rate (IMF WEO),2026,NA
MNE,Montenegro,MNE.LUR.pcent_total_labor_force,Unemployment rate (IMF WEO),2027,NA
MNE,Montenegro,MNE.LUR.pcent_total_labor_force,Unemployment rate (IMF WEO),2028,NA
MNE,Montenegro,MNE.LUR.pcent_total_labor_force,Unemployment rate (IMF WEO),2029,NA
MNE,Montenegro,MNE.LUR.pcent_total_labor_force,Unemployment rate (IMF WEO),2030,NA
MYS,Malaysia,MYS.LUR.pcent_total_labor_force,Unemployment rate (IMF WEO),2015,3.15
MYS,Malaysia,MYS.LUR.pcent_total_labor_force,Unemployment rate (IMF WEO),2016,3.45
MYS,Malaysia,MYS.LUR.pcent_total_labor_force,Unemployment rate (IMF WEO),2017,3.425
MYS,Malaysia,MYS.LUR.pcent_total_labor_force,Unemployment rate (IMF WEO),2018,3.325
MYS,Malaysia,MYS.LUR.pcent_total_labor_force,Unemployment rate (IMF WEO),2019,3.275
MYS,Malaysia,MYS.LUR.pcent_total_labor_force,Unemployment rate (IMF WEO),2020,4.525
MYS,Malaysia,MYS.LUR.pcent_total_labor_force,Unemployment rate (IMF WEO),2021,4.6
MYS,Malaysia,MYS.LUR.pcent_total_labor_force,Unemployment rate (IMF WEO),2022,3.9
MYS,Malaysia,MYS.LUR.pcent_total_labor_force,Unemployment rate (IMF WEO),2023,3.2
MYS,Malaysia,MYS.LUR.pcent_total_labor_force,Unemployment rate (IMF WEO),2024,3.2
MYS,Malaysia,MYS.LUR.pcent_total_labor_force,Unemployment rate (IMF WEO),2025,3.2
MYS,Malaysia,MYS.LUR.pcent_total_labor_force,Unemployment rate (IMF WEO),2026,3.2
MYS,Malaysia,MYS.LUR.pcent_total_labor_force,Unemployment rate (IMF WEO),2027,3.2
MYS,Malaysia,MYS.LUR.pcent_total_labor_force,Unemployment rate (IMF WEO),2028,3.2
MYS,Malaysia,MYS.LUR.pcent_total_labor_force,Unemployment rate (IMF WEO),2029,3.2
MYS,Malaysia,MYS.LUR.pcent_total_labor_force,Unemployment rate (IMF WEO),2030,3.2
NLD,Netherlands,NLD.LUR.pcent_total_labor_force,Unemployment rate (IMF WEO),2015,7.887
NLD,Netherlands,NLD.LUR.pcent_total_labor_force,Unemployment rate (IMF WEO),2016,7.005
NLD,Netherlands,NLD.LUR.pcent_total_labor_force,Unemployment rate (IMF WEO),2017,5.873
NLD,Netherlands,NLD.LUR.pcent_total_labor_force,Unemployment rate (IMF WEO),2018,4.881
NLD,Netherlands,NLD.LUR.pcent_total_labor_force,Unemployment rate (IMF WEO),2019,4.436
NLD,Netherlands,NLD.LUR.pcent_total_labor_force,Unemployment rate (IMF WEO),2020,4.851
NLD,Netherlands,NLD.LUR.pcent_total_labor_force,Unemployment rate (IMF WEO),2021,4.226
NLD,Netherlands,NLD.LUR.pcent_total_labor_force,Unemployment rate (IMF WEO),2022,3.537
NLD,Netherlands,NLD.LUR.pcent_total_labor_force,Unemployment rate (IMF WEO),2023,3.553
NLD,Netherlands,NLD.LUR.pcent_total_labor_force,Unemployment rate (IMF WEO),2024,3.659
NLD,Netherlands,NLD.LUR.pcent_total_labor_force,Unemployment rate (IMF WEO),2025,3.839
NLD,Netherlands,NLD.LUR.pcent_total_labor_force,Unemployment rate (IMF WEO),2026,4.014
NLD,Netherlands,NLD.LUR.pcent_total_labor_force,Unemployment rate (IMF WEO),2027,4.188
NLD,Netherlands,NLD.LUR.pcent_total_labor_force,Unemployment rate (IMF WEO),2028,4.333
NLD,Netherlands,NLD.LUR.pcent_total_labor_force,Unemployment rate (IMF WEO),2029,4.421
NLD,Netherlands,NLD.LUR.pcent_total_labor_force,Unemployment rate (IMF WEO),2030,4.5
NOR,Norway,NOR.LUR.pcent_total_labor_force,Unemployment rate (IMF WEO),2015,4.531
NOR,Norway,NOR.LUR.pcent_total_labor_force,Unemployment rate (IMF WEO),2016,4.74
NOR,Norway,NOR.LUR.pcent_total_labor_force,Unemployment rate (IMF WEO),2017,4.216
NOR,Norway,NOR.LUR.pcent_total_labor_force,Unemployment rate (IMF WEO),2018,3.854
NOR,Norway,NOR.LUR.pcent_total_labor_force,Unemployment rate (IMF WEO),2019,3.728
NOR,Norway,NOR.LUR.pcent_total_labor_force,Unemployment rate (IMF WEO),2020,4.595
NOR,Norway,NOR.LUR.pcent_total_labor_force,Unemployment rate (IMF WEO),2021,4.41
NOR,Norway,NOR.LUR.pcent_total_labor_force,Unemployment rate (IMF WEO),2022,3.252
NOR,Norway,NOR.LUR.pcent_total_labor_force,Unemployment rate (IMF WEO),2023,3.595
NOR,Norway,NOR.LUR.pcent_total_labor_force,Unemployment rate (IMF WEO),2024,4.013
NOR,Norway,NOR.LUR.pcent_total_labor_force,Unemployment rate (IMF WEO),2025,3.924
NOR,Norway,NOR.LUR.pcent_total_labor_force,Unemployment rate (IMF WEO),2026,3.862
NOR,Norway,NOR.LUR.pcent_total_labor_force,Unemployment rate (IMF WEO),2027,3.822
NOR,Norway,NOR.LUR.pcent_total_labor_force,Unemployment rate (IMF WEO),2028,3.782
NOR,Norway,NOR.LUR.pcent_total_labor_force,Unemployment rate (IMF WEO),2029,3.782
NOR,Norway,NOR.LUR.pcent_total_labor_force,Unemployment rate (IMF WEO),2030,3.782
NZL,New Zealand,NZL.LUR.pcent_total_labor_force,Unemployment rate (IMF WEO),2015,5.425
NZL,New Zealand,NZL.LUR.pcent_total_labor_force,Unemployment rate (IMF WEO),2016,5.175
NZL,New Zealand,NZL.LUR.pcent_total_labor_force,Unemployment rate (IMF WEO),2017,4.75
NZL,New Zealand,NZL.LUR.pcent_total_labor_force,Unemployment rate (IMF WEO),2018,4.325
NZL,New Zealand,NZL.LUR.pcent_total_labor_force,Unemployment rate (IMF WEO),2019,4.1
NZL,New Zealand,NZL.LUR.pcent_total_labor_force,Unemployment rate (IMF WEO),2020,4.6
NZL,New Zealand,NZL.LUR.pcent_total_labor_force,Unemployment rate (IMF WEO),2021,3.775
NZL,New Zealand,NZL.LUR.pcent_total_labor_force,Unemployment rate (IMF WEO),2022,3.3
NZL,New Zealand,NZL.LUR.pcent_total_labor_force,Unemployment rate (IMF WEO),2023,3.725
NZL,New Zealand,NZL.LUR.pcent_total_labor_force,Unemployment rate (IMF WEO),2024,4.725
NZL,New Zealand,NZL.LUR.pcent_total_labor_force,Unemployment rate (IMF WEO),2025,5.337
NZL,New Zealand,NZL.LUR.pcent_total_labor_force,Unemployment rate (IMF WEO),2026,5.283
NZL,New Zealand,NZL.LUR.pcent_total_labor_force,Unemployment rate (IMF WEO),2027,4.717
NZL,New Zealand,NZL.LUR.pcent_total_labor_force,Unemployment rate (IMF WEO),2028,4.453
NZL,New Zealand,NZL.LUR.pcent_total_labor_force,Unemployment rate (IMF WEO),2029,4.468
NZL,New Zealand,NZL.LUR.pcent_total_labor_force,Unemployment rate (IMF WEO),2030,4.448
OMN,Oman,OMN.LUR.pcent_total_labor_force,Unemployment rate (IMF WEO),2015,NA
OMN,Oman,OMN.LUR.pcent_total_labor_force,Unemployment rate (IMF WEO),2016,NA
OMN,Oman,OMN.LUR.pcent_total_labor_force,Unemployment rate (IMF WEO),2017,NA
OMN,Oman,OMN.LUR.pcent_total_labor_force,Unemployment rate (IMF WEO),2018,NA
OMN,Oman,OMN.LUR.pcent_total_labor_force,Unemployment rate (IMF WEO),2019,NA
OMN,Oman,OMN.LUR.pcent_total_labor_force,Unemployment rate (IMF WEO),2020,NA
OMN,Oman,OMN.LUR.pcent_total_labor_force,Unemployment rate (IMF WEO),2021,NA
OMN,Oman,OMN.LUR.pcent_total_labor_force,Unemployment rate (IMF WEO),2022,NA
OMN,Oman,OMN.LUR.pcent_total_labor_force,Unemployment rate (IMF WEO),2023,NA
OMN,Oman,OMN.LUR.pcent_total_labor_force,Unemployment rate (IMF WEO),2024,NA
OMN,Oman,OMN.LUR.pcent_total_labor_force,Unemployment rate (IMF WEO),2025,NA
OMN,Oman,OMN.LUR.pcent_total_labor_force,Unemployment rate (IMF WEO),2026,NA
OMN,Oman,OMN.LUR.pcent_total_labor_force,Unemployment rate (IMF WEO),2027,NA
OMN,Oman,OMN.LUR.pcent_total_labor_force,Unemployment rate (IMF WEO),2028,NA
OMN,Oman,OMN.LUR.pcent_total_labor_force,Unemployment rate (IMF WEO),2029,NA
OMN,Oman,OMN.LUR.pcent_total_labor_force,Unemployment rate (IMF WEO),2030,NA
PHL,Philippines,PHL.LUR.pcent_total_labor_force,Unemployment rate (IMF WEO),2015,6.275
PHL,Philippines,PHL.LUR.pcent_total_labor_force,Unemployment rate (IMF WEO),2016,5.475
PHL,Philippines,PHL.LUR.pcent_total_labor_force,Unemployment rate (IMF WEO),2017,5.725
PHL,Philippines,PHL.LUR.pcent_total_labor_force,Unemployment rate (IMF WEO),2018,5.325
PHL,Philippines,PHL.LUR.pcent_total_labor_force,Unemployment rate (IMF WEO),2019,5.1
PHL,Philippines,PHL.LUR.pcent_total_labor_force,Unemployment rate (IMF WEO),2020,10.4
PHL,Philippines,PHL.LUR.pcent_total_labor_force,Unemployment rate (IMF WEO),2021,7.783
PHL,Philippines,PHL.LUR.pcent_total_labor_force,Unemployment rate (IMF WEO),2022,5.4
PHL,Philippines,PHL.LUR.pcent_total_labor_force,Unemployment rate (IMF WEO),2023,4.358
PHL,Philippines,PHL.LUR.pcent_total_labor_force,Unemployment rate (IMF WEO),2024,3.808
PHL,Philippines,PHL.LUR.pcent_total_labor_force,Unemployment rate (IMF WEO),2025,4.483
PHL,Philippines,PHL.LUR.pcent_total_labor_force,Unemployment rate (IMF WEO),2026,4.483
PHL,Philippines,PHL.LUR.pcent_total_labor_force,Unemployment rate (IMF WEO),2027,4.483
PHL,Philippines,PHL.LUR.pcent_total_labor_force,Unemployment rate (IMF WEO),2028,4.483
PHL,Philippines,PHL.LUR.pcent_total_labor_force,Unemployment rate (IMF WEO),2029,4.483
PHL,Philippines,PHL.LUR.pcent_total_labor_force,Unemployment rate (IMF WEO),2030,4.483
POL,Poland,POL.LUR.pcent_total_labor_force,Unemployment rate (IMF WEO),2015,7.499
POL,Poland,POL.LUR.pcent_total_labor_force,Unemployment rate (IMF WEO),2016,6.161
POL,Poland,POL.LUR.pcent_total_labor_force,Unemployment rate (IMF WEO),2017,4.888
POL,Poland,POL.LUR.pcent_total_labor_force,Unemployment rate (IMF WEO),2018,3.846
POL,Poland,POL.LUR.pcent_total_labor_force,Unemployment rate (IMF WEO),2019,3.279
POL,Poland,POL.LUR.pcent_total_labor_force,Unemployment rate (IMF WEO),2020,3.163
POL,Poland,POL.LUR.pcent_total_labor_force,Unemployment rate (IMF WEO),2021,3.373
POL,Poland,POL.LUR.pcent_total_labor_force,Unemployment rate (IMF WEO),2022,2.874
POL,Poland,POL.LUR.pcent_total_labor_force,Unemployment rate (IMF WEO),2023,2.82
POL,Poland,POL.LUR.pcent_total_labor_force,Unemployment rate (IMF WEO),2024,2.75
POL,Poland,POL.LUR.pcent_total_labor_force,Unemployment rate (IMF WEO),2025,2.896
POL,Poland,POL.LUR.pcent_total_labor_force,Unemployment rate (IMF WEO),2026,3.042
POL,Poland,POL.LUR.pcent_total_labor_force,Unemployment rate (IMF WEO),2027,3.042
POL,Poland,POL.LUR.pcent_total_labor_force,Unemployment rate (IMF WEO),2028,3.188
POL,Poland,POL.LUR.pcent_total_labor_force,Unemployment rate (IMF WEO),2029,3.334
POL,Poland,POL.LUR.pcent_total_labor_force,Unemployment rate (IMF WEO),2030,3.382
QAT,Qatar,QAT.LUR.pcent_total_labor_force,Unemployment rate (IMF WEO),2015,NA
QAT,Qatar,QAT.LUR.pcent_total_labor_force,Unemployment rate (IMF WEO),2016,NA
QAT,Qatar,QAT.LUR.pcent_total_labor_force,Unemployment rate (IMF WEO),2017,NA
QAT,Qatar,QAT.LUR.pcent_total_labor_force,Unemployment rate (IMF WEO),2018,NA
QAT,Qatar,QAT.LUR.pcent_total_labor_force,Unemployment rate (IMF WEO),2019,NA
QAT,Qatar,QAT.LUR.pcent_total_labor_force,Unemployment rate (IMF WEO),2020,NA
QAT,Qatar,QAT.LUR.pcent_total_labor_force,Unemployment rate (IMF WEO),2021,NA
QAT,Qatar,QAT.LUR.pcent_total_labor_force,Unemployment rate (IMF WEO),2022,NA
QAT,Qatar,QAT.LUR.pcent_total_labor_force,Unemployment rate (IMF WEO),2023,NA
QAT,Qatar,QAT.LUR.pcent_total_labor_force,Unemployment rate (IMF WEO),2024,NA
QAT,Qatar,QAT.LUR.pcent_total_labor_force,Unemployment rate (IMF WEO),2025,NA
QAT,Qatar,QAT.LUR.pcent_total_labor_force,Unemployment rate (IMF WEO),2026,NA
QAT,Qatar,QAT.LUR.pcent_total_labor_force,Unemployment rate (IMF WEO),2027,NA
QAT,Qatar,QAT.LUR.pcent_total_labor_force,Unemployment rate (IMF WEO),2028,NA
QAT,Qatar,QAT.LUR.pcent_total_labor_force,Unemployment rate (IMF WEO),2029,NA
QAT,Qatar,QAT.LUR.pcent_total_labor_force,Unemployment rate (IMF WEO),2030,NA
ROU,Romania,ROU.LUR.pcent_total_labor_force,Unemployment rate (IMF WEO),2015,8.392
ROU,Romania,ROU.LUR.pcent_total_labor_force,Unemployment rate (IMF WEO),2016,7.2
ROU,Romania,ROU.LUR.pcent_total_labor_force,Unemployment rate (IMF WEO),2017,6.092
ROU,Romania,ROU.LUR.pcent_total_labor_force,Unemployment rate (IMF WEO),2018,5.25
ROU,Romania,ROU.LUR.pcent_total_labor_force,Unemployment rate (IMF WEO),2019,4.892
ROU,Romania,ROU.LUR.pcent_total_labor_force,Unemployment rate (IMF WEO),2020,6.075
ROU,Romania,ROU.LUR.pcent_total_labor_force,Unemployment rate (IMF WEO),2021,5.608
ROU,Romania,ROU.LUR.pcent_total_labor_force,Unemployment rate (IMF WEO),2022,5.625
ROU,Romania,ROU.LUR.pcent_total_labor_force,Unemployment rate (IMF WEO),2023,5.567
ROU,Romania,ROU.LUR.pcent_total_labor_force,Unemployment rate (IMF WEO),2024,5.433
ROU,Romania,ROU.LUR.pcent_total_labor_force,Unemployment rate (IMF WEO),2025,5.4
ROU,Romania,ROU.LUR.pcent_total_labor_force,Unemployment rate (IMF WEO),2026,5.2
ROU,Romania,ROU.LUR.pcent_total_labor_force,Unemployment rate (IMF WEO),2027,5.1
ROU,Romania,ROU.LUR.pcent_total_labor_force,Unemployment rate (IMF WEO),2028,5.1
ROU,Romania,ROU.LUR.pcent_total_labor_force,Unemployment rate (IMF WEO),2029,5.0
ROU,Romania,ROU.LUR.pcent_total_labor_force,Unemployment rate (IMF WEO),2030,4.8
RUS,Russia,RUS.LUR.pcent_total_labor_force,Unemployment rate (IMF WEO),2015,5.575
RUS,Russia,RUS.LUR.pcent_total_labor_force,Unemployment rate (IMF WEO),2016,5.525
RUS,Russia,RUS.LUR.pcent_total_labor_force,Unemployment rate (IMF WEO),2017,5.2
RUS,Russia,RUS.LUR.pcent_total_labor_force,Unemployment rate (IMF WEO),2018,4.8
RUS,Russia,RUS.LUR.pcent_total_labor_force,Unemployment rate (IMF WEO),2019,4.6
RUS,Russia,RUS.LUR.pcent_total_labor_force,Unemployment rate (IMF WEO),2020,5.767
RUS,Russia,RUS.LUR.pcent_total_labor_force,Unemployment rate (IMF WEO),2021,4.833
RUS,Russia,RUS.LUR.pcent_total_labor_force,Unemployment rate (IMF WEO),2022,3.95
RUS,Russia,RUS.LUR.pcent_total_labor_force,Unemployment rate (IMF WEO),2023,3.167
RUS,Russia,RUS.LUR.pcent_total_labor_force,Unemployment rate (IMF WEO),2024,2.516
RUS,Russia,RUS.LUR.pcent_total_labor_force,Unemployment rate (IMF WEO),2025,2.777
RUS,Russia,RUS.LUR.pcent_total_labor_force,Unemployment rate (IMF WEO),2026,3.539
RUS,Russia,RUS.LUR.pcent_total_labor_force,Unemployment rate (IMF WEO),2027,4.088
RUS,Russia,RUS.LUR.pcent_total_labor_force,Unemployment rate (IMF WEO),2028,4.203
RUS,Russia,RUS.LUR.pcent_total_labor_force,Unemployment rate (IMF WEO),2029,4.203
RUS,Russia,RUS.LUR.pcent_total_labor_force,Unemployment rate (IMF WEO),2030,4.203
SAU,Saudi Arabia,SAU.LUR.pcent_total_labor_force,Unemployment rate (IMF WEO),2015,5.591
SAU,Saudi Arabia,SAU.LUR.pcent_total_labor_force,Unemployment rate (IMF WEO),2016,5.6
SAU,Saudi Arabia,SAU.LUR.pcent_total_labor_force,Unemployment rate (IMF WEO),2017,5.9
SAU,Saudi Arabia,SAU.LUR.pcent_total_labor_force,Unemployment rate (IMF WEO),2018,6.025
SAU,Saudi Arabia,SAU.LUR.pcent_total_labor_force,Unemployment rate (IMF WEO),2019,5.625
SAU,Saudi Arabia,SAU.LUR.pcent_total_labor_force,Unemployment rate (IMF WEO),2020,7.65
SAU,Saudi Arabia,SAU.LUR.pcent_total_labor_force,Unemployment rate (IMF WEO),2021,6.125
SAU,Saudi Arabia,SAU.LUR.pcent_total_labor_force,Unemployment rate (IMF WEO),2022,4.875
SAU,Saudi Arabia,SAU.LUR.pcent_total_labor_force,Unemployment rate (IMF WEO),2023,4.0
SAU,Saudi Arabia,SAU.LUR.pcent_total_labor_force,Unemployment rate (IMF WEO),2024,3.5
SAU,Saudi Arabia,SAU.LUR.pcent_total_labor_force,Unemployment rate (IMF WEO),2025,NA
SAU,Saudi Arabia,SAU.LUR.pcent_total_labor_force,Unemployment rate (IMF WEO),2026,NA
SAU,Saudi Arabia,SAU.LUR.pcent_total_labor_force,Unemployment rate (IMF WEO),2027,NA
SAU,Saudi Arabia,SAU.LUR.pcent_total_labor_force,Unemployment rate (IMF WEO),2028,NA
SAU,Saudi Arabia,SAU.LUR.pcent_total_labor_force,Unemployment rate (IMF WEO),2029,NA
SAU,Saudi Arabia,SAU.LUR.pcent_total_labor_force,Unemployment rate (IMF WEO),2030,NA
SGP,Singapore,SGP.LUR.pcent_total_labor_force,Unemployment rate (IMF WEO),2015,1.9
SGP,Singapore,SGP.LUR.pcent_total_labor_force,Unemployment rate (IMF WEO),2016,2.075
SGP,Singapore,SGP.LUR.pcent_total_labor_force,Unemployment rate (IMF WEO),2017,2.175
SGP,Singapore,SGP.LUR.pcent_total_labor_force,Unemployment rate (IMF WEO),2018,2.1
SGP,Singapore,SGP.LUR.pcent_total_labor_force,Unemployment rate (IMF WEO),2019,2.25
SGP,Singapore,SGP.LUR.pcent_total_labor_force,Unemployment rate (IMF WEO),2020,3.0
SGP,Singapore,SGP.LUR.pcent_total_labor_force,Unemployment rate (IMF WEO),2021,2.65
SGP,Singapore,SGP.LUR.pcent_total_labor_force,Unemployment rate (IMF WEO),2022,2.1
SGP,Singapore,SGP.LUR.pcent_total_labor_force,Unemployment rate (IMF WEO),2023,1.925
SGP,Singapore,SGP.LUR.pcent_total_labor_force,Unemployment rate (IMF WEO),2024,1.95
SGP,Singapore,SGP.LUR.pcent_total_labor_force,Unemployment rate (IMF WEO),2025,1.97
SGP,Singapore,SGP.LUR.pcent_total_labor_force,Unemployment rate (IMF WEO),2026,1.93
SGP,Singapore,SGP.LUR.pcent_total_labor_force,Unemployment rate (IMF WEO),2027,1.9
SGP,Singapore,SGP.LUR.pcent_total_labor_force,Unemployment rate (IMF WEO),2028,1.9
SGP,Singapore,SGP.LUR.pcent_total_labor_force,Unemployment rate (IMF WEO),2029,1.9
SGP,Singapore,SGP.LUR.pcent_total_labor_force,Unemployment rate (IMF WEO),2030,1.9
SRB,Serbia,SRB.LUR.pcent_total_labor_force,Unemployment rate (IMF WEO),2015,18.931
SRB,Serbia,SRB.LUR.pcent_total_labor_force,Unemployment rate (IMF WEO),2016,16.387
SRB,Serbia,SRB.LUR.pcent_total_labor_force,Unemployment rate (IMF WEO),2017,14.499
SRB,Serbia,SRB.LUR.pcent_total_labor_force,Unemployment rate (IMF WEO),2018,13.679
SRB,Serbia,SRB.LUR.pcent_total_labor_force,Unemployment rate (IMF WEO),2019,11.267
SRB,Serbia,SRB.LUR.pcent_total_labor_force,Unemployment rate (IMF WEO),2020,9.712
SRB,Serbia,SRB.LUR.pcent_total_labor_force,Unemployment rate (IMF WEO),2021,11.107
SRB,Serbia,SRB.LUR.pcent_total_labor_force,Unemployment rate (IMF WEO),2022,9.513
SRB,Serbia,SRB.LUR.pcent_total_labor_force,Unemployment rate (IMF WEO),2023,9.428
SRB,Serbia,SRB.LUR.pcent_total_labor_force,Unemployment rate (IMF WEO),2024,8.575
SRB,Serbia,SRB.LUR.pcent_total_labor_force,Unemployment rate (IMF WEO),2025,8.483
SRB,Serbia,SRB.LUR.pcent_total_labor_force,Unemployment rate (IMF WEO),2026,8.38
SRB,Serbia,SRB.LUR.pcent_total_labor_force,Unemployment rate (IMF WEO),2027,8.275
SRB,Serbia,SRB.LUR.pcent_total_labor_force,Unemployment rate (IMF WEO),2028,8.185
SRB,Serbia,SRB.LUR.pcent_total_labor_force,Unemployment rate (IMF WEO),2029,8.088
SRB,Serbia,SRB.LUR.pcent_total_labor_force,Unemployment rate (IMF WEO),2030,7.993
SWE,Sweden,SWE.LUR.pcent_total_labor_force,Unemployment rate (IMF WEO),2015,7.517
SWE,Sweden,SWE.LUR.pcent_total_labor_force,Unemployment rate (IMF WEO),2016,7.058
SWE,Sweden,SWE.LUR.pcent_total_labor_force,Unemployment rate (IMF WEO),2017,6.783
SWE,Sweden,SWE.LUR.pcent_total_labor_force,Unemployment rate (IMF WEO),2018,6.433
SWE,Sweden,SWE.LUR.pcent_total_labor_force,Unemployment rate (IMF WEO),2019,6.908
SWE,Sweden,SWE.LUR.pcent_total_labor_force,Unemployment rate (IMF WEO),2020,8.483
SWE,Sweden,SWE.LUR.pcent_total_labor_force,Unemployment rate (IMF WEO),2021,8.892
SWE,Sweden,SWE.LUR.pcent_total_labor_force,Unemployment rate (IMF WEO),2022,7.483
SWE,Sweden,SWE.LUR.pcent_total_labor_force,Unemployment rate (IMF WEO),2023,7.667
SWE,Sweden,SWE.LUR.pcent_total_labor_force,Unemployment rate (IMF WEO),2024,8.35
SWE,Sweden,SWE.LUR.pcent_total_labor_force,Unemployment rate (IMF WEO),2025,8.225
SWE,Sweden,SWE.LUR.pcent_total_labor_force,Unemployment rate (IMF WEO),2026,8.0
SWE,Sweden,SWE.LUR.pcent_total_labor_force,Unemployment rate (IMF WEO),2027,7.85
SWE,Sweden,SWE.LUR.pcent_total_labor_force,Unemployment rate (IMF WEO),2028,7.7
SWE,Sweden,SWE.LUR.pcent_total_labor_force,Unemployment rate (IMF WEO),2029,7.55
SWE,Sweden,SWE.LUR.pcent_total_labor_force,Unemployment rate (IMF WEO),2030,7.45
THA,Thailand,THA.LUR.pcent_total_labor_force,Unemployment rate (IMF WEO),2015,0.9
THA,Thailand,THA.LUR.pcent_total_labor_force,Unemployment rate (IMF WEO),2016,1.0
THA,Thailand,THA.LUR.pcent_total_labor_force,Unemployment rate (IMF WEO),2017,1.2
THA,Thailand,THA.LUR.pcent_total_labor_force,Unemployment rate (IMF WEO),2018,1.1
THA,Thailand,THA.LUR.pcent_total_labor_force,Unemployment rate (IMF WEO),2019,1.0
THA,Thailand,THA.LUR.pcent_total_labor_force,Unemployment rate (IMF WEO),2020,1.7
THA,Thailand,THA.LUR.pcent_total_labor_force,Unemployment rate (IMF WEO),2021,1.9
THA,Thailand,THA.LUR.pcent_total_labor_force,Unemployment rate (IMF WEO),2022,1.3
THA,Thailand,THA.LUR.pcent_total_labor_force,Unemployment rate (IMF WEO),2023,1.0
THA,Thailand,THA.LUR.pcent_total_labor_force,Unemployment rate (IMF WEO),2024,1.0
THA,Thailand,THA.LUR.pcent_total_labor_force,Unemployment rate (IMF WEO),2025,1.0
THA,Thailand,THA.LUR.pcent_total_labor_force,Unemployment rate (IMF WEO),2026,1.0
THA,Thailand,THA.LUR.pcent_total_labor_force,Unemployment rate (IMF WEO),2027,1.0
THA,Thailand,THA.LUR.pcent_total_labor_force,Unemployment rate (IMF WEO),2028,1.0
THA,Thailand,THA.LUR.pcent_total_labor_force,Unemployment rate (IMF WEO),2029,1.0
THA,Thailand,THA.LUR.pcent_total_labor_force,Unemployment rate (IMF WEO),2030,1.0
TUN,Tunisia,TUN.LUR.pcent_total_labor_force,Unemployment rate (IMF WEO),2015,15.39
TUN,Tunisia,TUN.LUR.pcent_total_labor_force,Unemployment rate (IMF WEO),2016,15.544
TUN,Tunisia,TUN.LUR.pcent_total_labor_force,Unemployment rate (IMF WEO),2017,15.513
TUN,Tunisia,TUN.LUR.pcent_total_labor_force,Unemployment rate (IMF WEO),2018,15.53
TUN,Tunisia,TUN.LUR.pcent_total_labor_force,Unemployment rate (IMF WEO),2019,14.889
TUN,Tunisia,TUN.LUR.pcent_total_labor_force,Unemployment rate (IMF WEO),2020,17.4
TUN,Tunisia,TUN.LUR.pcent_total_labor_force,Unemployment rate (IMF WEO),2021,16.2
TUN,Tunisia,TUN.LUR.pcent_total_labor_force,Unemployment rate (IMF WEO),2022,15.2
TUN,Tunisia,TUN.LUR.pcent_total_labor_force,Unemployment rate (IMF WEO),2023,16.4
TUN,Tunisia,TUN.LUR.pcent_total_labor_force,Unemployment rate (IMF WEO),2024,NA
TUN,Tunisia,TUN.LUR.pcent_total_labor_force,Unemployment rate (IMF WEO),2025,NA
TUN,Tunisia,TUN.LUR.pcent_total_labor_force,Unemployment rate (IMF WEO),2026,NA
TUN,Tunisia,TUN.LUR.pcent_total_labor_force,Unemployment rate (IMF WEO),2027,NA
TUN,Tunisia,TUN.LUR.pcent_total_labor_force,Unemployment rate (IMF WEO),2028,NA
TUN,Tunisia,TUN.LUR.pcent_total_labor_force,Unemployment rate (IMF WEO),2029,NA
TUN,Tunisia,TUN.LUR.pcent_total_labor_force,Unemployment rate (IMF WEO),2030,NA
TUR,Türkiye,TUR.LUR.pcent_total_labor_force,Unemployment rate (IMF WEO),2015,10.3
TUR,Türkiye,TUR.LUR.pcent_total_labor_force,Unemployment rate (IMF WEO),2016,10.9
TUR,Türkiye,TUR.LUR.pcent_total_labor_force,Unemployment rate (IMF WEO),2017,10.9
TUR,Türkiye,TUR.LUR.pcent_total_labor_force,Unemployment rate (IMF WEO),2018,10.9
TUR,Türkiye,TUR.LUR.pcent_total_labor_force,Unemployment rate (IMF WEO),2019,13.7
TUR,Türkiye,TUR.LUR.pcent_total_labor_force,Unemployment rate (IMF WEO),2020,13.1
TUR,Türkiye,TUR.LUR.pcent_total_labor_force,Unemployment rate (IMF WEO),2021,12.0
TUR,Türkiye,TUR.LUR.pcent_total_labor_force,Unemployment rate (IMF WEO),2022,10.4
TUR,Türkiye,TUR.LUR.pcent_total_labor_force,Unemployment rate (IMF WEO),2023,9.4
TUR,Türkiye,TUR.LUR.pcent_total_labor_force,Unemployment rate (IMF WEO),2024,8.7
TUR,Türkiye,TUR.LUR.pcent_total_labor_force,Unemployment rate (IMF WEO),2025,9.361
TUR,Türkiye,TUR.LUR.pcent_total_labor_force,Unemployment rate (IMF WEO),2026,9.17
TUR,Türkiye,TUR.LUR.pcent_total_labor_force,Unemployment rate (IMF WEO),2027,9.015
TUR,Türkiye,TUR.LUR.pcent_total_labor_force,Unemployment rate (IMF WEO),2028,9.015
TUR,Türkiye,TUR.LUR.pcent_total_labor_force,Unemployment rate (IMF WEO),2029,9.015
TUR,Türkiye,TUR.LUR.pcent_total_labor_force,Unemployment rate (IMF WEO),2030,9.015
TWN,Taiwan,TWN.LUR.pcent_total_labor_force,Unemployment rate (IMF WEO),2015,3.78
TWN,Taiwan,TWN.LUR.pcent_total_labor_force,Unemployment rate (IMF WEO),2016,3.92
TWN,Taiwan,TWN.LUR.pcent_total_labor_force,Unemployment rate (IMF WEO),2017,3.76
TWN,Taiwan,TWN.LUR.pcent_total_labor_force,Unemployment rate (IMF WEO),2018,3.71
TWN,Taiwan,TWN.LUR.pcent_total_labor_force,Unemployment rate (IMF WEO),2019,3.73
TWN,Taiwan,TWN.LUR.pcent_total_labor_force,Unemployment rate (IMF WEO),2020,3.85
TWN,Taiwan,TWN.LUR.pcent_total_labor_force,Unemployment rate (IMF WEO),2021,3.95
TWN,Taiwan,TWN.LUR.pcent_total_labor_force,Unemployment rate (IMF WEO),2022,3.67
TWN,Taiwan,TWN.LUR.pcent_total_labor_force,Unemployment rate (IMF WEO),2023,3.48
TWN,Taiwan,TWN.LUR.pcent_total_labor_force,Unemployment rate (IMF WEO),2024,3.39
TWN,Taiwan,TWN.LUR.pcent_total_labor_force,Unemployment rate (IMF WEO),2025,3.39
TWN,Taiwan,TWN.LUR.pcent_total_labor_force,Unemployment rate (IMF WEO),2026,3.39
TWN,Taiwan,TWN.LUR.pcent_total_labor_force,Unemployment rate (IMF WEO),2027,3.39
TWN,Taiwan,TWN.LUR.pcent_total_labor_force,Unemployment rate (IMF WEO),2028,3.39
TWN,Taiwan,TWN.LUR.pcent_total_labor_force,Unemployment rate (IMF WEO),2029,3.39
TWN,Taiwan,TWN.LUR.pcent_total_labor_force,Unemployment rate (IMF WEO),2030,3.39
UGA,Uganda,UGA.LUR.pcent_total_labor_force,Unemployment rate (IMF WEO),2015,NA
UGA,Uganda,UGA.LUR.pcent_total_labor_force,Unemployment rate (IMF WEO),2016,NA
UGA,Uganda,UGA.LUR.pcent_total_labor_force,Unemployment rate (IMF WEO),2017,NA
UGA,Uganda,UGA.LUR.pcent_total_labor_force,Unemployment rate (IMF WEO),2018,NA
UGA,Uganda,UGA.LUR.pcent_total_labor_force,Unemployment rate (IMF WEO),2019,NA
UGA,Uganda,UGA.LUR.pcent_total_labor_force,Unemployment rate (IMF WEO),2020,NA
UGA,Uganda,UGA.LUR.pcent_total_labor_force,Unemployment rate (IMF WEO),2021,NA
UGA,Uganda,UGA.LUR.pcent_total_labor_force,Unemployment rate (IMF WEO),2022,NA
UGA,Uganda,UGA.LUR.pcent_total_labor_force,Unemployment rate (IMF WEO),2023,NA
UGA,Uganda,UGA.LUR.pcent_total_labor_force,Unemployment rate (IMF WEO),2024,NA
UGA,Uganda,UGA.LUR.pcent_total_labor_force,Unemployment rate (IMF WEO),2025,NA
UGA,Uganda,UGA.LUR.pcent_total_labor_force,Unemployment rate (IMF WEO),2026,NA
UGA,Uganda,UGA.LUR.pcent_total_labor_force,Unemployment rate (IMF WEO),2027,NA
UGA,Uganda,UGA.LUR.pcent_total_labor_force,Unemployment rate (IMF WEO),2028,NA
UGA,Uganda,UGA.LUR.pcent_total_labor_force,Unemployment rate (IMF WEO),2029,NA
UGA,Uganda,UGA.LUR.pcent_total_labor_force,Unemployment rate (IMF WEO),2030,NA
USA,United States,USA.LUR.pcent_total_labor_force,Unemployment rate (IMF WEO),2015,5.275
USA,United States,USA.LUR.pcent_total_labor_force,Unemployment rate (IMF WEO),2016,4.875
USA,United States,USA.LUR.pcent_total_labor_force,Unemployment rate (IMF WEO),2017,4.358
USA,United States,USA.LUR.pcent_total_labor_force,Unemployment rate (IMF WEO),2018,3.892
USA,United States,USA.LUR.pcent_total_labor_force,Unemployment rate (IMF WEO),2019,3.675
USA,United States,USA.LUR.pcent_total_labor_force,Unemployment rate (IMF WEO),2020,8.1
USA,United States,USA.LUR.pcent_total_labor_force,Unemployment rate (IMF WEO),2021,5.358
USA,United States,USA.LUR.pcent_total_labor_force,Unemployment rate (IMF WEO),2022,3.642
USA,United States,USA.LUR.pcent_total_labor_force,Unemployment rate (IMF WEO),2023,3.633
USA,United States,USA.LUR.pcent_total_labor_force,Unemployment rate (IMF WEO),2024,4.033
USA,United States,USA.LUR.pcent_total_labor_force,Unemployment rate (IMF WEO),2025,4.159
USA,United States,USA.LUR.pcent_total_labor_force,Unemployment rate (IMF WEO),2026,4.151
USA,United States,USA.LUR.pcent_total_labor_force,Unemployment rate (IMF WEO),2027,4.079
USA,United States,USA.LUR.pcent_total_labor_force,Unemployment rate (IMF WEO),2028,3.929
USA,United States,USA.LUR.pcent_total_labor_force,Unemployment rate (IMF WEO),2029,3.801
USA,United States,USA.LUR.pcent_total_labor_force,Unemployment rate (IMF WEO),2030,3.759
VNM,Vietnam,VNM.LUR.pcent_total_labor_force,Unemployment rate (IMF WEO),2015,2.33
VNM,Vietnam,VNM.LUR.pcent_total_labor_force,Unemployment rate (IMF WEO),2016,2.3
VNM,Vietnam,VNM.LUR.pcent_total_labor_force,Unemployment rate (IMF WEO),2017,2.24
VNM,Vietnam,VNM.LUR.pcent_total_labor_force,Unemployment rate (IMF WEO),2018,2.19
VNM,Vietnam,VNM.LUR.pcent_total_labor_force,Unemployment rate (IMF WEO),2019,2.17
VNM,Vietnam,VNM.LUR.pcent_total_labor_force,Unemployment rate (IMF WEO),2020,2.48
VNM,Vietnam,VNM.LUR.pcent_total_labor_force,Unemployment rate (IMF WEO),2021,3.2
VNM,Vietnam,VNM.LUR.pcent_total_labor_force,Unemployment rate (IMF WEO),2022,2.32
VNM,Vietnam,VNM.LUR.pcent_total_labor_force,Unemployment rate (IMF WEO),2023,2.3
VNM,Vietnam,VNM.LUR.pcent_total_labor_force,Unemployment rate (IMF WEO),2024,2.2
VNM,Vietnam,VNM.LUR.pcent_total_labor_force,Unemployment rate (IMF WEO),2025,2.03
VNM,Vietnam,VNM.LUR.pcent_total_labor_force,Unemployment rate (IMF WEO),2026,1.998
VNM,Vietnam,VNM.LUR.pcent_total_labor_force,Unemployment rate (IMF WEO),2027,1.965
VNM,Vietnam,VNM.LUR.pcent_total_labor_force,Unemployment rate (IMF WEO),2028,1.933
VNM,Vietnam,VNM.LUR.pcent_total_labor_force,Unemployment rate (IMF WEO),2029,1.933
VNM,Vietnam,VNM.LUR.pcent_total_labor_force,Unemployment rate (IMF WEO),2030,1.933
ZAF,South Africa,ZAF.LUR.pcent_total_labor_force,Unemployment rate (IMF WEO),2015,25.35
ZAF,South Africa,ZAF.LUR.pcent_total_labor_force,Unemployment rate (IMF WEO),2016,26.725
ZAF,South Africa,ZAF.LUR.pcent_total_labor_force,Unemployment rate (IMF WEO),2017,27.45
ZAF,South Africa,ZAF.LUR.pcent_total_labor_force,Unemployment rate (IMF WEO),2018,27.125
ZAF,South Africa,ZAF.LUR.pcent_total_labor_force,Unemployment rate (IMF WEO),2019,28.7
ZAF,South Africa,ZAF.LUR.pcent_total_labor_force,Unemployment rate (IMF WEO),2020,29.175
ZAF,South Africa,ZAF.LUR.pcent_total_labor_force,Unemployment rate (IMF WEO),2021,34.3
ZAF,South Africa,ZAF.LUR.pcent_total_labor_force,Unemployment rate (IMF WEO),2022,33.5
ZAF,South Africa,ZAF.LUR.pcent_total_labor_force,Unemployment rate (IMF WEO),2023,33.1
ZAF,South Africa,ZAF.LUR.pcent_total_labor_force,Unemployment rate (IMF WEO),2024,32.8
ZAF,South Africa,ZAF.LUR.pcent_total_labor_force,Unemployment rate (IMF WEO),2025,32.782
ZAF,South Africa,ZAF.LUR.pcent_total_labor_force,Unemployment rate (IMF WEO),2026,32.682
ZAF,South Africa,ZAF.LUR.pcent_total_labor_force,Unemployment rate (IMF WEO),2027,32.435
ZAF,South Africa,ZAF.LUR.pcent_total_labor_force,Unemployment rate (IMF WEO),2028,32.124
ZAF,South Africa,ZAF.LUR.pcent_total_labor_force,Unemployment rate (IMF WEO),2029,31.807
ZAF,South Africa,ZAF.LUR.pcent_total_labor_force,Unemployment rate (IMF WEO),2030,31.405
